{
      "empId" : 197,
      "firstName" : "Kevin",
      "lastName" : "Feeney",
      "title" : "Marketing Representative",
      "email" : "KFEENEY",
      "phone" : "650.507.9822",
      "mobile" : "650.507.9822",
      "address" : "2011 Main Street",
      "city" : "South San Francisco",
      "state" : "California",
      "country" : "US",
      "postal" : "94105",
      "twitter" : "Kevin",
      "facebook" : "Kevin",
      "google" : "Kevin",
      "linkedIn" : "Kevin",
      "hireDate" : "2010-01-01T00:00:00-08:00",
      "compRatio" : 52,
      "salary" : 8000.0,
      "bonus" : 1750.0,
      "commission" : 0.0,
      "rating" : 3,
      "potential" : 2,
      "deptId" : 20,
      "mgrId" : 124,
      "deptName" : "Marketing",
      "mgrFirstName" : "Kevin",
      "mgrLastName" : "Mourgos",
      "teamAvgRating" : 3.875,
      "empMeetings" : 0,
      "empEvents" : 0,
      "notifyApproved" : 3,
      "notifyWaiting" : 4,
      "notifyRejected" : 1,
      "groupSize" : 1,
      "groupAvgRating" : 3.0,
      "groupAvgPotential" : 2.0,
      "groupCompRatioAbove" : 0,
      "groupCompRatioIn" : 1,
      "groupCompRatioBelow" : 1,
      "groupMeetings" : 0,
      "groupEvents" : 0,
      "groupTrainings" : 1,
      "groupTimeOff" : 1,
      "comps" : [ {
         "bonus" : 1750,
         "comission" : 0,
         "compId" : 50189,
         "compRatio" : 52,
         "compSalary" : 8000,
         "effective" : "2015-05-13T00:00:00-07:00"
      }, {
         "bonus" : 1697.5,
         "comission" : 0,
         "compId" : 50190,
         "compRatio" : 23,
         "compSalary" : 7840,
         "effective" : "2014-06-16T00:00:00-07:00"
      }, {
         "bonus" : 1578.675,
         "comission" : 0,
         "compId" : 50191,
         "compRatio" : 37,
         "compSalary" : 7683.2,
         "effective" : "2013-10-20T00:00:00-07:00"
      }, {
         "bonus" : 1452.381,
         "comission" : 0,
         "compId" : 50192,
         "compRatio" : 47,
         "compSalary" : 7606.368,
         "effective" : "2012-03-18T00:00:00-07:00"
      }, {
         "bonus" : 1408.80957,
         "comission" : 0,
         "compId" : 50193,
         "compRatio" : 118,
         "compSalary" : 7226.0496,
         "effective" : "2011-08-18T00:00:00-07:00"
      }, {
         "bonus" : 1338.3690915,
         "comission" : 0,
         "compId" : 50194,
         "compRatio" : 71,
         "compSalary" : 6864.74712,
         "effective" : "2010-05-06T00:00:00-07:00"
      } ],
      "perfs" : [ {
         "effective" : "2010-01-15T00:00:00-08:00",
         "perfId" : 41930,
         "potential" : 2,
         "rating" : 2
      }, {
         "effective" : "2011-06-02T00:00:00-07:00",
         "perfId" : 41931,
         "potential" : 4,
         "rating" : 3
      }, {
         "effective" : "2012-04-15T00:00:00-07:00",
         "perfId" : 41932,
         "potential" : 5,
         "rating" : 3
      }, {
         "effective" : "2013-05-06T00:00:00-07:00",
         "perfId" : 41933,
         "potential" : 4,
         "rating" : 2
      }, {
         "effective" : "2014-09-04T00:00:00-07:00",
         "perfId" : 41934,
         "potential" : 4,
         "rating" : 2
      }, {
         "effective" : "2015-10-08T00:00:00-07:00",
         "perfId" : 41935,
         "potential" : 2,
         "rating" : 3
      } ],
      "skills" : [ {
         "empskillassignId" : 81059,
         "empskillassignRating" : 1,
         "skill" : {
            "skill" : "Java",
            "skillId" : 7
         }
      }, {
         "empskillassignId" : 81060,
         "empskillassignRating" : 3,
         "skill" : {
            "skill" : "Budgeting",
            "skillId" : 25
         }
      }, {
         "empskillassignId" : 81061,
         "empskillassignRating" : 4,
         "skill" : {
            "skill" : "HCM",
            "skillId" : 17
         }
      }, {
         "empskillassignId" : 81062,
         "empskillassignRating" : 4,
         "skill" : {
            "skill" : "Project Planning",
            "skillId" : 11
         }
      }, {
         "empskillassignId" : 81063,
         "empskillassignRating" : 1,
         "skill" : {
            "skill" : "Risk Analysis",
            "skillId" : 12
         }
      }, {
         "empskillassignId" : 81064,
         "empskillassignRating" : 2,
         "skill" : {
            "skill" : "CRM",
            "skillId" : 16
         }
      }, {
         "empskillassignId" : 81065,
         "empskillassignRating" : 2,
         "skill" : {
            "skill" : "Staffing",
            "skillId" : 24
         }
      }, {
         "empskillassignId" : 81066,
         "empskillassignRating" : 5,
         "skill" : {
            "skill" : "Estimation",
            "skillId" : 23
         }
      }, {
         "empskillassignId" : 81067,
         "empskillassignRating" : 2,
         "skill" : {
            "skill" : "Word",
            "skillId" : 4
         }
      }, {
         "empskillassignId" : 81068,
         "empskillassignRating" : 5,
         "skill" : {
            "skill" : "Javascript",
            "skillId" : 6
         }
      } ],
      "events" : [ {
         "color" : "#fbce4a",
         "description" : "Effective Mgmt",
         "end" : "2010-12-16T00:00:00-08:00",
         "eventId" : 147753,
         "name" : "Training",
         "start" : "2010-12-12T00:00:00-08:00",
         "type" : "3"
      }, {
         "color" : "#fbce4a",
         "description" : "Mobility",
         "end" : "2010-09-19T00:00:00-07:00",
         "eventId" : 147754,
         "name" : "Training",
         "start" : "2010-09-17T00:00:00-07:00",
         "type" : "3"
      }, {
         "color" : "#309fdb",
         "description" : "Foo Ltd",
         "end" : "2010-11-16T00:00:00-08:00",
         "eventId" : 147755,
         "name" : "Customer Meeting",
         "start" : "2010-11-11T00:00:00-08:00",
         "type" : "1"
      }, {
         "color" : "#309fdb",
         "description" : "Oracle",
         "end" : "2011-08-04T00:00:00-07:00",
         "eventId" : 147756,
         "name" : "Customer Meeting",
         "start" : "2011-08-02T00:00:00-07:00",
         "type" : "1"
      }, {
         "color" : "#ed813e",
         "description" : "Business Meeting",
         "end" : "2011-06-09T00:00:00-07:00",
         "eventId" : 147757,
         "name" : "Event",
         "start" : "2011-06-04T00:00:00-07:00",
         "type" : "2"
      }, {
         "color" : "#fbce4a",
         "description" : "Mobility",
         "end" : "2012-01-19T00:00:00-08:00",
         "eventId" : 147758,
         "name" : "Training",
         "start" : "2012-01-18T00:00:00-08:00",
         "type" : "3"
      }, {
         "color" : "#ed813e",
         "description" : "User Group Meetup",
         "end" : "2012-03-24T00:00:00-07:00",
         "eventId" : 147759,
         "name" : "Event",
         "start" : "2012-03-23T00:00:00-07:00",
         "type" : "2"
      }, {
         "color" : "#81bb5f",
         "description" : "Vacation",
         "end" : "2013-03-28T00:00:00-07:00",
         "eventId" : 147760,
         "name" : "Time Off",
         "start" : "2013-03-23T00:00:00-07:00",
         "type" : "4"
      }, {
         "color" : "#fbce4a",
         "description" : "ava Development",
         "end" : "2013-11-20T00:00:00-08:00",
         "eventId" : 147761,
         "name" : "Training",
         "start" : "2013-11-18T00:00:00-08:00",
         "type" : "3"
      }, {
         "color" : "#81bb5f",
         "description" : "Sick",
         "end" : "2014-01-08T00:00:00-08:00",
         "eventId" : 147762,
         "name" : "Time Off",
         "start" : "2014-01-06T00:00:00-08:00",
         "type" : "4"
      }, {
         "color" : "#309fdb",
         "description" : "DEF Inc",
         "end" : "2014-09-28T00:00:00-07:00",
         "eventId" : 147763,
         "name" : "Customer Meeting",
         "start" : "2014-09-27T00:00:00-07:00",
         "type" : "1"
      }, {
         "color" : "#81bb5f",
         "description" : "Bereavement",
         "end" : "2015-07-09T04:00:04-07:00",
         "eventId" : 147764,
         "name" : "Time Off",
         "start" : "2015-07-08T04:00:04-07:00",
         "type" : "4"
      }, {
         "color" : "#fbce4a",
         "description" : "Mobility",
         "end" : "2015-04-13T04:00:04-07:00",
         "eventId" : 147765,
         "name" : "Training",
         "start" : "2015-04-08T04:00:04-07:00",
         "type" : "3"
      } ],
      "colleaguePerfs" : [ {
         "effective" : "2015-12-18T00:00:00-08:00",
         "perfId" : 41348,
         "potential" : 3,
         "rating" : 5
      }, {
         "effective" : "2015-02-19T00:00:00-08:00",
         "perfId" : 41397,
         "potential" : 5,
         "rating" : 4
      }, {
         "effective" : "2015-03-21T00:00:00-07:00",
         "perfId" : 41480,
         "potential" : 5,
         "rating" : 2
      }, {
         "effective" : "2015-12-08T00:00:00-08:00",
         "perfId" : 41611,
         "potential" : 2,
         "rating" : 5
      }, {
         "effective" : "2015-01-19T00:00:00-08:00",
         "perfId" : 41635,
         "potential" : 4,
         "rating" : 3
      }, {
         "effective" : "2015-10-16T00:00:00-07:00",
         "perfId" : 41837,
         "potential" : 3,
         "rating" : 4
      }, {
         "effective" : "2015-10-08T00:00:00-07:00",
         "perfId" : 41935,
         "potential" : 2,
         "rating" : 3
      }, {
         "effective" : "2015-06-02T00:00:00-07:00",
         "perfId" : 41995,
         "potential" : 5,
         "rating" : 5
      } ],
      "reports" : [ ]
   }