{
      "empId" : 166,
      "firstName" : "Sundar",
      "lastName" : "Ande",
      "title" : "Finance Representative",
      "email" : "SANDE",
      "phone" : "011.44.1346.629268",
      "mobile" : "011.44.1346.629268",
      "address" : "Magdalen Centre The Oxford Science Park",
      "city" : "Oxford",
      "state" : "Oxford",
      "country" : "UK",
      "postal" : "OX9 9ZB",
      "twitter" : "Sundar",
      "facebook" : "Sundar",
      "google" : "Sundar",
      "linkedIn" : "Sundar",
      "hireDate" : "2004-09-14T00:00:00-07:00",
      "compRatio" : 53,
      "salary" : 8200.0,
      "bonus" : 1200.0,
      "commission" : 1000.0,
      "rating" : 4,
      "potential" : 4,
      "deptId" : 100,
      "mgrId" : 147,
      "deptName" : "Finance",
      "mgrFirstName" : "Allison",
      "mgrLastName" : "Errazuriz",
      "teamAvgRating" : 3.6666666666666665,
      "empMeetings" : 0,
      "empEvents" : 0,
      "notifyApproved" : 3,
      "notifyWaiting" : 4,
      "notifyRejected" : 1,
      "groupSize" : 1,
      "groupAvgRating" : 4.0,
      "groupAvgPotential" : 4.0,
      "groupCompRatioAbove" : 0,
      "groupCompRatioIn" : 1,
      "groupCompRatioBelow" : 1,
      "groupMeetings" : 1,
      "groupEvents" : 0,
      "groupTrainings" : 1,
      "groupTimeOff" : 1,
      "comps" : [ {
         "bonus" : 1200,
         "comission" : 1000,
         "compId" : 50146,
         "compRatio" : 53,
         "compSalary" : 8200,
         "effective" : "2015-07-09T00:00:00-07:00"
      }, {
         "bonus" : 1164,
         "comission" : 950,
         "compId" : 50147,
         "compRatio" : 78,
         "compSalary" : 8118,
         "effective" : "2014-09-11T00:00:00-07:00"
      }, {
         "bonus" : 1117.44,
         "comission" : 883.5,
         "compId" : 50148,
         "compRatio" : 80,
         "compSalary" : 7955.64,
         "effective" : "2013-04-14T00:00:00-07:00"
      }, {
         "bonus" : 1061.568,
         "comission" : 812.82,
         "compId" : 50149,
         "compRatio" : 13,
         "compSalary" : 7876.0836,
         "effective" : "2012-08-13T00:00:00-07:00"
      }, {
         "bonus" : 955.4112,
         "comission" : 755.9226,
         "compId" : 50150,
         "compRatio" : 22,
         "compSalary" : 7561.040256,
         "effective" : "2011-11-16T00:00:00-08:00"
      }, {
         "bonus" : 859.87008,
         "comission" : 680.33034,
         "compId" : 50151,
         "compRatio" : 96,
         "compSalary" : 7334.20904832,
         "effective" : "2010-08-13T00:00:00-07:00"
      }, {
         "bonus" : 791.0804736,
         "comission" : 639.5105196,
         "compId" : 50152,
         "compRatio" : 71,
         "compSalary" : 7187.5248673536,
         "effective" : "2009-07-04T00:00:00-07:00"
      }, {
         "bonus" : 711.97242624,
         "comission" : 607.53499362,
         "compId" : 50153,
         "compRatio" : 120,
         "compSalary" : 6828.14862398592,
         "effective" : "2008-10-04T00:00:00-07:00"
      }, {
         "bonus" : 662.1343564032,
         "comission" : 552.8568441942,
         "compId" : 50154,
         "compRatio" : 69,
         "compSalary" : 6623.3041652663424,
         "effective" : "2007-01-11T00:00:00-08:00"
      }, {
         "bonus" : 655.513012839168,
         "comission" : 508.628296658664,
         "compId" : 50155,
         "compRatio" : 106,
         "compSalary" : 6490.838081961015552,
         "effective" : "2006-10-12T00:00:00-07:00"
      }, {
         "bonus" : 616.18223206881792,
         "comission" : 478.11059885914416,
         "compId" : 50156,
         "compRatio" : 103,
         "compSalary" : 6231.20455868257492992,
         "effective" : "2005-12-09T00:00:00-08:00"
      }, {
         "bonus" : 579.2112981446888448,
         "comission" : 454.205068916186952,
         "compId" : 50157,
         "compRatio" : 80,
         "compSalary" : 6044.2684219220976820224,
         "effective" : "2004-10-22T00:00:00-07:00"
      } ],
      "perfs" : [ {
         "effective" : "2004-05-05T00:00:00-07:00",
         "perfId" : 41887,
         "potential" : 5,
         "rating" : 3
      }, {
         "effective" : "2005-10-17T00:00:00-07:00",
         "perfId" : 41888,
         "potential" : 3,
         "rating" : 3
      }, {
         "effective" : "2006-06-27T00:00:00-07:00",
         "perfId" : 41889,
         "potential" : 3,
         "rating" : 3
      }, {
         "effective" : "2007-05-04T00:00:00-07:00",
         "perfId" : 41890,
         "potential" : 4,
         "rating" : 5
      }, {
         "effective" : "2008-04-23T00:00:00-07:00",
         "perfId" : 41891,
         "potential" : 4,
         "rating" : 5
      }, {
         "effective" : "2009-04-19T00:00:00-07:00",
         "perfId" : 41892,
         "potential" : 5,
         "rating" : 4
      }, {
         "effective" : "2010-07-26T00:00:00-07:00",
         "perfId" : 41893,
         "potential" : 5,
         "rating" : 2
      }, {
         "effective" : "2011-05-21T00:00:00-07:00",
         "perfId" : 41894,
         "potential" : 4,
         "rating" : 4
      }, {
         "effective" : "2012-06-21T00:00:00-07:00",
         "perfId" : 41895,
         "potential" : 4,
         "rating" : 4
      }, {
         "effective" : "2013-06-17T00:00:00-07:00",
         "perfId" : 41896,
         "potential" : 5,
         "rating" : 3
      }, {
         "effective" : "2014-01-20T00:00:00-08:00",
         "perfId" : 41897,
         "potential" : 5,
         "rating" : 3
      }, {
         "effective" : "2015-08-04T00:00:00-07:00",
         "perfId" : 41898,
         "potential" : 4,
         "rating" : 4
      } ],
      "skills" : [ {
         "empskillassignId" : 81003,
         "empskillassignRating" : 1,
         "skill" : {
            "skill" : "CRM",
            "skillId" : 16
         }
      }, {
         "empskillassignId" : 81004,
         "empskillassignRating" : 3,
         "skill" : {
            "skill" : "Corporate Tax",
            "skillDescription" : "Corporate Tax",
            "skillId" : 2
         }
      }, {
         "empskillassignId" : 81005,
         "empskillassignRating" : 3,
         "skill" : {
            "skill" : "Bookeeping",
            "skillDescription" : "Bookeeping",
            "skillId" : 1
         }
      }, {
         "empskillassignId" : 81006,
         "empskillassignRating" : 2,
         "skill" : {
            "skill" : "Strategy",
            "skillId" : 22
         }
      }, {
         "empskillassignId" : 81007,
         "empskillassignRating" : 2,
         "skill" : {
            "skill" : "Excel",
            "skillId" : 3
         }
      }, {
         "empskillassignId" : 81008,
         "empskillassignRating" : 3,
         "skill" : {
            "skill" : "Outsourcing",
            "skillId" : 20
         }
      }, {
         "empskillassignId" : 81009,
         "empskillassignRating" : 3,
         "skill" : {
            "skill" : "Recruiting",
            "skillId" : 13
         }
      }, {
         "empskillassignId" : 81010,
         "empskillassignRating" : 2,
         "skill" : {
            "skill" : "Budgeting",
            "skillId" : 25
         }
      }, {
         "empskillassignId" : 81011,
         "empskillassignRating" : 1,
         "skill" : {
            "skill" : "HCM",
            "skillId" : 17
         }
      }, {
         "empskillassignId" : 81012,
         "empskillassignRating" : 2,
         "skill" : {
            "skill" : "Engineering",
            "skillId" : 19
         }
      }, {
         "empskillassignId" : 81013,
         "empskillassignRating" : 1,
         "skill" : {
            "skill" : "Risk Analysis",
            "skillId" : 12
         }
      } ],
      "events" : [ {
         "color" : "#fbce4a",
         "description" : "ava Development",
         "end" : "2004-08-29T00:00:00-07:00",
         "eventId" : 147619,
         "name" : "Training",
         "start" : "2004-08-25T00:00:00-07:00",
         "type" : "3"
      }, {
         "color" : "#ed813e",
         "description" : "Business Meeting",
         "end" : "2004-02-29T00:00:00-08:00",
         "eventId" : 147620,
         "name" : "Event",
         "start" : "2004-02-26T00:00:00-08:00",
         "type" : "2"
      }, {
         "color" : "#fbce4a",
         "description" : "iOS Development",
         "end" : "2005-09-05T00:00:00-07:00",
         "eventId" : 147621,
         "name" : "Training",
         "start" : "2005-09-03T00:00:00-07:00",
         "type" : "3"
      }, {
         "color" : "#fbce4a",
         "description" : "Mgr Essentials",
         "end" : "2005-03-23T00:00:00-08:00",
         "eventId" : 147622,
         "name" : "Training",
         "start" : "2005-03-20T00:00:00-08:00",
         "type" : "3"
      }, {
         "color" : "#309fdb",
         "description" : "CCC Enterprises",
         "end" : "2005-08-31T00:00:00-07:00",
         "eventId" : 147623,
         "name" : "Customer Meeting",
         "start" : "2005-08-27T00:00:00-07:00",
         "type" : "1"
      }, {
         "color" : "#fbce4a",
         "description" : "Ethics",
         "end" : "2005-06-25T00:00:00-07:00",
         "eventId" : 147624,
         "name" : "Training",
         "start" : "2005-06-21T00:00:00-07:00",
         "type" : "3"
      }, {
         "color" : "#fbce4a",
         "description" : "Sales",
         "end" : "2006-09-19T00:00:00-07:00",
         "eventId" : 147625,
         "name" : "Training",
         "start" : "2006-09-17T00:00:00-07:00",
         "type" : "3"
      }, {
         "color" : "#fbce4a",
         "description" : "Mobility",
         "end" : "2006-08-19T00:00:00-07:00",
         "eventId" : 147626,
         "name" : "Training",
         "start" : "2006-08-18T00:00:00-07:00",
         "type" : "3"
      }, {
         "color" : "#fbce4a",
         "description" : "Sales",
         "end" : "2006-07-27T00:00:00-07:00",
         "eventId" : 147627,
         "name" : "Training",
         "start" : "2006-07-26T00:00:00-07:00",
         "type" : "3"
      }, {
         "color" : "#ed813e",
         "description" : "Sales Convention",
         "end" : "2006-05-08T00:00:00-07:00",
         "eventId" : 147628,
         "name" : "Event",
         "start" : "2006-05-03T00:00:00-07:00",
         "type" : "2"
      }, {
         "color" : "#81bb5f",
         "description" : "Sick",
         "end" : "2007-07-09T00:00:00-07:00",
         "eventId" : 147629,
         "name" : "Time Off",
         "start" : "2007-07-08T00:00:00-07:00",
         "type" : "4"
      }, {
         "color" : "#309fdb",
         "description" : "Foo Ltd",
         "end" : "2007-01-18T00:00:00-08:00",
         "eventId" : 147630,
         "name" : "Customer Meeting",
         "start" : "2007-01-17T00:00:00-08:00",
         "type" : "1"
      }, {
         "color" : "#ed813e",
         "description" : "Business Meeting",
         "end" : "2007-06-11T00:00:00-07:00",
         "eventId" : 147631,
         "name" : "Event",
         "start" : "2007-06-06T00:00:00-07:00",
         "type" : "2"
      }, {
         "color" : "#ed813e",
         "description" : "Winner's Circle",
         "end" : "2007-11-12T00:00:00-08:00",
         "eventId" : 147632,
         "name" : "Event",
         "start" : "2007-11-11T00:00:00-08:00",
         "type" : "2"
      }, {
         "color" : "#309fdb",
         "description" : "XYZ Systems",
         "end" : "2008-12-21T00:00:00-08:00",
         "eventId" : 147633,
         "name" : "Customer Meeting",
         "start" : "2008-12-20T00:00:00-08:00",
         "type" : "1"
      }, {
         "color" : "#309fdb",
         "description" : "Acme Ent",
         "end" : "2008-09-04T00:00:00-07:00",
         "eventId" : 147634,
         "name" : "Customer Meeting",
         "start" : "2008-09-02T00:00:00-07:00",
         "type" : "1"
      }, {
         "color" : "#81bb5f",
         "description" : "Sick",
         "end" : "2008-06-26T00:00:00-07:00",
         "eventId" : 147635,
         "name" : "Time Off",
         "start" : "2008-06-22T00:00:00-07:00",
         "type" : "4"
      }, {
         "color" : "#81bb5f",
         "description" : "Sick",
         "end" : "2008-05-13T00:00:00-07:00",
         "eventId" : 147636,
         "name" : "Time Off",
         "start" : "2008-05-10T00:00:00-07:00",
         "type" : "4"
      }, {
         "color" : "#fbce4a",
         "description" : "iOS Development",
         "end" : "2009-10-16T00:00:00-07:00",
         "eventId" : 147637,
         "name" : "Training",
         "start" : "2009-10-11T00:00:00-07:00",
         "type" : "3"
      }, {
         "color" : "#ed813e",
         "description" : "Feedback Session",
         "end" : "2009-10-11T00:00:00-07:00",
         "eventId" : 147638,
         "name" : "Event",
         "start" : "2009-10-09T00:00:00-07:00",
         "type" : "2"
      }, {
         "color" : "#81bb5f",
         "description" : "Bereavement",
         "end" : "2010-09-26T00:00:00-07:00",
         "eventId" : 147639,
         "name" : "Time Off",
         "start" : "2010-09-22T00:00:00-07:00",
         "type" : "4"
      }, {
         "color" : "#ed813e",
         "description" : "Business Meeting",
         "end" : "2010-03-16T00:00:00-07:00",
         "eventId" : 147640,
         "name" : "Event",
         "start" : "2010-03-12T00:00:00-08:00",
         "type" : "2"
      }, {
         "color" : "#fbce4a",
         "description" : "Ethics",
         "end" : "2011-07-14T00:00:00-07:00",
         "eventId" : 147641,
         "name" : "Training",
         "start" : "2011-07-09T00:00:00-07:00",
         "type" : "3"
      }, {
         "color" : "#ed813e",
         "description" : "Customer Advisory Board",
         "end" : "2011-12-02T00:00:00-08:00",
         "eventId" : 147642,
         "name" : "Event",
         "start" : "2011-11-27T00:00:00-08:00",
         "type" : "2"
      }, {
         "color" : "#fbce4a",
         "description" : "ava Development",
         "end" : "2012-11-15T00:00:00-08:00",
         "eventId" : 147643,
         "name" : "Training",
         "start" : "2012-11-11T00:00:00-08:00",
         "type" : "3"
      }, {
         "color" : "#81bb5f",
         "description" : "Sick",
         "end" : "2012-05-02T00:00:00-07:00",
         "eventId" : 147644,
         "name" : "Time Off",
         "start" : "2012-04-27T00:00:00-07:00",
         "type" : "4"
      }, {
         "color" : "#309fdb",
         "description" : "Oracle",
         "end" : "2012-04-04T00:00:00-07:00",
         "eventId" : 147645,
         "name" : "Customer Meeting",
         "start" : "2012-04-03T00:00:00-07:00",
         "type" : "1"
      }, {
         "color" : "#fbce4a",
         "description" : "Mgr Essentials",
         "end" : "2012-03-08T00:00:00-08:00",
         "eventId" : 147646,
         "name" : "Training",
         "start" : "2012-03-05T00:00:00-08:00",
         "type" : "3"
      }, {
         "color" : "#ed813e",
         "description" : "Trade Show",
         "end" : "2013-12-26T00:00:00-08:00",
         "eventId" : 147647,
         "name" : "Event",
         "start" : "2013-12-22T00:00:00-08:00",
         "type" : "2"
      }, {
         "color" : "#fbce4a",
         "description" : "Ethics",
         "end" : "2013-12-20T00:00:00-08:00",
         "eventId" : 147648,
         "name" : "Training",
         "start" : "2013-12-19T00:00:00-08:00",
         "type" : "3"
      }, {
         "color" : "#81bb5f",
         "description" : "Bereavement",
         "end" : "2013-09-09T00:00:00-07:00",
         "eventId" : 147649,
         "name" : "Time Off",
         "start" : "2013-09-07T00:00:00-07:00",
         "type" : "4"
      }, {
         "color" : "#fbce4a",
         "description" : "Mgr Essentials",
         "end" : "2013-09-25T00:00:00-07:00",
         "eventId" : 147650,
         "name" : "Training",
         "start" : "2013-09-24T00:00:00-07:00",
         "type" : "3"
      }, {
         "color" : "#309fdb",
         "description" : "AAA Inc",
         "end" : "2014-08-14T00:00:00-07:00",
         "eventId" : 147651,
         "name" : "Customer Meeting",
         "start" : "2014-08-13T00:00:00-07:00",
         "type" : "1"
      }, {
         "color" : "#ed813e",
         "description" : "Development Convention",
         "end" : "2014-06-09T00:00:00-07:00",
         "eventId" : 147652,
         "name" : "Event",
         "start" : "2014-06-05T00:00:00-07:00",
         "type" : "2"
      }, {
         "color" : "#ed813e",
         "description" : "Feedback Session",
         "end" : "2014-09-15T00:00:00-07:00",
         "eventId" : 147653,
         "name" : "Event",
         "start" : "2014-09-13T00:00:00-07:00",
         "type" : "2"
      }, {
         "color" : "#fbce4a",
         "description" : "iOS Development",
         "end" : "2015-06-22T04:00:04-07:00",
         "eventId" : 147654,
         "name" : "Training",
         "start" : "2015-06-19T04:00:04-07:00",
         "type" : "3"
      }, {
         "color" : "#309fdb",
         "description" : "DEF Inc",
         "end" : "2015-06-27T04:00:04-07:00",
         "eventId" : 147655,
         "name" : "Customer Meeting",
         "start" : "2015-06-25T04:00:04-07:00",
         "type" : "1"
      }, {
         "color" : "#81bb5f",
         "description" : "Bereavement",
         "end" : "2015-04-26T04:00:04-07:00",
         "eventId" : 147656,
         "name" : "Time Off",
         "start" : "2015-04-21T04:00:04-07:00",
         "type" : "4"
      } ],
      "colleaguePerfs" : [ {
         "effective" : "2015-04-03T00:00:00-07:00",
         "perfId" : 41292,
         "potential" : 2,
         "rating" : 4
      }, {
         "effective" : "2015-05-04T00:00:00-07:00",
         "perfId" : 41341,
         "potential" : 5,
         "rating" : 2
      }, {
         "effective" : "2015-06-18T00:00:00-07:00",
         "perfId" : 41619,
         "potential" : 5,
         "rating" : 4
      }, {
         "effective" : "2015-02-03T00:00:00-08:00",
         "perfId" : 41730,
         "potential" : 2,
         "rating" : 4
      }, {
         "effective" : "2015-08-04T00:00:00-07:00",
         "perfId" : 41898,
         "potential" : 4,
         "rating" : 4
      }, {
         "effective" : "2015-06-21T00:00:00-07:00",
         "perfId" : 42008,
         "potential" : 4,
         "rating" : 4
      } ],
      "reports" : [ ]
   }