{
      "empId" : 194,
      "firstName" : "Samuel",
      "lastName" : "McCain",
      "title" : "Shipping Clerk",
      "email" : "SMCCAIN",
      "phone" : "650.501.3876",
      "mobile" : "650.501.3876",
      "address" : "2011 Main Street",
      "city" : "South San Francisco",
      "state" : "California",
      "country" : "US",
      "postal" : "94105",
      "twitter" : "Samuel",
      "facebook" : "Samuel",
      "google" : "Samuel",
      "linkedIn" : "Samuel",
      "hireDate" : "2006-07-14T00:00:00-07:00",
      "compRatio" : 51,
      "salary" : 6200.0,
      "bonus" : 800.0,
      "commission" : 0.0,
      "rating" : 5,
      "potential" : 4,
      "deptId" : 50,
      "mgrId" : 123,
      "deptName" : "Shipping",
      "mgrFirstName" : "Shanta",
      "mgrLastName" : "Vollman",
      "teamAvgRating" : 3.5,
      "empMeetings" : 0,
      "empEvents" : 1,
      "notifyApproved" : 3,
      "notifyWaiting" : 4,
      "notifyRejected" : 1,
      "groupSize" : 1,
      "groupAvgRating" : 5.0,
      "groupAvgPotential" : 4.0,
      "groupCompRatioAbove" : 0,
      "groupCompRatioIn" : 1,
      "groupCompRatioBelow" : 1,
      "groupMeetings" : 0,
      "groupEvents" : 1,
      "groupTrainings" : 1,
      "groupTimeOff" : 1,
      "comps" : [ {
         "bonus" : 800,
         "comission" : 0,
         "compId" : 49608,
         "compRatio" : 51,
         "compSalary" : 6200,
         "effective" : "2015-02-17T00:00:00-08:00"
      }, {
         "bonus" : 768,
         "comission" : 0,
         "compId" : 49609,
         "compRatio" : 89,
         "compSalary" : 5952,
         "effective" : "2014-01-18T00:00:00-08:00"
      }, {
         "bonus" : 698.88,
         "comission" : 0,
         "compId" : 49610,
         "compRatio" : 2,
         "compSalary" : 5892.48,
         "effective" : "2013-03-03T00:00:00-08:00"
      }, {
         "bonus" : 663.936,
         "comission" : 0,
         "compId" : 49611,
         "compRatio" : 69,
         "compSalary" : 5833.5552,
         "effective" : "2012-03-13T00:00:00-07:00"
      }, {
         "bonus" : 657.29664,
         "comission" : 0,
         "compId" : 49612,
         "compRatio" : 64,
         "compSalary" : 5658.548544,
         "effective" : "2011-06-24T00:00:00-07:00"
      }, {
         "bonus" : 591.566976,
         "comission" : 0,
         "compId" : 49613,
         "compRatio" : 12,
         "compSalary" : 5432.20660224,
         "effective" : "2010-01-17T00:00:00-08:00"
      }, {
         "bonus" : 550.15728768,
         "comission" : 0,
         "compId" : 49614,
         "compRatio" : 78,
         "compSalary" : 5269.2404041728,
         "effective" : "2009-05-07T00:00:00-07:00"
      }, {
         "bonus" : 495.141558912,
         "comission" : 0,
         "compId" : 49615,
         "compRatio" : 95,
         "compSalary" : 5058.470788005888,
         "effective" : "2008-09-05T00:00:00-07:00"
      }, {
         "bonus" : 485.23872773376,
         "comission" : 0,
         "compId" : 49616,
         "compRatio" : 14,
         "compSalary" : 4856.13195648565248,
         "effective" : "2007-03-09T00:00:00-08:00"
      }, {
         "bonus" : 460.976791347072,
         "comission" : 0,
         "compId" : 49617,
         "compRatio" : 55,
         "compSalary" : 4613.325358661369856,
         "effective" : "2006-11-17T00:00:00-08:00"
      } ],
      "perfs" : [ {
         "effective" : "2006-08-15T00:00:00-07:00",
         "perfId" : 41349,
         "potential" : 5,
         "rating" : 3
      }, {
         "effective" : "2007-06-13T00:00:00-07:00",
         "perfId" : 41350,
         "potential" : 4,
         "rating" : 4
      }, {
         "effective" : "2008-10-17T00:00:00-07:00",
         "perfId" : 41351,
         "potential" : 5,
         "rating" : 5
      }, {
         "effective" : "2009-11-12T00:00:00-08:00",
         "perfId" : 41352,
         "potential" : 5,
         "rating" : 2
      }, {
         "effective" : "2010-01-24T00:00:00-08:00",
         "perfId" : 41353,
         "potential" : 3,
         "rating" : 5
      }, {
         "effective" : "2011-04-05T00:00:00-07:00",
         "perfId" : 41354,
         "potential" : 5,
         "rating" : 3
      }, {
         "effective" : "2012-12-25T00:00:00-08:00",
         "perfId" : 41355,
         "potential" : 5,
         "rating" : 4
      }, {
         "effective" : "2013-07-09T00:00:00-07:00",
         "perfId" : 41356,
         "potential" : 2,
         "rating" : 5
      }, {
         "effective" : "2014-07-13T00:00:00-07:00",
         "perfId" : 41357,
         "potential" : 4,
         "rating" : 2
      }, {
         "effective" : "2015-10-08T00:00:00-07:00",
         "perfId" : 41358,
         "potential" : 4,
         "rating" : 5
      } ],
      "skills" : [ {
         "empskillassignId" : 80233,
         "empskillassignRating" : 2,
         "skill" : {
            "skill" : "Risk Analysis",
            "skillId" : 12
         }
      }, {
         "empskillassignId" : 80234,
         "empskillassignRating" : 2,
         "skill" : {
            "skill" : "Human Resources",
            "skillId" : 18
         }
      }, {
         "empskillassignId" : 80235,
         "empskillassignRating" : 5,
         "skill" : {
            "skill" : "Estimation",
            "skillId" : 23
         }
      }, {
         "empskillassignId" : 80236,
         "empskillassignRating" : 4,
         "skill" : {
            "skill" : "Statistics",
            "skillId" : 5
         }
      }, {
         "empskillassignId" : 80237,
         "empskillassignRating" : 4,
         "skill" : {
            "skill" : "Corporate Tax",
            "skillDescription" : "Corporate Tax",
            "skillId" : 2
         }
      }, {
         "empskillassignId" : 80238,
         "empskillassignRating" : 5,
         "skill" : {
            "skill" : "Recruiting",
            "skillId" : 13
         }
      }, {
         "empskillassignId" : 80239,
         "empskillassignRating" : 4,
         "skill" : {
            "skill" : "Staffing",
            "skillId" : 24
         }
      }, {
         "empskillassignId" : 80240,
         "empskillassignRating" : 3,
         "skill" : {
            "skill" : "Budgeting",
            "skillId" : 25
         }
      }, {
         "empskillassignId" : 80241,
         "empskillassignRating" : 4,
         "skill" : {
            "skill" : "Analytics",
            "skillId" : 8
         }
      } ],
      "events" : [ {
         "color" : "#fbce4a",
         "description" : "ava Development",
         "end" : "2011-01-13T00:00:00-08:00",
         "eventId" : 146029,
         "name" : "Training",
         "start" : "2011-01-11T00:00:00-08:00",
         "type" : "3"
      }, {
         "color" : "#fbce4a",
         "description" : "Mobility",
         "end" : "2012-08-17T00:00:00-07:00",
         "eventId" : 146030,
         "name" : "Training",
         "start" : "2012-08-16T00:00:00-07:00",
         "type" : "3"
      }, {
         "color" : "#fbce4a",
         "description" : "iOS Development",
         "end" : "2012-09-27T00:00:00-07:00",
         "eventId" : 146031,
         "name" : "Training",
         "start" : "2012-09-26T00:00:00-07:00",
         "type" : "3"
      }, {
         "color" : "#fbce4a",
         "description" : "Effective Mgmt",
         "end" : "2012-08-15T00:00:00-07:00",
         "eventId" : 146032,
         "name" : "Training",
         "start" : "2012-08-13T00:00:00-07:00",
         "type" : "3"
      }, {
         "color" : "#309fdb",
         "description" : "Acme Ent",
         "end" : "2012-06-29T00:00:00-07:00",
         "eventId" : 146033,
         "name" : "Customer Meeting",
         "start" : "2012-06-26T00:00:00-07:00",
         "type" : "1"
      }, {
         "color" : "#ed813e",
         "description" : "User Group Meetup",
         "end" : "2013-11-03T00:00:00-07:00",
         "eventId" : 146034,
         "name" : "Event",
         "start" : "2013-11-02T00:00:00-07:00",
         "type" : "2"
      }, {
         "color" : "#309fdb",
         "description" : "BBB Ltd",
         "end" : "2013-07-08T00:00:00-07:00",
         "eventId" : 146035,
         "name" : "Customer Meeting",
         "start" : "2013-07-06T00:00:00-07:00",
         "type" : "1"
      }, {
         "color" : "#81bb5f",
         "description" : "Vacation",
         "end" : "2013-05-05T00:00:00-07:00",
         "eventId" : 146036,
         "name" : "Time Off",
         "start" : "2013-05-04T00:00:00-07:00",
         "type" : "4"
      }, {
         "color" : "#ed813e",
         "description" : "Design Awards",
         "end" : "2014-12-28T00:00:00-08:00",
         "eventId" : 146037,
         "name" : "Event",
         "start" : "2014-12-24T00:00:00-08:00",
         "type" : "2"
      }, {
         "color" : "#309fdb",
         "description" : "DEF Inc",
         "end" : "2014-07-08T00:00:00-07:00",
         "eventId" : 146038,
         "name" : "Customer Meeting",
         "start" : "2014-07-05T00:00:00-07:00",
         "type" : "1"
      }, {
         "color" : "#81bb5f",
         "description" : "Sick",
         "end" : "2015-04-23T04:00:03-07:00",
         "eventId" : 146039,
         "name" : "Time Off",
         "start" : "2015-04-20T04:00:03-07:00",
         "type" : "4"
      }, {
         "color" : "#fbce4a",
         "description" : "iOS Development",
         "end" : "2015-06-30T04:00:03-07:00",
         "eventId" : 146040,
         "name" : "Training",
         "start" : "2015-06-26T04:00:03-07:00",
         "type" : "3"
      }, {
         "color" : "#ed813e",
         "description" : "Customer Advisory Board",
         "end" : "2015-04-28T04:00:03-07:00",
         "eventId" : 146041,
         "name" : "Event",
         "start" : "2015-04-24T04:00:03-07:00",
         "type" : "2"
      }, {
         "color" : "#81bb5f",
         "description" : "Vacation",
         "end" : "2006-12-08T00:00:00-08:00",
         "eventId" : 146010,
         "name" : "Time Off",
         "start" : "2006-12-07T00:00:00-08:00",
         "type" : "4"
      }, {
         "color" : "#ed813e",
         "description" : "StockHolder's Meeting",
         "end" : "2006-08-28T00:00:00-07:00",
         "eventId" : 146011,
         "name" : "Event",
         "start" : "2006-08-27T00:00:00-07:00",
         "type" : "2"
      }, {
         "color" : "#81bb5f",
         "description" : "Vacation",
         "end" : "2006-07-20T00:00:00-07:00",
         "eventId" : 146012,
         "name" : "Time Off",
         "start" : "2006-07-15T00:00:00-07:00",
         "type" : "4"
      }, {
         "color" : "#309fdb",
         "description" : "Acme Ent",
         "end" : "2006-10-19T00:00:00-07:00",
         "eventId" : 146013,
         "name" : "Customer Meeting",
         "start" : "2006-10-18T00:00:00-07:00",
         "type" : "1"
      }, {
         "color" : "#fbce4a",
         "description" : "Sales",
         "end" : "2007-01-07T00:00:00-08:00",
         "eventId" : 146014,
         "name" : "Training",
         "start" : "2007-01-05T00:00:00-08:00",
         "type" : "3"
      }, {
         "color" : "#309fdb",
         "description" : "Bar Inc",
         "end" : "2007-01-25T00:00:00-08:00",
         "eventId" : 146015,
         "name" : "Customer Meeting",
         "start" : "2007-01-22T00:00:00-08:00",
         "type" : "1"
      }, {
         "color" : "#309fdb",
         "description" : "XYZ Systems",
         "end" : "2007-08-18T00:00:00-07:00",
         "eventId" : 146016,
         "name" : "Customer Meeting",
         "start" : "2007-08-14T00:00:00-07:00",
         "type" : "1"
      }, {
         "color" : "#81bb5f",
         "description" : "Sick",
         "end" : "2008-03-15T00:00:00-07:00",
         "eventId" : 146017,
         "name" : "Time Off",
         "start" : "2008-03-12T00:00:00-07:00",
         "type" : "4"
      }, {
         "color" : "#309fdb",
         "description" : "Bar Inc",
         "end" : "2008-02-03T00:00:00-08:00",
         "eventId" : 146018,
         "name" : "Customer Meeting",
         "start" : "2008-02-01T00:00:00-08:00",
         "type" : "1"
      }, {
         "color" : "#fbce4a",
         "description" : "Mgr Essentials",
         "end" : "2008-06-12T00:00:00-07:00",
         "eventId" : 146019,
         "name" : "Training",
         "start" : "2008-06-11T00:00:00-07:00",
         "type" : "3"
      }, {
         "color" : "#81bb5f",
         "description" : "Bereavement",
         "end" : "2009-12-20T00:00:00-08:00",
         "eventId" : 146020,
         "name" : "Time Off",
         "start" : "2009-12-19T00:00:00-08:00",
         "type" : "4"
      }, {
         "color" : "#ed813e",
         "description" : "Sales Convention",
         "end" : "2009-03-09T00:00:00-07:00",
         "eventId" : 146021,
         "name" : "Event",
         "start" : "2009-03-05T00:00:00-08:00",
         "type" : "2"
      }, {
         "color" : "#81bb5f",
         "description" : "Sick",
         "end" : "2009-05-08T00:00:00-07:00",
         "eventId" : 146022,
         "name" : "Time Off",
         "start" : "2009-05-06T00:00:00-07:00",
         "type" : "4"
      }, {
         "color" : "#ed813e",
         "description" : "StockHolder's Meeting",
         "end" : "2009-05-15T00:00:00-07:00",
         "eventId" : 146023,
         "name" : "Event",
         "start" : "2009-05-13T00:00:00-07:00",
         "type" : "2"
      }, {
         "color" : "#ed813e",
         "description" : "StockHolder's Meeting",
         "end" : "2010-07-20T00:00:00-07:00",
         "eventId" : 146024,
         "name" : "Event",
         "start" : "2010-07-17T00:00:00-07:00",
         "type" : "2"
      }, {
         "color" : "#309fdb",
         "description" : "DEF Inc",
         "end" : "2010-07-12T00:00:00-07:00",
         "eventId" : 146025,
         "name" : "Customer Meeting",
         "start" : "2010-07-08T00:00:00-07:00",
         "type" : "1"
      }, {
         "color" : "#81bb5f",
         "description" : "Sick",
         "end" : "2010-01-23T00:00:00-08:00",
         "eventId" : 146026,
         "name" : "Time Off",
         "start" : "2010-01-19T00:00:00-08:00",
         "type" : "4"
      }, {
         "color" : "#81bb5f",
         "description" : "Bereavement",
         "end" : "2010-11-04T00:00:00-07:00",
         "eventId" : 146027,
         "name" : "Time Off",
         "start" : "2010-11-01T00:00:00-07:00",
         "type" : "4"
      }, {
         "color" : "#309fdb",
         "description" : "XYZ Systems",
         "end" : "2011-06-15T00:00:00-07:00",
         "eventId" : 146028,
         "name" : "Customer Meeting",
         "start" : "2011-06-12T00:00:00-07:00",
         "type" : "1"
      } ],
      "colleaguePerfs" : [ {
         "effective" : "2015-06-08T00:00:00-07:00",
         "perfId" : 41216,
         "potential" : 5,
         "rating" : 3
      }, {
         "effective" : "2015-04-19T00:00:00-07:00",
         "perfId" : 41275,
         "potential" : 3,
         "rating" : 5
      }, {
         "effective" : "2015-10-08T00:00:00-07:00",
         "perfId" : 41358,
         "potential" : 4,
         "rating" : 5
      }, {
         "effective" : "2015-04-16T00:00:00-07:00",
         "perfId" : 41445,
         "potential" : 2,
         "rating" : 3
      }, {
         "effective" : "2015-02-18T00:00:00-08:00",
         "perfId" : 41507,
         "potential" : 4,
         "rating" : 3
      }, {
         "effective" : "2015-07-20T00:00:00-07:00",
         "perfId" : 41538,
         "potential" : 2,
         "rating" : 2
      }, {
         "effective" : "2015-08-01T00:00:00-07:00",
         "perfId" : 41748,
         "potential" : 2,
         "rating" : 3
      }, {
         "effective" : "2015-01-01T00:00:00-08:00",
         "perfId" : 41911,
         "potential" : 5,
         "rating" : 4
      } ],
      "reports" : [ ]
   }