{
      "empId" : 159,
      "firstName" : "Lindsey",
      "lastName" : "Smith",
      "title" : "Sales Representative",
      "email" : "LSMITH",
      "phone" : "011.44.1345.729268",
      "mobile" : "011.44.1345.729268",
      "address" : "Magdalen Centre The Oxford Science Park",
      "city" : "Oxford",
      "state" : "Oxford",
      "country" : "UK",
      "postal" : "OX9 9ZB",
      "twitter" : "Lindsey",
      "facebook" : "Lindsey",
      "google" : "Lindsey",
      "linkedIn" : "Lindsey",
      "hireDate" : "2008-02-14T00:00:00-08:00",
      "compRatio" : 88,
      "salary" : 8000.0,
      "bonus" : 2000.0,
      "commission" : 3000.0,
      "rating" : 5,
      "potential" : 5,
      "deptId" : 80,
      "mgrId" : 146,
      "deptName" : "Sales",
      "mgrFirstName" : "Karen",
      "mgrLastName" : "Partners",
      "teamAvgRating" : 4.166666666666667,
      "empMeetings" : 0,
      "empEvents" : 0,
      "notifyApproved" : 3,
      "notifyWaiting" : 4,
      "notifyRejected" : 1,
      "groupSize" : 1,
      "groupAvgRating" : 5.0,
      "groupAvgPotential" : 5.0,
      "groupCompRatioAbove" : 0,
      "groupCompRatioIn" : 1,
      "groupCompRatioBelow" : 1,
      "groupMeetings" : 1,
      "groupEvents" : 0,
      "groupTrainings" : 1,
      "groupTimeOff" : 0,
      "comps" : [ {
         "bonus" : 2000,
         "comission" : 3000,
         "compId" : 49774,
         "compRatio" : 88,
         "compSalary" : 8000,
         "effective" : "2015-09-21T00:00:00-07:00"
      }, {
         "bonus" : 1980,
         "comission" : 2760,
         "compId" : 49775,
         "compRatio" : 42,
         "compSalary" : 7920,
         "effective" : "2014-06-01T00:00:00-07:00"
      }, {
         "bonus" : 1861.2,
         "comission" : 2622,
         "compId" : 49776,
         "compRatio" : 27,
         "compSalary" : 7524,
         "effective" : "2013-09-16T00:00:00-07:00"
      }, {
         "bonus" : 1786.752,
         "comission" : 2490.9,
         "compId" : 49777,
         "compRatio" : 26,
         "compSalary" : 7448.76,
         "effective" : "2012-05-10T00:00:00-07:00"
      }, {
         "bonus" : 1661.67936,
         "comission" : 2266.719,
         "compId" : 49778,
         "compRatio" : 43,
         "compSalary" : 7225.2972,
         "effective" : "2011-10-24T00:00:00-07:00"
      }, {
         "bonus" : 1611.8289792,
         "comission" : 2085.38148,
         "compId" : 49779,
         "compRatio" : 119,
         "compSalary" : 7008.538284,
         "effective" : "2010-06-04T00:00:00-07:00"
      }, {
         "bonus" : 1595.710689408,
         "comission" : 1876.843332,
         "compId" : 49780,
         "compRatio" : 73,
         "compSalary" : 6728.19675264,
         "effective" : "2009-02-07T00:00:00-08:00"
      }, {
         "bonus" : 1452.09672736128,
         "comission" : 1707.92743212,
         "compId" : 49781,
         "compRatio" : 98,
         "compSalary" : 6526.3508500608,
         "effective" : "2008-05-04T00:00:00-07:00"
      } ],
      "perfs" : [ {
         "effective" : "2008-01-27T00:00:00-08:00",
         "perfId" : 41515,
         "potential" : 5,
         "rating" : 3
      }, {
         "effective" : "2009-03-20T00:00:00-07:00",
         "perfId" : 41516,
         "potential" : 4,
         "rating" : 3
      }, {
         "effective" : "2010-11-21T00:00:00-08:00",
         "perfId" : 41517,
         "potential" : 2,
         "rating" : 5
      }, {
         "effective" : "2011-12-20T00:00:00-08:00",
         "perfId" : 41518,
         "potential" : 3,
         "rating" : 4
      }, {
         "effective" : "2012-02-27T00:00:00-08:00",
         "perfId" : 41519,
         "potential" : 4,
         "rating" : 4
      }, {
         "effective" : "2013-07-08T00:00:00-07:00",
         "perfId" : 41520,
         "potential" : 3,
         "rating" : 5
      }, {
         "effective" : "2014-11-17T00:00:00-08:00",
         "perfId" : 41521,
         "potential" : 5,
         "rating" : 3
      }, {
         "effective" : "2015-10-13T00:00:00-07:00",
         "perfId" : 41522,
         "potential" : 5,
         "rating" : 5
      } ],
      "skills" : [ {
         "empskillassignId" : 80465,
         "empskillassignRating" : 2,
         "skill" : {
            "skill" : "Staffing",
            "skillId" : 24
         }
      }, {
         "empskillassignId" : 80466,
         "empskillassignRating" : 5,
         "skill" : {
            "skill" : "CRM",
            "skillId" : 16
         }
      }, {
         "empskillassignId" : 80467,
         "empskillassignRating" : 5,
         "skill" : {
            "skill" : "Statistics",
            "skillId" : 5
         }
      }, {
         "empskillassignId" : 80468,
         "empskillassignRating" : 5,
         "skill" : {
            "skill" : "Outsourcing",
            "skillId" : 20
         }
      }, {
         "empskillassignId" : 80469,
         "empskillassignRating" : 4,
         "skill" : {
            "skill" : "Word",
            "skillId" : 4
         }
      }, {
         "empskillassignId" : 80470,
         "empskillassignRating" : 1,
         "skill" : {
            "skill" : "Recruiting",
            "skillId" : 13
         }
      }, {
         "empskillassignId" : 80471,
         "empskillassignRating" : 1,
         "skill" : {
            "skill" : "Javascript",
            "skillId" : 6
         }
      } ],
      "events" : [ {
         "color" : "#ed813e",
         "description" : "Customer Advisory Board",
         "end" : "2008-06-12T00:00:00-07:00",
         "eventId" : 146502,
         "name" : "Event",
         "start" : "2008-06-10T00:00:00-07:00",
         "type" : "2"
      }, {
         "color" : "#ed813e",
         "description" : "User Group Meetup",
         "end" : "2008-06-25T00:00:00-07:00",
         "eventId" : 146503,
         "name" : "Event",
         "start" : "2008-06-21T00:00:00-07:00",
         "type" : "2"
      }, {
         "color" : "#ed813e",
         "description" : "Development Convention",
         "end" : "2008-12-09T00:00:00-08:00",
         "eventId" : 146504,
         "name" : "Event",
         "start" : "2008-12-08T00:00:00-08:00",
         "type" : "2"
      }, {
         "color" : "#fbce4a",
         "description" : "Mgr Essentials",
         "end" : "2009-09-23T00:00:00-07:00",
         "eventId" : 146505,
         "name" : "Training",
         "start" : "2009-09-22T00:00:00-07:00",
         "type" : "3"
      }, {
         "color" : "#81bb5f",
         "description" : "Vacation",
         "end" : "2009-10-15T00:00:00-07:00",
         "eventId" : 146506,
         "name" : "Time Off",
         "start" : "2009-10-12T00:00:00-07:00",
         "type" : "4"
      }, {
         "color" : "#81bb5f",
         "description" : "Bereavement",
         "end" : "2010-02-11T00:00:00-08:00",
         "eventId" : 146507,
         "name" : "Time Off",
         "start" : "2010-02-10T00:00:00-08:00",
         "type" : "4"
      }, {
         "color" : "#fbce4a",
         "description" : "Mobility",
         "end" : "2010-07-09T00:00:00-07:00",
         "eventId" : 146508,
         "name" : "Training",
         "start" : "2010-07-04T00:00:00-07:00",
         "type" : "3"
      }, {
         "color" : "#309fdb",
         "description" : "BBB Ltd",
         "end" : "2011-08-25T00:00:00-07:00",
         "eventId" : 146509,
         "name" : "Customer Meeting",
         "start" : "2011-08-23T00:00:00-07:00",
         "type" : "1"
      }, {
         "color" : "#ed813e",
         "description" : "Customer Advisory Board",
         "end" : "2011-12-08T00:00:00-08:00",
         "eventId" : 146510,
         "name" : "Event",
         "start" : "2011-12-06T00:00:00-08:00",
         "type" : "2"
      }, {
         "color" : "#fbce4a",
         "description" : "Effective Mgmt",
         "end" : "2011-05-29T00:00:00-07:00",
         "eventId" : 146511,
         "name" : "Training",
         "start" : "2011-05-25T00:00:00-07:00",
         "type" : "3"
      }, {
         "color" : "#ed813e",
         "description" : "Customer Advisory Board",
         "end" : "2012-03-18T00:00:00-07:00",
         "eventId" : 146512,
         "name" : "Event",
         "start" : "2012-03-16T00:00:00-07:00",
         "type" : "2"
      }, {
         "color" : "#309fdb",
         "description" : "AAA Inc",
         "end" : "2012-09-16T00:00:00-07:00",
         "eventId" : 146513,
         "name" : "Customer Meeting",
         "start" : "2012-09-14T00:00:00-07:00",
         "type" : "1"
      }, {
         "color" : "#309fdb",
         "description" : "XYZ Systems",
         "end" : "2012-05-25T00:00:00-07:00",
         "eventId" : 146514,
         "name" : "Customer Meeting",
         "start" : "2012-05-21T00:00:00-07:00",
         "type" : "1"
      }, {
         "color" : "#81bb5f",
         "description" : "Vacation",
         "end" : "2013-11-04T00:00:00-08:00",
         "eventId" : 146515,
         "name" : "Time Off",
         "start" : "2013-11-03T00:00:00-07:00",
         "type" : "4"
      }, {
         "color" : "#81bb5f",
         "description" : "Sick",
         "end" : "2013-07-06T00:00:00-07:00",
         "eventId" : 146516,
         "name" : "Time Off",
         "start" : "2013-07-05T00:00:00-07:00",
         "type" : "4"
      }, {
         "color" : "#ed813e",
         "description" : "Business Meeting",
         "end" : "2014-06-21T00:00:00-07:00",
         "eventId" : 146517,
         "name" : "Event",
         "start" : "2014-06-17T00:00:00-07:00",
         "type" : "2"
      }, {
         "color" : "#81bb5f",
         "description" : "Sick",
         "end" : "2014-11-24T00:00:00-08:00",
         "eventId" : 146518,
         "name" : "Time Off",
         "start" : "2014-11-23T00:00:00-08:00",
         "type" : "4"
      }, {
         "color" : "#309fdb",
         "description" : "CCC Enterprises",
         "end" : "2015-08-04T04:00:04-07:00",
         "eventId" : 146519,
         "name" : "Customer Meeting",
         "start" : "2015-07-31T04:00:04-07:00",
         "type" : "1"
      }, {
         "color" : "#fbce4a",
         "description" : "Effective Mgmt",
         "end" : "2015-04-26T04:00:04-07:00",
         "eventId" : 146520,
         "name" : "Training",
         "start" : "2015-04-23T04:00:04-07:00",
         "type" : "3"
      } ],
      "colleaguePerfs" : [ {
         "effective" : "2015-10-06T00:00:00-07:00",
         "perfId" : 41244,
         "potential" : 3,
         "rating" : 5
      }, {
         "effective" : "2015-10-04T00:00:00-07:00",
         "perfId" : 41364,
         "potential" : 5,
         "rating" : 5
      }, {
         "effective" : "2015-09-19T00:00:00-07:00",
         "perfId" : 41514,
         "potential" : 3,
         "rating" : 5
      }, {
         "effective" : "2015-10-13T00:00:00-07:00",
         "perfId" : 41522,
         "potential" : 5,
         "rating" : 5
      }, {
         "effective" : "2015-09-01T00:00:00-07:00",
         "perfId" : 41555,
         "potential" : 2,
         "rating" : 2
      }, {
         "effective" : "2015-07-25T00:00:00-07:00",
         "perfId" : 41870,
         "potential" : 2,
         "rating" : 3
      } ],
      "reports" : [ ]
   }