{
      "empId" : 161,
      "firstName" : "Sarath",
      "lastName" : "Sewall",
      "title" : "Sales Representative",
      "email" : "SSEWALL",
      "phone" : "011.44.1345.529268",
      "mobile" : "011.44.1345.529268",
      "address" : "Magdalen Centre The Oxford Science Park",
      "city" : "Oxford",
      "state" : "Oxford",
      "country" : "UK",
      "postal" : "OX9 9ZB",
      "twitter" : "Sarath",
      "facebook" : "Sarath",
      "google" : "Sarath",
      "linkedIn" : "Sarath",
      "hireDate" : "2009-03-01T00:00:00-08:00",
      "compRatio" : 13,
      "salary" : 7000.0,
      "bonus" : 1750.0,
      "commission" : 2500.0,
      "rating" : 5,
      "potential" : 3,
      "deptId" : 80,
      "mgrId" : 146,
      "deptName" : "Sales",
      "mgrFirstName" : "Karen",
      "mgrLastName" : "Partners",
      "teamAvgRating" : 4.166666666666667,
      "empMeetings" : 0,
      "empEvents" : 0,
      "notifyApproved" : 3,
      "notifyWaiting" : 4,
      "notifyRejected" : 1,
      "groupSize" : 1,
      "groupAvgRating" : 5.0,
      "groupAvgPotential" : 3.0,
      "groupCompRatioAbove" : 0,
      "groupCompRatioIn" : 1,
      "groupCompRatioBelow" : 1,
      "groupMeetings" : 1,
      "groupEvents" : 0,
      "groupTrainings" : 1,
      "groupTimeOff" : 1,
      "comps" : [ {
         "bonus" : 1750,
         "comission" : 2500,
         "compId" : 49767,
         "compRatio" : 13,
         "compSalary" : 7000,
         "effective" : "2015-05-02T00:00:00-07:00"
      }, {
         "bonus" : 1575,
         "comission" : 2350,
         "compId" : 49768,
         "compRatio" : 7,
         "compSalary" : 6650,
         "effective" : "2014-08-07T00:00:00-07:00"
      }, {
         "bonus" : 1527.75,
         "comission" : 2162,
         "compId" : 49769,
         "compRatio" : 74,
         "compSalary" : 6384,
         "effective" : "2013-02-12T00:00:00-08:00"
      }, {
         "bonus" : 1481.9175,
         "comission" : 1945.8,
         "compId" : 49770,
         "compRatio" : 63,
         "compSalary" : 6192.48,
         "effective" : "2012-01-21T00:00:00-08:00"
      }, {
         "bonus" : 1393.00245,
         "comission" : 1829.052,
         "compId" : 49771,
         "compRatio" : 36,
         "compSalary" : 5944.7808,
         "effective" : "2011-12-04T00:00:00-08:00"
      }, {
         "bonus" : 1351.2123765,
         "comission" : 1719.30888,
         "compId" : 49772,
         "compRatio" : 91,
         "compSalary" : 5825.885184,
         "effective" : "2010-12-16T00:00:00-08:00"
      }, {
         "bonus" : 1324.18812897,
         "comission" : 1564.5710808,
         "compId" : 49773,
         "compRatio" : 107,
         "compSalary" : 5767.62633216,
         "effective" : "2009-02-06T00:00:00-08:00"
      } ],
      "perfs" : [ {
         "effective" : "2009-02-04T00:00:00-08:00",
         "perfId" : 41508,
         "potential" : 4,
         "rating" : 4
      }, {
         "effective" : "2010-10-10T00:00:00-07:00",
         "perfId" : 41509,
         "potential" : 5,
         "rating" : 2
      }, {
         "effective" : "2011-12-04T00:00:00-08:00",
         "perfId" : 41510,
         "potential" : 2,
         "rating" : 2
      }, {
         "effective" : "2012-10-24T00:00:00-07:00",
         "perfId" : 41511,
         "potential" : 5,
         "rating" : 5
      }, {
         "effective" : "2013-02-17T00:00:00-08:00",
         "perfId" : 41512,
         "potential" : 3,
         "rating" : 2
      }, {
         "effective" : "2014-08-07T00:00:00-07:00",
         "perfId" : 41513,
         "potential" : 5,
         "rating" : 5
      }, {
         "effective" : "2015-09-19T00:00:00-07:00",
         "perfId" : 41514,
         "potential" : 3,
         "rating" : 5
      } ],
      "skills" : [ {
         "empskillassignId" : 80453,
         "empskillassignRating" : 3,
         "skill" : {
            "skill" : "Outsourcing",
            "skillId" : 20
         }
      }, {
         "empskillassignId" : 80454,
         "empskillassignRating" : 1,
         "skill" : {
            "skill" : "Analytics",
            "skillId" : 8
         }
      }, {
         "empskillassignId" : 80455,
         "empskillassignRating" : 3,
         "skill" : {
            "skill" : "Java",
            "skillId" : 7
         }
      }, {
         "empskillassignId" : 80456,
         "empskillassignRating" : 3,
         "skill" : {
            "skill" : "Statistics",
            "skillId" : 5
         }
      }, {
         "empskillassignId" : 80457,
         "empskillassignRating" : 5,
         "skill" : {
            "skill" : "Estimation",
            "skillId" : 23
         }
      }, {
         "empskillassignId" : 80458,
         "empskillassignRating" : 2,
         "skill" : {
            "skill" : "Financials",
            "skillId" : 15
         }
      }, {
         "empskillassignId" : 80459,
         "empskillassignRating" : 4,
         "skill" : {
            "skill" : "Management",
            "skillId" : 14
         }
      }, {
         "empskillassignId" : 80460,
         "empskillassignRating" : 1,
         "skill" : {
            "skill" : "Corporate Tax",
            "skillDescription" : "Corporate Tax",
            "skillId" : 2
         }
      }, {
         "empskillassignId" : 80461,
         "empskillassignRating" : 1,
         "skill" : {
            "skill" : "Staffing",
            "skillId" : 24
         }
      }, {
         "empskillassignId" : 80462,
         "empskillassignRating" : 4,
         "skill" : {
            "skill" : "Acquistions",
            "skillId" : 10
         }
      }, {
         "empskillassignId" : 80463,
         "empskillassignRating" : 3,
         "skill" : {
            "skill" : "CRM",
            "skillId" : 16
         }
      }, {
         "empskillassignId" : 80464,
         "empskillassignRating" : 5,
         "skill" : {
            "skill" : "Human Resources",
            "skillId" : 18
         }
      } ],
      "events" : [ {
         "color" : "#81bb5f",
         "description" : "Sick",
         "end" : "2009-06-24T00:00:00-07:00",
         "eventId" : 146482,
         "name" : "Time Off",
         "start" : "2009-06-23T00:00:00-07:00",
         "type" : "4"
      }, {
         "color" : "#fbce4a",
         "description" : "Ethics",
         "end" : "2009-08-16T00:00:00-07:00",
         "eventId" : 146483,
         "name" : "Training",
         "start" : "2009-08-12T00:00:00-07:00",
         "type" : "3"
      }, {
         "color" : "#ed813e",
         "description" : "Customer Advisory Board",
         "end" : "2010-06-09T00:00:00-07:00",
         "eventId" : 146484,
         "name" : "Event",
         "start" : "2010-06-08T00:00:00-07:00",
         "type" : "2"
      }, {
         "color" : "#309fdb",
         "description" : "AAA Inc",
         "end" : "2010-12-28T00:00:00-08:00",
         "eventId" : 146485,
         "name" : "Customer Meeting",
         "start" : "2010-12-26T00:00:00-08:00",
         "type" : "1"
      }, {
         "color" : "#81bb5f",
         "description" : "Vacation",
         "end" : "2010-04-19T00:00:00-07:00",
         "eventId" : 146486,
         "name" : "Time Off",
         "start" : "2010-04-18T00:00:00-07:00",
         "type" : "4"
      }, {
         "color" : "#81bb5f",
         "description" : "Bereavement",
         "end" : "2011-08-09T00:00:00-07:00",
         "eventId" : 146487,
         "name" : "Time Off",
         "start" : "2011-08-06T00:00:00-07:00",
         "type" : "4"
      }, {
         "color" : "#81bb5f",
         "description" : "Bereavement",
         "end" : "2011-02-13T00:00:00-08:00",
         "eventId" : 146488,
         "name" : "Time Off",
         "start" : "2011-02-08T00:00:00-08:00",
         "type" : "4"
      }, {
         "color" : "#81bb5f",
         "description" : "Vacation",
         "end" : "2011-09-17T00:00:00-07:00",
         "eventId" : 146489,
         "name" : "Time Off",
         "start" : "2011-09-12T00:00:00-07:00",
         "type" : "4"
      }, {
         "color" : "#fbce4a",
         "description" : "Sexual Harrassment",
         "end" : "2012-05-01T00:00:00-07:00",
         "eventId" : 146490,
         "name" : "Training",
         "start" : "2012-04-27T00:00:00-07:00",
         "type" : "3"
      }, {
         "color" : "#ed813e",
         "description" : "Winner's Circle",
         "end" : "2012-04-26T00:00:00-07:00",
         "eventId" : 146491,
         "name" : "Event",
         "start" : "2012-04-24T00:00:00-07:00",
         "type" : "2"
      }, {
         "color" : "#309fdb",
         "description" : "AAA Inc",
         "end" : "2012-06-28T00:00:00-07:00",
         "eventId" : 146492,
         "name" : "Customer Meeting",
         "start" : "2012-06-23T00:00:00-07:00",
         "type" : "1"
      }, {
         "color" : "#81bb5f",
         "description" : "Vacation",
         "end" : "2012-05-14T00:00:00-07:00",
         "eventId" : 146493,
         "name" : "Time Off",
         "start" : "2012-05-12T00:00:00-07:00",
         "type" : "4"
      }, {
         "color" : "#ed813e",
         "description" : "Customer Advisory Board",
         "end" : "2013-08-17T00:00:00-07:00",
         "eventId" : 146494,
         "name" : "Event",
         "start" : "2013-08-15T00:00:00-07:00",
         "type" : "2"
      }, {
         "color" : "#fbce4a",
         "description" : "Public Speaking",
         "end" : "2013-06-10T00:00:00-07:00",
         "eventId" : 146495,
         "name" : "Training",
         "start" : "2013-06-05T00:00:00-07:00",
         "type" : "3"
      }, {
         "color" : "#fbce4a",
         "description" : "Sexual Harrassment",
         "end" : "2014-12-31T00:00:00-08:00",
         "eventId" : 146496,
         "name" : "Training",
         "start" : "2014-12-26T00:00:00-08:00",
         "type" : "3"
      }, {
         "color" : "#fbce4a",
         "description" : "Public Speaking",
         "end" : "2014-11-11T00:00:00-08:00",
         "eventId" : 146497,
         "name" : "Training",
         "start" : "2014-11-06T00:00:00-08:00",
         "type" : "3"
      }, {
         "color" : "#fbce4a",
         "description" : "Mgr Essentials",
         "end" : "2014-09-27T00:00:00-07:00",
         "eventId" : 146498,
         "name" : "Training",
         "start" : "2014-09-22T00:00:00-07:00",
         "type" : "3"
      }, {
         "color" : "#309fdb",
         "description" : "AAA Inc",
         "end" : "2015-06-14T04:00:04-07:00",
         "eventId" : 146499,
         "name" : "Customer Meeting",
         "start" : "2015-06-09T04:00:04-07:00",
         "type" : "1"
      }, {
         "color" : "#81bb5f",
         "description" : "Sick",
         "end" : "2015-06-16T04:00:04-07:00",
         "eventId" : 146500,
         "name" : "Time Off",
         "start" : "2015-06-15T04:00:04-07:00",
         "type" : "4"
      }, {
         "color" : "#fbce4a",
         "description" : "Public Speaking",
         "end" : "2015-07-22T04:00:04-07:00",
         "eventId" : 146501,
         "name" : "Training",
         "start" : "2015-07-21T04:00:04-07:00",
         "type" : "3"
      } ],
      "colleaguePerfs" : [ {
         "effective" : "2015-10-06T00:00:00-07:00",
         "perfId" : 41244,
         "potential" : 3,
         "rating" : 5
      }, {
         "effective" : "2015-10-04T00:00:00-07:00",
         "perfId" : 41364,
         "potential" : 5,
         "rating" : 5
      }, {
         "effective" : "2015-09-19T00:00:00-07:00",
         "perfId" : 41514,
         "potential" : 3,
         "rating" : 5
      }, {
         "effective" : "2015-10-13T00:00:00-07:00",
         "perfId" : 41522,
         "potential" : 5,
         "rating" : 5
      }, {
         "effective" : "2015-09-01T00:00:00-07:00",
         "perfId" : 41555,
         "potential" : 2,
         "rating" : 2
      }, {
         "effective" : "2015-07-25T00:00:00-07:00",
         "perfId" : 41870,
         "potential" : 2,
         "rating" : 3
      } ],
      "reports" : [ ]
   }