{
      "empId" : 140,
      "firstName" : "Joshua",
      "lastName" : "Patel",
      "title" : "Stock Clerk",
      "email" : "JPATEL",
      "phone" : "650.121.1834",
      "mobile" : "650.121.1834",
      "address" : "2011 Main Street",
      "city" : "South San Francisco",
      "state" : "California",
      "country" : "US",
      "postal" : "94105",
      "twitter" : "Joshua",
      "facebook" : "Joshua",
      "google" : "Joshua",
      "linkedIn" : "Joshua",
      "hireDate" : "2008-02-14T00:00:00-08:00",
      "compRatio" : 68,
      "salary" : 5500.0,
      "bonus" : 625.0,
      "commission" : 0.0,
      "rating" : 3,
      "potential" : 2,
      "deptId" : 50,
      "mgrId" : 123,
      "deptName" : "Shipping",
      "mgrFirstName" : "Shanta",
      "mgrLastName" : "Vollman",
      "teamAvgRating" : 3.5,
      "empMeetings" : 0,
      "empEvents" : 0,
      "notifyApproved" : 3,
      "notifyWaiting" : 4,
      "notifyRejected" : 1,
      "groupSize" : 1,
      "groupAvgRating" : 3.0,
      "groupAvgPotential" : 2.0,
      "groupCompRatioAbove" : 0,
      "groupCompRatioIn" : 1,
      "groupCompRatioBelow" : 1,
      "groupMeetings" : 2,
      "groupEvents" : 0,
      "groupTrainings" : 1,
      "groupTimeOff" : 0,
      "comps" : [ {
         "bonus" : 625,
         "comission" : 0,
         "compId" : 49697,
         "compRatio" : 68,
         "compSalary" : 5500,
         "effective" : "2015-11-08T00:00:00-08:00"
      }, {
         "bonus" : 575,
         "comission" : 0,
         "compId" : 49698,
         "compRatio" : 27,
         "compSalary" : 5390,
         "effective" : "2014-08-05T00:00:00-07:00"
      }, {
         "bonus" : 540.5,
         "comission" : 0,
         "compId" : 49699,
         "compRatio" : 17,
         "compSalary" : 5174.4,
         "effective" : "2013-06-19T00:00:00-07:00"
      }, {
         "bonus" : 524.285,
         "comission" : 0,
         "compId" : 49700,
         "compRatio" : 33,
         "compSalary" : 5019.168,
         "effective" : "2012-05-23T00:00:00-07:00"
      }, {
         "bonus" : 519.04215,
         "comission" : 0,
         "compId" : 49701,
         "compRatio" : 70,
         "compSalary" : 4768.2096,
         "effective" : "2011-07-18T00:00:00-07:00"
      }, {
         "bonus" : 503.4708855,
         "comission" : 0,
         "compId" : 49702,
         "compRatio" : 73,
         "compSalary" : 4625.163312,
         "effective" : "2010-06-11T00:00:00-07:00"
      }, {
         "bonus" : 458.158505805,
         "comission" : 0,
         "compId" : 49703,
         "compRatio" : 29,
         "compSalary" : 4393.9051464,
         "effective" : "2009-03-12T00:00:00-07:00"
      }, {
         "bonus" : 439.8321655728,
         "comission" : 0,
         "compId" : 49704,
         "compRatio" : 18,
         "compSalary" : 4174.20988908,
         "effective" : "2008-08-20T00:00:00-07:00"
      } ],
      "perfs" : [ {
         "effective" : "2008-03-13T00:00:00-07:00",
         "perfId" : 41438,
         "potential" : 4,
         "rating" : 4
      }, {
         "effective" : "2009-08-19T00:00:00-07:00",
         "perfId" : 41439,
         "potential" : 5,
         "rating" : 3
      }, {
         "effective" : "2010-08-03T00:00:00-07:00",
         "perfId" : 41440,
         "potential" : 4,
         "rating" : 5
      }, {
         "effective" : "2011-08-22T00:00:00-07:00",
         "perfId" : 41441,
         "potential" : 2,
         "rating" : 3
      }, {
         "effective" : "2012-07-24T00:00:00-07:00",
         "perfId" : 41442,
         "potential" : 4,
         "rating" : 2
      }, {
         "effective" : "2013-04-01T00:00:00-07:00",
         "perfId" : 41443,
         "potential" : 4,
         "rating" : 5
      }, {
         "effective" : "2014-01-22T00:00:00-08:00",
         "perfId" : 41444,
         "potential" : 5,
         "rating" : 3
      }, {
         "effective" : "2015-04-16T00:00:00-07:00",
         "perfId" : 41445,
         "potential" : 2,
         "rating" : 3
      } ],
      "skills" : [ {
         "empskillassignId" : 80349,
         "empskillassignRating" : 4,
         "skill" : {
            "skill" : "HCM",
            "skillId" : 17
         }
      }, {
         "empskillassignId" : 80350,
         "empskillassignRating" : 5,
         "skill" : {
            "skill" : "Procurement",
            "skillId" : 21
         }
      }, {
         "empskillassignId" : 80351,
         "empskillassignRating" : 4,
         "skill" : {
            "skill" : "Testing",
            "skillId" : 9
         }
      }, {
         "empskillassignId" : 80352,
         "empskillassignRating" : 1,
         "skill" : {
            "skill" : "Budgeting",
            "skillId" : 25
         }
      }, {
         "empskillassignId" : 80353,
         "empskillassignRating" : 5,
         "skill" : {
            "skill" : "Strategy",
            "skillId" : 22
         }
      }, {
         "empskillassignId" : 80354,
         "empskillassignRating" : 1,
         "skill" : {
            "skill" : "Excel",
            "skillId" : 3
         }
      }, {
         "empskillassignId" : 80355,
         "empskillassignRating" : 1,
         "skill" : {
            "skill" : "Financials",
            "skillId" : 15
         }
      } ],
      "events" : [ {
         "color" : "#81bb5f",
         "description" : "Vacation",
         "end" : "2008-09-12T00:00:00-07:00",
         "eventId" : 146266,
         "name" : "Time Off",
         "start" : "2008-09-07T00:00:00-07:00",
         "type" : "4"
      }, {
         "color" : "#fbce4a",
         "description" : "Sexual Harrassment",
         "end" : "2008-01-22T00:00:00-08:00",
         "eventId" : 146267,
         "name" : "Training",
         "start" : "2008-01-18T00:00:00-08:00",
         "type" : "3"
      }, {
         "color" : "#fbce4a",
         "description" : "Sexual Harrassment",
         "end" : "2008-12-13T00:00:00-08:00",
         "eventId" : 146268,
         "name" : "Training",
         "start" : "2008-12-09T00:00:00-08:00",
         "type" : "3"
      }, {
         "color" : "#ed813e",
         "description" : "Business Meeting",
         "end" : "2008-01-05T00:00:00-08:00",
         "eventId" : 146269,
         "name" : "Event",
         "start" : "2008-01-03T00:00:00-08:00",
         "type" : "2"
      }, {
         "color" : "#309fdb",
         "description" : "Bar Inc",
         "end" : "2009-05-06T00:00:00-07:00",
         "eventId" : 146270,
         "name" : "Customer Meeting",
         "start" : "2009-05-05T00:00:00-07:00",
         "type" : "1"
      }, {
         "color" : "#fbce4a",
         "description" : "ava Development",
         "end" : "2009-05-09T00:00:00-07:00",
         "eventId" : 146271,
         "name" : "Training",
         "start" : "2009-05-05T00:00:00-07:00",
         "type" : "3"
      }, {
         "color" : "#81bb5f",
         "description" : "Sick",
         "end" : "2009-07-19T00:00:00-07:00",
         "eventId" : 146272,
         "name" : "Time Off",
         "start" : "2009-07-15T00:00:00-07:00",
         "type" : "4"
      }, {
         "color" : "#ed813e",
         "description" : "Winner's Circle",
         "end" : "2010-11-25T00:00:00-08:00",
         "eventId" : 146273,
         "name" : "Event",
         "start" : "2010-11-20T00:00:00-08:00",
         "type" : "2"
      }, {
         "color" : "#81bb5f",
         "description" : "Sick",
         "end" : "2010-05-27T00:00:00-07:00",
         "eventId" : 146274,
         "name" : "Time Off",
         "start" : "2010-05-25T00:00:00-07:00",
         "type" : "4"
      }, {
         "color" : "#309fdb",
         "description" : "Bar Inc",
         "end" : "2010-04-23T00:00:00-07:00",
         "eventId" : 146275,
         "name" : "Customer Meeting",
         "start" : "2010-04-21T00:00:00-07:00",
         "type" : "1"
      }, {
         "color" : "#81bb5f",
         "description" : "Sick",
         "end" : "2010-04-28T00:00:00-07:00",
         "eventId" : 146276,
         "name" : "Time Off",
         "start" : "2010-04-26T00:00:00-07:00",
         "type" : "4"
      }, {
         "color" : "#81bb5f",
         "description" : "Vacation",
         "end" : "2011-10-02T00:00:00-07:00",
         "eventId" : 146277,
         "name" : "Time Off",
         "start" : "2011-09-27T00:00:00-07:00",
         "type" : "4"
      }, {
         "color" : "#309fdb",
         "description" : "AAA Inc",
         "end" : "2011-04-29T00:00:00-07:00",
         "eventId" : 146278,
         "name" : "Customer Meeting",
         "start" : "2011-04-24T00:00:00-07:00",
         "type" : "1"
      }, {
         "color" : "#fbce4a",
         "description" : "Mgr Essentials",
         "end" : "2011-02-19T00:00:00-08:00",
         "eventId" : 146279,
         "name" : "Training",
         "start" : "2011-02-14T00:00:00-08:00",
         "type" : "3"
      }, {
         "color" : "#309fdb",
         "description" : "Acme Ent",
         "end" : "2012-01-18T00:00:00-08:00",
         "eventId" : 146280,
         "name" : "Customer Meeting",
         "start" : "2012-01-16T00:00:00-08:00",
         "type" : "1"
      }, {
         "color" : "#ed813e",
         "description" : "Winner's Circle",
         "end" : "2012-05-24T00:00:00-07:00",
         "eventId" : 146281,
         "name" : "Event",
         "start" : "2012-05-22T00:00:00-07:00",
         "type" : "2"
      }, {
         "color" : "#fbce4a",
         "description" : "Mgr Essentials",
         "end" : "2012-10-31T00:00:00-07:00",
         "eventId" : 146282,
         "name" : "Training",
         "start" : "2012-10-26T00:00:00-07:00",
         "type" : "3"
      }, {
         "color" : "#ed813e",
         "description" : "Business Meeting",
         "end" : "2012-07-12T00:00:00-07:00",
         "eventId" : 146283,
         "name" : "Event",
         "start" : "2012-07-10T00:00:00-07:00",
         "type" : "2"
      }, {
         "color" : "#309fdb",
         "description" : "Foo Ltd",
         "end" : "2013-08-17T00:00:00-07:00",
         "eventId" : 146284,
         "name" : "Customer Meeting",
         "start" : "2013-08-16T00:00:00-07:00",
         "type" : "1"
      }, {
         "color" : "#81bb5f",
         "description" : "Sick",
         "end" : "2013-07-04T00:00:00-07:00",
         "eventId" : 146285,
         "name" : "Time Off",
         "start" : "2013-07-03T00:00:00-07:00",
         "type" : "4"
      }, {
         "color" : "#ed813e",
         "description" : "Feedback Session",
         "end" : "2014-01-21T00:00:00-08:00",
         "eventId" : 146286,
         "name" : "Event",
         "start" : "2014-01-19T00:00:00-08:00",
         "type" : "2"
      }, {
         "color" : "#81bb5f",
         "description" : "Sick",
         "end" : "2014-07-13T00:00:00-07:00",
         "eventId" : 146287,
         "name" : "Time Off",
         "start" : "2014-07-11T00:00:00-07:00",
         "type" : "4"
      }, {
         "color" : "#309fdb",
         "description" : "CCC Enterprises",
         "end" : "2014-02-08T00:00:00-08:00",
         "eventId" : 146288,
         "name" : "Customer Meeting",
         "start" : "2014-02-05T00:00:00-08:00",
         "type" : "1"
      }, {
         "color" : "#81bb5f",
         "description" : "Vacation",
         "end" : "2014-01-13T00:00:00-08:00",
         "eventId" : 146289,
         "name" : "Time Off",
         "start" : "2014-01-11T00:00:00-08:00",
         "type" : "4"
      }, {
         "color" : "#309fdb",
         "description" : "Oracle",
         "end" : "2015-07-04T04:00:04-07:00",
         "eventId" : 146290,
         "name" : "Customer Meeting",
         "start" : "2015-07-03T04:00:04-07:00",
         "type" : "1"
      }, {
         "color" : "#309fdb",
         "description" : "Acme Ent",
         "end" : "2015-08-06T04:00:04-07:00",
         "eventId" : 146291,
         "name" : "Customer Meeting",
         "start" : "2015-08-03T04:00:04-07:00",
         "type" : "1"
      }, {
         "color" : "#fbce4a",
         "description" : "Ethics",
         "end" : "2015-04-28T04:00:04-07:00",
         "eventId" : 146292,
         "name" : "Training",
         "start" : "2015-04-27T04:00:04-07:00",
         "type" : "3"
      } ],
      "colleaguePerfs" : [ {
         "effective" : "2015-06-08T00:00:00-07:00",
         "perfId" : 41216,
         "potential" : 5,
         "rating" : 3
      }, {
         "effective" : "2015-04-19T00:00:00-07:00",
         "perfId" : 41275,
         "potential" : 3,
         "rating" : 5
      }, {
         "effective" : "2015-10-08T00:00:00-07:00",
         "perfId" : 41358,
         "potential" : 4,
         "rating" : 5
      }, {
         "effective" : "2015-04-16T00:00:00-07:00",
         "perfId" : 41445,
         "potential" : 2,
         "rating" : 3
      }, {
         "effective" : "2015-02-18T00:00:00-08:00",
         "perfId" : 41507,
         "potential" : 4,
         "rating" : 3
      }, {
         "effective" : "2015-07-20T00:00:00-07:00",
         "perfId" : 41538,
         "potential" : 2,
         "rating" : 2
      }, {
         "effective" : "2015-08-01T00:00:00-07:00",
         "perfId" : 41748,
         "potential" : 2,
         "rating" : 3
      }, {
         "effective" : "2015-01-01T00:00:00-08:00",
         "perfId" : 41911,
         "potential" : 5,
         "rating" : 4
      } ],
      "reports" : [ ]
   }