{
      "empId" : 198,
      "firstName" : "Donald",
      "lastName" : "OConnell",
      "title" : "Marketing Representative",
      "email" : "DOCONNEL",
      "phone" : "650.507.9833",
      "mobile" : "650.507.9833",
      "address" : "2011 Main Street",
      "city" : "South San Francisco",
      "state" : "California",
      "country" : "US",
      "postal" : "94105",
      "twitter" : "Donald",
      "facebook" : "Donald",
      "google" : "Donald",
      "linkedIn" : "Donald",
      "hireDate" : "2010-01-01T00:00:00-08:00",
      "compRatio" : 74,
      "salary" : 8600.0,
      "bonus" : 2650.0,
      "commission" : 0.0,
      "rating" : 4,
      "potential" : 5,
      "deptId" : 20,
      "mgrId" : 124,
      "deptName" : "Marketing",
      "mgrFirstName" : "Kevin",
      "mgrLastName" : "Mourgos",
      "teamAvgRating" : 3.875,
      "empMeetings" : 0,
      "empEvents" : 0,
      "notifyApproved" : 3,
      "notifyWaiting" : 4,
      "notifyRejected" : 1,
      "groupSize" : 1,
      "groupAvgRating" : 4.0,
      "groupAvgPotential" : 5.0,
      "groupCompRatioAbove" : 0,
      "groupCompRatioIn" : 1,
      "groupCompRatioBelow" : 1,
      "groupMeetings" : 0,
      "groupEvents" : 0,
      "groupTrainings" : 3,
      "groupTimeOff" : 0,
      "comps" : [ {
         "bonus" : 2650,
         "comission" : 0,
         "compId" : 49651,
         "compRatio" : 74,
         "compSalary" : 8600,
         "effective" : "2015-06-06T00:00:00-07:00"
      }, {
         "bonus" : 2438,
         "comission" : 0,
         "compId" : 49652,
         "compRatio" : 33,
         "compSalary" : 8342,
         "effective" : "2014-08-03T00:00:00-07:00"
      }, {
         "bonus" : 2340.48,
         "comission" : 0,
         "compId" : 49653,
         "compRatio" : 78,
         "compSalary" : 8175.16,
         "effective" : "2013-03-07T00:00:00-08:00"
      }, {
         "bonus" : 2293.6704,
         "comission" : 0,
         "compId" : 49654,
         "compRatio" : 14,
         "compSalary" : 7929.9052,
         "effective" : "2012-12-04T00:00:00-08:00"
      }, {
         "bonus" : 2156.050176,
         "comission" : 0,
         "compId" : 49655,
         "compRatio" : 108,
         "compSalary" : 7533.40994,
         "effective" : "2011-12-03T00:00:00-08:00"
      }, {
         "bonus" : 1940.4451584,
         "comission" : 0,
         "compId" : 49656,
         "compRatio" : 60,
         "compSalary" : 7232.0735424,
         "effective" : "2010-06-13T00:00:00-07:00"
      } ],
      "perfs" : [ {
         "effective" : "2010-11-24T00:00:00-08:00",
         "perfId" : 41392,
         "potential" : 4,
         "rating" : 4
      }, {
         "effective" : "2011-08-18T00:00:00-07:00",
         "perfId" : 41393,
         "potential" : 3,
         "rating" : 4
      }, {
         "effective" : "2012-10-04T00:00:00-07:00",
         "perfId" : 41394,
         "potential" : 4,
         "rating" : 4
      }, {
         "effective" : "2013-02-26T00:00:00-08:00",
         "perfId" : 41395,
         "potential" : 3,
         "rating" : 4
      }, {
         "effective" : "2014-05-11T00:00:00-07:00",
         "perfId" : 41396,
         "potential" : 3,
         "rating" : 3
      }, {
         "effective" : "2015-02-19T00:00:00-08:00",
         "perfId" : 41397,
         "potential" : 5,
         "rating" : 4
      } ],
      "skills" : [ {
         "empskillassignId" : 80289,
         "empskillassignRating" : 2,
         "skill" : {
            "skill" : "Staffing",
            "skillId" : 24
         }
      }, {
         "empskillassignId" : 80290,
         "empskillassignRating" : 3,
         "skill" : {
            "skill" : "Analytics",
            "skillId" : 8
         }
      }, {
         "empskillassignId" : 80291,
         "empskillassignRating" : 4,
         "skill" : {
            "skill" : "Recruiting",
            "skillId" : 13
         }
      }, {
         "empskillassignId" : 80292,
         "empskillassignRating" : 1,
         "skill" : {
            "skill" : "Javascript",
            "skillId" : 6
         }
      }, {
         "empskillassignId" : 80293,
         "empskillassignRating" : 2,
         "skill" : {
            "skill" : "Word",
            "skillId" : 4
         }
      }, {
         "empskillassignId" : 80294,
         "empskillassignRating" : 1,
         "skill" : {
            "skill" : "Financials",
            "skillId" : 15
         }
      }, {
         "empskillassignId" : 80295,
         "empskillassignRating" : 5,
         "skill" : {
            "skill" : "CRM",
            "skillId" : 16
         }
      }, {
         "empskillassignId" : 80296,
         "empskillassignRating" : 5,
         "skill" : {
            "skill" : "Acquistions",
            "skillId" : 10
         }
      }, {
         "empskillassignId" : 80297,
         "empskillassignRating" : 3,
         "skill" : {
            "skill" : "Budgeting",
            "skillId" : 25
         }
      }, {
         "empskillassignId" : 80298,
         "empskillassignRating" : 5,
         "skill" : {
            "skill" : "Estimation",
            "skillId" : 23
         }
      } ],
      "events" : [ {
         "color" : "#fbce4a",
         "description" : "ava Development",
         "end" : "2011-06-15T00:00:00-07:00",
         "eventId" : 146137,
         "name" : "Training",
         "start" : "2011-06-13T00:00:00-07:00",
         "type" : "3"
      }, {
         "color" : "#309fdb",
         "description" : "Acme Ent",
         "end" : "2011-05-16T00:00:00-07:00",
         "eventId" : 146138,
         "name" : "Customer Meeting",
         "start" : "2011-05-15T00:00:00-07:00",
         "type" : "1"
      }, {
         "color" : "#ed813e",
         "description" : "StockHolder's Meeting",
         "end" : "2011-11-26T00:00:00-08:00",
         "eventId" : 146139,
         "name" : "Event",
         "start" : "2011-11-23T00:00:00-08:00",
         "type" : "2"
      }, {
         "color" : "#81bb5f",
         "description" : "Sick",
         "end" : "2011-07-30T00:00:00-07:00",
         "eventId" : 146140,
         "name" : "Time Off",
         "start" : "2011-07-27T00:00:00-07:00",
         "type" : "4"
      }, {
         "color" : "#ed813e",
         "description" : "Design Awards",
         "end" : "2012-08-12T00:00:00-07:00",
         "eventId" : 146141,
         "name" : "Event",
         "start" : "2012-08-07T00:00:00-07:00",
         "type" : "2"
      }, {
         "color" : "#ed813e",
         "description" : "Customer Advisory Board",
         "end" : "2012-10-16T00:00:00-07:00",
         "eventId" : 146142,
         "name" : "Event",
         "start" : "2012-10-14T00:00:00-07:00",
         "type" : "2"
      }, {
         "color" : "#81bb5f",
         "description" : "Vacation",
         "end" : "2013-02-06T00:00:00-08:00",
         "eventId" : 146143,
         "name" : "Time Off",
         "start" : "2013-02-03T00:00:00-08:00",
         "type" : "4"
      }, {
         "color" : "#fbce4a",
         "description" : "Sexual Harrassment",
         "end" : "2013-03-22T00:00:00-07:00",
         "eventId" : 146144,
         "name" : "Training",
         "start" : "2013-03-20T00:00:00-07:00",
         "type" : "3"
      }, {
         "color" : "#fbce4a",
         "description" : "Security",
         "end" : "2013-07-09T00:00:00-07:00",
         "eventId" : 146145,
         "name" : "Training",
         "start" : "2013-07-08T00:00:00-07:00",
         "type" : "3"
      }, {
         "color" : "#fbce4a",
         "description" : "Sales",
         "end" : "2013-07-28T00:00:00-07:00",
         "eventId" : 146146,
         "name" : "Training",
         "start" : "2013-07-26T00:00:00-07:00",
         "type" : "3"
      }, {
         "color" : "#309fdb",
         "description" : "AAA Inc",
         "end" : "2014-11-21T00:00:00-08:00",
         "eventId" : 146147,
         "name" : "Customer Meeting",
         "start" : "2014-11-16T00:00:00-08:00",
         "type" : "1"
      }, {
         "color" : "#309fdb",
         "description" : "Foo Ltd",
         "end" : "2014-07-11T00:00:00-07:00",
         "eventId" : 146148,
         "name" : "Customer Meeting",
         "start" : "2014-07-10T00:00:00-07:00",
         "type" : "1"
      }, {
         "color" : "#ed813e",
         "description" : "Development Convention",
         "end" : "2014-07-19T00:00:00-07:00",
         "eventId" : 146149,
         "name" : "Event",
         "start" : "2014-07-17T00:00:00-07:00",
         "type" : "2"
      }, {
         "color" : "#fbce4a",
         "description" : "Mgr Essentials",
         "end" : "2015-05-15T04:00:03-07:00",
         "eventId" : 146150,
         "name" : "Training",
         "start" : "2015-05-10T04:00:03-07:00",
         "type" : "3"
      }, {
         "color" : "#fbce4a",
         "description" : "Mobility",
         "end" : "2015-06-17T04:00:03-07:00",
         "eventId" : 146151,
         "name" : "Training",
         "start" : "2015-06-14T04:00:03-07:00",
         "type" : "3"
      }, {
         "color" : "#fbce4a",
         "description" : "Ethics",
         "end" : "2015-06-30T04:00:03-07:00",
         "eventId" : 146152,
         "name" : "Training",
         "start" : "2015-06-27T04:00:03-07:00",
         "type" : "3"
      }, {
         "color" : "#fbce4a",
         "description" : "Effective Mgmt",
         "end" : "2010-04-09T00:00:00-07:00",
         "eventId" : 146135,
         "name" : "Training",
         "start" : "2010-04-04T00:00:00-07:00",
         "type" : "3"
      }, {
         "color" : "#fbce4a",
         "description" : "ava Development",
         "end" : "2010-05-10T00:00:00-07:00",
         "eventId" : 146136,
         "name" : "Training",
         "start" : "2010-05-08T00:00:00-07:00",
         "type" : "3"
      } ],
      "colleaguePerfs" : [ {
         "effective" : "2015-12-18T00:00:00-08:00",
         "perfId" : 41348,
         "potential" : 3,
         "rating" : 5
      }, {
         "effective" : "2015-02-19T00:00:00-08:00",
         "perfId" : 41397,
         "potential" : 5,
         "rating" : 4
      }, {
         "effective" : "2015-03-21T00:00:00-07:00",
         "perfId" : 41480,
         "potential" : 5,
         "rating" : 2
      }, {
         "effective" : "2015-12-08T00:00:00-08:00",
         "perfId" : 41611,
         "potential" : 2,
         "rating" : 5
      }, {
         "effective" : "2015-01-19T00:00:00-08:00",
         "perfId" : 41635,
         "potential" : 4,
         "rating" : 3
      }, {
         "effective" : "2015-10-16T00:00:00-07:00",
         "perfId" : 41837,
         "potential" : 3,
         "rating" : 4
      }, {
         "effective" : "2015-10-08T00:00:00-07:00",
         "perfId" : 41935,
         "potential" : 2,
         "rating" : 3
      }, {
         "effective" : "2015-06-02T00:00:00-07:00",
         "perfId" : 41995,
         "potential" : 5,
         "rating" : 5
      } ],
      "reports" : [ ]
   }