{
      "empId" : 164,
      "firstName" : "Mattea",
      "lastName" : "Marvins",
      "title" : "Finance Representative",
      "email" : "MMARVINS",
      "phone" : "011.44.1346.329268",
      "mobile" : "011.44.1346.329268",
      "address" : "Magdalen Centre The Oxford Science Park",
      "city" : "Oxford",
      "state" : "Oxford",
      "country" : "UK",
      "postal" : "OX9 9ZB",
      "twitter" : "Mattea",
      "facebook" : "Mattea",
      "google" : "Mattea",
      "linkedIn" : "Mattea",
      "hireDate" : "2010-01-01T00:00:00-08:00",
      "compRatio" : 115,
      "salary" : 7200.0,
      "bonus" : 1800.0,
      "commission" : 1000.0,
      "rating" : 2,
      "potential" : 5,
      "deptId" : 100,
      "mgrId" : 147,
      "deptName" : "Finance",
      "mgrFirstName" : "Allison",
      "mgrLastName" : "Errazuriz",
      "teamAvgRating" : 3.6666666666666665,
      "empMeetings" : 0,
      "empEvents" : 0,
      "notifyApproved" : 3,
      "notifyWaiting" : 4,
      "notifyRejected" : 1,
      "groupSize" : 1,
      "groupAvgRating" : 2.0,
      "groupAvgPotential" : 5.0,
      "groupCompRatioAbove" : 1,
      "groupCompRatioIn" : 0,
      "groupCompRatioBelow" : 0,
      "groupMeetings" : 0,
      "groupEvents" : 1,
      "groupTrainings" : 2,
      "groupTimeOff" : 1,
      "comps" : [ {
         "bonus" : 1800,
         "comission" : 1000,
         "compId" : 49595,
         "compRatio" : 115,
         "compSalary" : 7200,
         "effective" : "2015-10-19T00:00:00-07:00"
      }, {
         "bonus" : 1764,
         "comission" : 900,
         "compId" : 49596,
         "compRatio" : 96,
         "compSalary" : 6912,
         "effective" : "2014-10-19T00:00:00-07:00"
      }, {
         "bonus" : 1605.24,
         "comission" : 846,
         "compId" : 49597,
         "compRatio" : 31,
         "compSalary" : 6704.64,
         "effective" : "2013-02-13T00:00:00-08:00"
      }, {
         "bonus" : 1476.8208,
         "comission" : 761.4,
         "compId" : 49598,
         "compRatio" : 36,
         "compSalary" : 6570.5472,
         "effective" : "2012-11-15T00:00:00-08:00"
      }, {
         "bonus" : 1432.516176,
         "comission" : 692.874,
         "compId" : 49599,
         "compRatio" : 120,
         "compSalary" : 6373.430784,
         "effective" : "2011-03-07T00:00:00-08:00"
      }, {
         "bonus" : 1403.86585248,
         "comission" : 658.2303,
         "compId" : 49600,
         "compRatio" : 29,
         "compSalary" : 6054.7592448,
         "effective" : "2010-11-01T00:00:00-07:00"
      } ],
      "perfs" : [ {
         "effective" : "2010-08-16T00:00:00-07:00",
         "perfId" : 41336,
         "potential" : 5,
         "rating" : 3
      }, {
         "effective" : "2011-11-23T00:00:00-08:00",
         "perfId" : 41337,
         "potential" : 4,
         "rating" : 4
      }, {
         "effective" : "2012-10-15T00:00:00-07:00",
         "perfId" : 41338,
         "potential" : 2,
         "rating" : 4
      }, {
         "effective" : "2013-09-09T00:00:00-07:00",
         "perfId" : 41339,
         "potential" : 4,
         "rating" : 2
      }, {
         "effective" : "2014-07-11T00:00:00-07:00",
         "perfId" : 41340,
         "potential" : 4,
         "rating" : 4
      }, {
         "effective" : "2015-05-04T00:00:00-07:00",
         "perfId" : 41341,
         "potential" : 5,
         "rating" : 2
      } ],
      "skills" : [ {
         "empskillassignId" : 80216,
         "empskillassignRating" : 2,
         "skill" : {
            "skill" : "Acquistions",
            "skillId" : 10
         }
      }, {
         "empskillassignId" : 80217,
         "empskillassignRating" : 2,
         "skill" : {
            "skill" : "Recruiting",
            "skillId" : 13
         }
      }, {
         "empskillassignId" : 80218,
         "empskillassignRating" : 1,
         "skill" : {
            "skill" : "Analytics",
            "skillId" : 8
         }
      }, {
         "empskillassignId" : 80219,
         "empskillassignRating" : 4,
         "skill" : {
            "skill" : "Engineering",
            "skillId" : 19
         }
      }, {
         "empskillassignId" : 80220,
         "empskillassignRating" : 2,
         "skill" : {
            "skill" : "Budgeting",
            "skillId" : 25
         }
      } ],
      "events" : [ {
         "color" : "#ed813e",
         "description" : "Customer Advisory Board",
         "end" : "2010-05-07T00:00:00-07:00",
         "eventId" : 145971,
         "name" : "Event",
         "start" : "2010-05-06T00:00:00-07:00",
         "type" : "2"
      }, {
         "color" : "#81bb5f",
         "description" : "Vacation",
         "end" : "2010-05-26T00:00:00-07:00",
         "eventId" : 145972,
         "name" : "Time Off",
         "start" : "2010-05-23T00:00:00-07:00",
         "type" : "4"
      }, {
         "color" : "#fbce4a",
         "description" : "Effective Mgmt",
         "end" : "2011-02-10T00:00:00-08:00",
         "eventId" : 145973,
         "name" : "Training",
         "start" : "2011-02-07T00:00:00-08:00",
         "type" : "3"
      }, {
         "color" : "#fbce4a",
         "description" : "Ethics",
         "end" : "2011-02-24T00:00:00-08:00",
         "eventId" : 145974,
         "name" : "Training",
         "start" : "2011-02-20T00:00:00-08:00",
         "type" : "3"
      }, {
         "color" : "#ed813e",
         "description" : "Feedback Session",
         "end" : "2011-07-26T00:00:00-07:00",
         "eventId" : 145975,
         "name" : "Event",
         "start" : "2011-07-23T00:00:00-07:00",
         "type" : "2"
      }, {
         "color" : "#ed813e",
         "description" : "Winner's Circle",
         "end" : "2012-10-12T00:00:00-07:00",
         "eventId" : 145976,
         "name" : "Event",
         "start" : "2012-10-11T00:00:00-07:00",
         "type" : "2"
      }, {
         "color" : "#309fdb",
         "description" : "CCC Enterprises",
         "end" : "2012-06-29T00:00:00-07:00",
         "eventId" : 145977,
         "name" : "Customer Meeting",
         "start" : "2012-06-24T00:00:00-07:00",
         "type" : "1"
      }, {
         "color" : "#ed813e",
         "description" : "Design Awards",
         "end" : "2012-08-30T00:00:00-07:00",
         "eventId" : 145978,
         "name" : "Event",
         "start" : "2012-08-27T00:00:00-07:00",
         "type" : "2"
      }, {
         "color" : "#309fdb",
         "description" : "Bar Inc",
         "end" : "2013-05-16T00:00:00-07:00",
         "eventId" : 145979,
         "name" : "Customer Meeting",
         "start" : "2013-05-13T00:00:00-07:00",
         "type" : "1"
      }, {
         "color" : "#fbce4a",
         "description" : "ava Development",
         "end" : "2013-02-04T00:00:00-08:00",
         "eventId" : 145980,
         "name" : "Training",
         "start" : "2013-02-03T00:00:00-08:00",
         "type" : "3"
      }, {
         "color" : "#ed813e",
         "description" : "Business Meeting",
         "end" : "2013-03-12T00:00:00-07:00",
         "eventId" : 145981,
         "name" : "Event",
         "start" : "2013-03-07T00:00:00-08:00",
         "type" : "2"
      }, {
         "color" : "#ed813e",
         "description" : "Design Awards",
         "end" : "2014-08-16T00:00:00-07:00",
         "eventId" : 145982,
         "name" : "Event",
         "start" : "2014-08-11T00:00:00-07:00",
         "type" : "2"
      }, {
         "color" : "#309fdb",
         "description" : "XYZ Systems",
         "end" : "2014-08-21T00:00:00-07:00",
         "eventId" : 145983,
         "name" : "Customer Meeting",
         "start" : "2014-08-18T00:00:00-07:00",
         "type" : "1"
      }, {
         "color" : "#81bb5f",
         "description" : "Vacation",
         "end" : "2014-06-26T00:00:00-07:00",
         "eventId" : 145984,
         "name" : "Time Off",
         "start" : "2014-06-22T00:00:00-07:00",
         "type" : "4"
      }, {
         "color" : "#81bb5f",
         "description" : "Sick",
         "end" : "2015-05-27T04:00:03-07:00",
         "eventId" : 145985,
         "name" : "Time Off",
         "start" : "2015-05-26T04:00:03-07:00",
         "type" : "4"
      }, {
         "color" : "#fbce4a",
         "description" : "Security",
         "end" : "2015-06-19T04:00:03-07:00",
         "eventId" : 145986,
         "name" : "Training",
         "start" : "2015-06-17T04:00:03-07:00",
         "type" : "3"
      }, {
         "color" : "#fbce4a",
         "description" : "Sexual Harrassment",
         "end" : "2015-05-05T04:00:03-07:00",
         "eventId" : 145987,
         "name" : "Training",
         "start" : "2015-05-03T04:00:03-07:00",
         "type" : "3"
      }, {
         "color" : "#ed813e",
         "description" : "StockHolder's Meeting",
         "end" : "2015-08-10T04:00:03-07:00",
         "eventId" : 145988,
         "name" : "Event",
         "start" : "2015-08-08T04:00:03-07:00",
         "type" : "2"
      } ],
      "colleaguePerfs" : [ {
         "effective" : "2015-04-03T00:00:00-07:00",
         "perfId" : 41292,
         "potential" : 2,
         "rating" : 4
      }, {
         "effective" : "2015-05-04T00:00:00-07:00",
         "perfId" : 41341,
         "potential" : 5,
         "rating" : 2
      }, {
         "effective" : "2015-06-18T00:00:00-07:00",
         "perfId" : 41619,
         "potential" : 5,
         "rating" : 4
      }, {
         "effective" : "2015-02-03T00:00:00-08:00",
         "perfId" : 41730,
         "potential" : 2,
         "rating" : 4
      }, {
         "effective" : "2015-08-04T00:00:00-07:00",
         "perfId" : 41898,
         "potential" : 4,
         "rating" : 4
      }, {
         "effective" : "2015-06-21T00:00:00-07:00",
         "perfId" : 42008,
         "potential" : 4,
         "rating" : 4
      } ],
      "reports" : [ ]
   }