{
      "empId" : 126,
      "firstName" : "Irene",
      "lastName" : "Mikkilineni",
      "title" : "Stock Clerk",
      "email" : "IMIKKILI",
      "phone" : "650.124.1224",
      "mobile" : "650.124.1224",
      "address" : "2011 Main Street",
      "city" : "South San Francisco",
      "state" : "California",
      "country" : "US",
      "postal" : "94105",
      "twitter" : "Irene",
      "facebook" : "Irene",
      "google" : "Irene",
      "linkedIn" : "Irene",
      "hireDate" : "2009-03-01T00:00:00-08:00",
      "compRatio" : 37,
      "salary" : 5700.0,
      "bonus" : 675.0,
      "commission" : 0.0,
      "rating" : 2,
      "potential" : 5,
      "deptId" : 50,
      "mgrId" : 120,
      "deptName" : "Shipping",
      "mgrFirstName" : "Matthew",
      "mgrLastName" : "Weiss",
      "teamAvgRating" : 3.0,
      "empMeetings" : 0,
      "empEvents" : 0,
      "notifyApproved" : 3,
      "notifyWaiting" : 4,
      "notifyRejected" : 1,
      "groupSize" : 1,
      "groupAvgRating" : 2.0,
      "groupAvgPotential" : 5.0,
      "groupCompRatioAbove" : 0,
      "groupCompRatioIn" : 1,
      "groupCompRatioBelow" : 1,
      "groupMeetings" : 2,
      "groupEvents" : 0,
      "groupTrainings" : 0,
      "groupTimeOff" : 1,
      "comps" : [ {
         "bonus" : 675,
         "comission" : 0,
         "compId" : 49624,
         "compRatio" : 37,
         "compSalary" : 5700,
         "effective" : "2015-01-25T00:00:00-08:00"
      }, {
         "bonus" : 641.25,
         "comission" : 0,
         "compId" : 49625,
         "compRatio" : 97,
         "compSalary" : 5415,
         "effective" : "2014-11-22T00:00:00-08:00"
      }, {
         "bonus" : 615.6,
         "comission" : 0,
         "compId" : 49626,
         "compRatio" : 20,
         "compSalary" : 5360.85,
         "effective" : "2013-11-14T00:00:00-08:00"
      }, {
         "bonus" : 597.132,
         "comission" : 0,
         "compId" : 49627,
         "compRatio" : 33,
         "compSalary" : 5146.416,
         "effective" : "2012-08-11T00:00:00-07:00"
      }, {
         "bonus" : 561.30408,
         "comission" : 0,
         "compId" : 49628,
         "compRatio" : 112,
         "compSalary" : 4940.55936,
         "effective" : "2011-09-05T00:00:00-07:00"
      }, {
         "bonus" : 538.8519168,
         "comission" : 0,
         "compId" : 49629,
         "compRatio" : 65,
         "compSalary" : 4792.3425792,
         "effective" : "2010-07-04T00:00:00-07:00"
      }, {
         "bonus" : 506.520801792,
         "comission" : 0,
         "compId" : 49630,
         "compRatio" : 81,
         "compSalary" : 4600.648876032,
         "effective" : "2009-12-05T00:00:00-08:00"
      } ],
      "perfs" : [ {
         "effective" : "2009-01-27T00:00:00-08:00",
         "perfId" : 41365,
         "potential" : 3,
         "rating" : 3
      }, {
         "effective" : "2010-09-01T00:00:00-07:00",
         "perfId" : 41366,
         "potential" : 4,
         "rating" : 3
      }, {
         "effective" : "2011-04-07T00:00:00-07:00",
         "perfId" : 41367,
         "potential" : 3,
         "rating" : 5
      }, {
         "effective" : "2012-12-17T00:00:00-08:00",
         "perfId" : 41368,
         "potential" : 4,
         "rating" : 2
      }, {
         "effective" : "2013-02-03T00:00:00-08:00",
         "perfId" : 41369,
         "potential" : 4,
         "rating" : 2
      }, {
         "effective" : "2014-02-24T00:00:00-08:00",
         "perfId" : 41370,
         "potential" : 3,
         "rating" : 3
      }, {
         "effective" : "2015-12-17T00:00:00-08:00",
         "perfId" : 41371,
         "potential" : 5,
         "rating" : 2
      } ],
      "skills" : [ {
         "empskillassignId" : 80252,
         "empskillassignRating" : 2,
         "skill" : {
            "skill" : "HCM",
            "skillId" : 17
         }
      }, {
         "empskillassignId" : 80253,
         "empskillassignRating" : 1,
         "skill" : {
            "skill" : "Analytics",
            "skillId" : 8
         }
      }, {
         "empskillassignId" : 80254,
         "empskillassignRating" : 1,
         "skill" : {
            "skill" : "Javascript",
            "skillId" : 6
         }
      }, {
         "empskillassignId" : 80255,
         "empskillassignRating" : 5,
         "skill" : {
            "skill" : "Outsourcing",
            "skillId" : 20
         }
      }, {
         "empskillassignId" : 80256,
         "empskillassignRating" : 2,
         "skill" : {
            "skill" : "Budgeting",
            "skillId" : 25
         }
      }, {
         "empskillassignId" : 80257,
         "empskillassignRating" : 5,
         "skill" : {
            "skill" : "Engineering",
            "skillId" : 19
         }
      }, {
         "empskillassignId" : 80258,
         "empskillassignRating" : 5,
         "skill" : {
            "skill" : "Procurement",
            "skillId" : 21
         }
      }, {
         "empskillassignId" : 80259,
         "empskillassignRating" : 3,
         "skill" : {
            "skill" : "Human Resources",
            "skillId" : 18
         }
      }, {
         "empskillassignId" : 80260,
         "empskillassignRating" : 3,
         "skill" : {
            "skill" : "Risk Analysis",
            "skillId" : 12
         }
      }, {
         "empskillassignId" : 80261,
         "empskillassignRating" : 5,
         "skill" : {
            "skill" : "Recruiting",
            "skillId" : 13
         }
      }, {
         "empskillassignId" : 80262,
         "empskillassignRating" : 2,
         "skill" : {
            "skill" : "CRM",
            "skillId" : 16
         }
      }, {
         "empskillassignId" : 80263,
         "empskillassignRating" : 4,
         "skill" : {
            "skill" : "Word",
            "skillId" : 4
         }
      } ],
      "events" : [ {
         "color" : "#fbce4a",
         "description" : "iOS Development",
         "end" : "2009-06-11T00:00:00-07:00",
         "eventId" : 146058,
         "name" : "Training",
         "start" : "2009-06-08T00:00:00-07:00",
         "type" : "3"
      }, {
         "color" : "#81bb5f",
         "description" : "Sick",
         "end" : "2009-07-20T00:00:00-07:00",
         "eventId" : 146059,
         "name" : "Time Off",
         "start" : "2009-07-16T00:00:00-07:00",
         "type" : "4"
      }, {
         "color" : "#309fdb",
         "description" : "ABC LLC",
         "end" : "2009-08-31T00:00:00-07:00",
         "eventId" : 146060,
         "name" : "Customer Meeting",
         "start" : "2009-08-27T00:00:00-07:00",
         "type" : "1"
      }, {
         "color" : "#ed813e",
         "description" : "Customer Advisory Board",
         "end" : "2010-03-25T00:00:00-07:00",
         "eventId" : 146061,
         "name" : "Event",
         "start" : "2010-03-20T00:00:00-07:00",
         "type" : "2"
      }, {
         "color" : "#309fdb",
         "description" : "DEF Inc",
         "end" : "2010-03-10T00:00:00-08:00",
         "eventId" : 146062,
         "name" : "Customer Meeting",
         "start" : "2010-03-09T00:00:00-08:00",
         "type" : "1"
      }, {
         "color" : "#81bb5f",
         "description" : "Vacation",
         "end" : "2010-02-28T00:00:00-08:00",
         "eventId" : 146063,
         "name" : "Time Off",
         "start" : "2010-02-24T00:00:00-08:00",
         "type" : "4"
      }, {
         "color" : "#309fdb",
         "description" : "Oracle",
         "end" : "2010-10-13T00:00:00-07:00",
         "eventId" : 146064,
         "name" : "Customer Meeting",
         "start" : "2010-10-10T00:00:00-07:00",
         "type" : "1"
      }, {
         "color" : "#fbce4a",
         "description" : "iOS Development",
         "end" : "2011-09-15T00:00:00-07:00",
         "eventId" : 146065,
         "name" : "Training",
         "start" : "2011-09-11T00:00:00-07:00",
         "type" : "3"
      }, {
         "color" : "#ed813e",
         "description" : "Winner's Circle",
         "end" : "2011-03-27T00:00:00-07:00",
         "eventId" : 146066,
         "name" : "Event",
         "start" : "2011-03-24T00:00:00-07:00",
         "type" : "2"
      }, {
         "color" : "#309fdb",
         "description" : "CCC Enterprises",
         "end" : "2012-08-05T00:00:00-07:00",
         "eventId" : 146067,
         "name" : "Customer Meeting",
         "start" : "2012-08-01T00:00:00-07:00",
         "type" : "1"
      }, {
         "color" : "#309fdb",
         "description" : "ABC LLC",
         "end" : "2012-12-22T00:00:00-08:00",
         "eventId" : 146068,
         "name" : "Customer Meeting",
         "start" : "2012-12-20T00:00:00-08:00",
         "type" : "1"
      }, {
         "color" : "#fbce4a",
         "description" : "Effective Mgmt",
         "end" : "2013-06-21T00:00:00-07:00",
         "eventId" : 146069,
         "name" : "Training",
         "start" : "2013-06-20T00:00:00-07:00",
         "type" : "3"
      }, {
         "color" : "#fbce4a",
         "description" : "ava Development",
         "end" : "2013-04-24T00:00:00-07:00",
         "eventId" : 146070,
         "name" : "Training",
         "start" : "2013-04-21T00:00:00-07:00",
         "type" : "3"
      }, {
         "color" : "#ed813e",
         "description" : "Winner's Circle",
         "end" : "2013-09-16T00:00:00-07:00",
         "eventId" : 146071,
         "name" : "Event",
         "start" : "2013-09-13T00:00:00-07:00",
         "type" : "2"
      }, {
         "color" : "#309fdb",
         "description" : "Acme Ent",
         "end" : "2014-05-16T00:00:00-07:00",
         "eventId" : 146072,
         "name" : "Customer Meeting",
         "start" : "2014-05-13T00:00:00-07:00",
         "type" : "1"
      }, {
         "color" : "#81bb5f",
         "description" : "Sick",
         "end" : "2014-03-26T00:00:00-07:00",
         "eventId" : 146073,
         "name" : "Time Off",
         "start" : "2014-03-25T00:00:00-07:00",
         "type" : "4"
      }, {
         "color" : "#309fdb",
         "description" : "Bar Inc",
         "end" : "2015-04-27T04:00:03-07:00",
         "eventId" : 146074,
         "name" : "Customer Meeting",
         "start" : "2015-04-22T04:00:03-07:00",
         "type" : "1"
      }, {
         "color" : "#309fdb",
         "description" : "DEF Inc",
         "end" : "2015-08-13T04:00:03-07:00",
         "eventId" : 146075,
         "name" : "Customer Meeting",
         "start" : "2015-08-11T04:00:03-07:00",
         "type" : "1"
      }, {
         "color" : "#81bb5f",
         "description" : "Bereavement",
         "end" : "2015-05-13T04:00:03-07:00",
         "eventId" : 146076,
         "name" : "Time Off",
         "start" : "2015-05-09T04:00:03-07:00",
         "type" : "4"
      } ],
      "colleaguePerfs" : [ {
         "effective" : "2015-08-12T00:00:00-07:00",
         "perfId" : 41282,
         "potential" : 2,
         "rating" : 2
      }, {
         "effective" : "2015-02-24T00:00:00-08:00",
         "perfId" : 41325,
         "potential" : 2,
         "rating" : 5
      }, {
         "effective" : "2015-12-17T00:00:00-08:00",
         "perfId" : 41371,
         "potential" : 5,
         "rating" : 2
      }, {
         "effective" : "2015-08-10T00:00:00-07:00",
         "perfId" : 41391,
         "potential" : 2,
         "rating" : 3
      }, {
         "effective" : "2015-11-23T00:00:00-08:00",
         "perfId" : 41545,
         "potential" : 2,
         "rating" : 2
      }, {
         "effective" : "2015-10-27T00:00:00-07:00",
         "perfId" : 41569,
         "potential" : 5,
         "rating" : 3
      }, {
         "effective" : "2015-02-22T00:00:00-08:00",
         "perfId" : 41975,
         "potential" : 4,
         "rating" : 4
      } ],
      "reports" : [ ]
   }