{
      "empId" : 145,
      "firstName" : "Joanne",
      "lastName" : "Russell",
      "title" : "Sales Manager",
      "email" : "JRUSSEL",
      "phone" : "011.44.1344.429268",
      "mobile" : "011.44.1344.429268",
      "address" : "Magdalen Centre The Oxford Science Park",
      "city" : "Oxford",
      "state" : "Oxford",
      "country" : "UK",
      "postal" : "OX9 9ZB",
      "twitter" : "Joanne",
      "facebook" : "Joanne",
      "google" : "Joanne",
      "linkedIn" : "Joanne",
      "hireDate" : "2009-03-01T00:00:00-08:00",
      "compRatio" : 42,
      "salary" : 14000.0,
      "bonus" : 3500.0,
      "commission" : 4000.0,
      "rating" : 2,
      "potential" : 5,
      "deptId" : 80,
      "mgrId" : 148,
      "deptName" : "Sales",
      "mgrFirstName" : "Gerald",
      "mgrLastName" : "Cambrault",
      "teamAvgRating" : 3.375,
      "empMeetings" : 1,
      "empEvents" : 0,
      "notifyApproved" : 3,
      "notifyWaiting" : 4,
      "notifyRejected" : 1,
      "groupSize" : 6,
      "groupAvgRating" : 3.8333333333333335,
      "groupAvgPotential" : 3.8333333333333335,
      "groupCompRatioAbove" : 0,
      "groupCompRatioIn" : 7,
      "groupCompRatioBelow" : 6,
      "groupMeetings" : 6,
      "groupEvents" : 6,
      "groupTrainings" : 2,
      "groupTimeOff" : 5,
      "comps" : [ {
         "bonus" : 3500,
         "comission" : 4000,
         "compId" : 49754,
         "compRatio" : 42,
         "compSalary" : 14000,
         "effective" : "2015-07-08T00:00:00-07:00"
      }, {
         "bonus" : 3290,
         "comission" : 3680,
         "compId" : 49755,
         "compRatio" : 83,
         "compSalary" : 13580,
         "effective" : "2014-05-26T00:00:00-07:00"
      }, {
         "bonus" : 3092.6,
         "comission" : 3312,
         "compId" : 49756,
         "compRatio" : 112,
         "compSalary" : 12901,
         "effective" : "2013-06-24T00:00:00-07:00"
      }, {
         "bonus" : 2814.266,
         "comission" : 3080.16,
         "compId" : 49757,
         "compRatio" : 95,
         "compSalary" : 12513.97,
         "effective" : "2012-06-04T00:00:00-07:00"
      }, {
         "bonus" : 2617.26738,
         "comission" : 2833.7472,
         "compId" : 49758,
         "compRatio" : 83,
         "compSalary" : 12138.5509,
         "effective" : "2011-01-10T00:00:00-08:00"
      }, {
         "bonus" : 2381.7133158,
         "comission" : 2663.722368,
         "compId" : 49759,
         "compRatio" : 103,
         "compSalary" : 12017.165391,
         "effective" : "2010-11-26T00:00:00-08:00"
      }, {
         "bonus" : 2286.444783168,
         "comission" : 2423.98735488,
         "compId" : 49760,
         "compRatio" : 105,
         "compSalary" : 11896.99373709,
         "effective" : "2009-10-09T00:00:00-07:00"
      } ],
      "perfs" : [ {
         "effective" : "2009-02-12T00:00:00-08:00",
         "perfId" : 41495,
         "potential" : 3,
         "rating" : 5
      }, {
         "effective" : "2010-09-23T00:00:00-07:00",
         "perfId" : 41496,
         "potential" : 4,
         "rating" : 2
      }, {
         "effective" : "2011-08-08T00:00:00-07:00",
         "perfId" : 41497,
         "potential" : 5,
         "rating" : 4
      }, {
         "effective" : "2012-12-09T00:00:00-08:00",
         "perfId" : 41498,
         "potential" : 4,
         "rating" : 3
      }, {
         "effective" : "2013-12-11T00:00:00-08:00",
         "perfId" : 41499,
         "potential" : 2,
         "rating" : 5
      }, {
         "effective" : "2014-12-21T00:00:00-08:00",
         "perfId" : 41500,
         "potential" : 3,
         "rating" : 3
      }, {
         "effective" : "2015-10-11T00:00:00-07:00",
         "perfId" : 41501,
         "potential" : 5,
         "rating" : 2
      } ],
      "skills" : [ {
         "empskillassignId" : 80431,
         "empskillassignRating" : 5,
         "skill" : {
            "skill" : "Bookeeping",
            "skillDescription" : "Bookeeping",
            "skillId" : 1
         }
      }, {
         "empskillassignId" : 80432,
         "empskillassignRating" : 2,
         "skill" : {
            "skill" : "Java",
            "skillId" : 7
         }
      }, {
         "empskillassignId" : 80433,
         "empskillassignRating" : 4,
         "skill" : {
            "skill" : "Statistics",
            "skillId" : 5
         }
      }, {
         "empskillassignId" : 80434,
         "empskillassignRating" : 2,
         "skill" : {
            "skill" : "HCM",
            "skillId" : 17
         }
      }, {
         "empskillassignId" : 80435,
         "empskillassignRating" : 3,
         "skill" : {
            "skill" : "Management",
            "skillId" : 14
         }
      }, {
         "empskillassignId" : 80436,
         "empskillassignRating" : 2,
         "skill" : {
            "skill" : "Procurement",
            "skillId" : 21
         }
      }, {
         "empskillassignId" : 80437,
         "empskillassignRating" : 5,
         "skill" : {
            "skill" : "Financials",
            "skillId" : 15
         }
      }, {
         "empskillassignId" : 80438,
         "empskillassignRating" : 4,
         "skill" : {
            "skill" : "Corporate Tax",
            "skillDescription" : "Corporate Tax",
            "skillId" : 2
         }
      }, {
         "empskillassignId" : 80439,
         "empskillassignRating" : 1,
         "skill" : {
            "skill" : "Estimation",
            "skillId" : 23
         }
      }, {
         "empskillassignId" : 80440,
         "empskillassignRating" : 3,
         "skill" : {
            "skill" : "Human Resources",
            "skillId" : 18
         }
      }, {
         "empskillassignId" : 80441,
         "empskillassignRating" : 5,
         "skill" : {
            "skill" : "Risk Analysis",
            "skillId" : 12
         }
      }, {
         "empskillassignId" : 80442,
         "empskillassignRating" : 4,
         "skill" : {
            "skill" : "Word",
            "skillId" : 4
         }
      } ],
      "events" : [ {
         "color" : "#81bb5f",
         "description" : "Sick",
         "end" : "2015-04-24T04:00:04-07:00",
         "eventId" : 146463,
         "name" : "Time Off",
         "start" : "2015-04-19T04:00:04-07:00",
         "type" : "4"
      }, {
         "color" : "#ed813e",
         "description" : "Business Meeting",
         "end" : "2009-01-20T00:00:00-08:00",
         "eventId" : 146443,
         "name" : "Event",
         "start" : "2009-01-17T00:00:00-08:00",
         "type" : "2"
      }, {
         "color" : "#ed813e",
         "description" : "Design Awards",
         "end" : "2009-06-25T00:00:00-07:00",
         "eventId" : 146444,
         "name" : "Event",
         "start" : "2009-06-21T00:00:00-07:00",
         "type" : "2"
      }, {
         "color" : "#81bb5f",
         "description" : "Vacation",
         "end" : "2009-11-12T00:00:00-08:00",
         "eventId" : 146445,
         "name" : "Time Off",
         "start" : "2009-11-09T00:00:00-08:00",
         "type" : "4"
      }, {
         "color" : "#81bb5f",
         "description" : "Bereavement",
         "end" : "2010-03-21T00:00:00-07:00",
         "eventId" : 146446,
         "name" : "Time Off",
         "start" : "2010-03-16T00:00:00-07:00",
         "type" : "4"
      }, {
         "color" : "#81bb5f",
         "description" : "Sick",
         "end" : "2010-12-01T00:00:00-08:00",
         "eventId" : 146447,
         "name" : "Time Off",
         "start" : "2010-11-27T00:00:00-08:00",
         "type" : "4"
      }, {
         "color" : "#ed813e",
         "description" : "Business Meeting",
         "end" : "2010-03-15T00:00:00-07:00",
         "eventId" : 146448,
         "name" : "Event",
         "start" : "2010-03-11T00:00:00-08:00",
         "type" : "2"
      }, {
         "color" : "#ed813e",
         "description" : "Development Convention",
         "end" : "2010-08-26T00:00:00-07:00",
         "eventId" : 146449,
         "name" : "Event",
         "start" : "2010-08-23T00:00:00-07:00",
         "type" : "2"
      }, {
         "color" : "#ed813e",
         "description" : "User Group Meetup",
         "end" : "2011-04-17T00:00:00-07:00",
         "eventId" : 146450,
         "name" : "Event",
         "start" : "2011-04-13T00:00:00-07:00",
         "type" : "2"
      }, {
         "color" : "#309fdb",
         "description" : "Foo Ltd",
         "end" : "2011-03-20T00:00:00-07:00",
         "eventId" : 146451,
         "name" : "Customer Meeting",
         "start" : "2011-03-15T00:00:00-07:00",
         "type" : "1"
      }, {
         "color" : "#81bb5f",
         "description" : "Sick",
         "end" : "2011-12-06T00:00:00-08:00",
         "eventId" : 146452,
         "name" : "Time Off",
         "start" : "2011-12-02T00:00:00-08:00",
         "type" : "4"
      }, {
         "color" : "#309fdb",
         "description" : "Bar Inc",
         "end" : "2012-04-17T00:00:00-07:00",
         "eventId" : 146453,
         "name" : "Customer Meeting",
         "start" : "2012-04-14T00:00:00-07:00",
         "type" : "1"
      }, {
         "color" : "#ed813e",
         "description" : "Customer Advisory Board",
         "end" : "2012-09-15T00:00:00-07:00",
         "eventId" : 146454,
         "name" : "Event",
         "start" : "2012-09-11T00:00:00-07:00",
         "type" : "2"
      }, {
         "color" : "#309fdb",
         "description" : "Bar Inc",
         "end" : "2012-08-16T00:00:00-07:00",
         "eventId" : 146455,
         "name" : "Customer Meeting",
         "start" : "2012-08-13T00:00:00-07:00",
         "type" : "1"
      }, {
         "color" : "#fbce4a",
         "description" : "Effective Mgmt",
         "end" : "2012-04-14T00:00:00-07:00",
         "eventId" : 146456,
         "name" : "Training",
         "start" : "2012-04-10T00:00:00-07:00",
         "type" : "3"
      }, {
         "color" : "#fbce4a",
         "description" : "Mgr Essentials",
         "end" : "2013-05-20T00:00:00-07:00",
         "eventId" : 146457,
         "name" : "Training",
         "start" : "2013-05-16T00:00:00-07:00",
         "type" : "3"
      }, {
         "color" : "#ed813e",
         "description" : "Design Awards",
         "end" : "2013-07-19T00:00:00-07:00",
         "eventId" : 146458,
         "name" : "Event",
         "start" : "2013-07-14T00:00:00-07:00",
         "type" : "2"
      }, {
         "color" : "#fbce4a",
         "description" : "Security",
         "end" : "2013-08-22T00:00:00-07:00",
         "eventId" : 146459,
         "name" : "Training",
         "start" : "2013-08-21T00:00:00-07:00",
         "type" : "3"
      }, {
         "color" : "#309fdb",
         "description" : "AAA Inc",
         "end" : "2014-09-04T00:00:00-07:00",
         "eventId" : 146460,
         "name" : "Customer Meeting",
         "start" : "2014-09-02T00:00:00-07:00",
         "type" : "1"
      }, {
         "color" : "#fbce4a",
         "description" : "Mobility",
         "end" : "2014-08-25T00:00:00-07:00",
         "eventId" : 146461,
         "name" : "Training",
         "start" : "2014-08-20T00:00:00-07:00",
         "type" : "3"
      }, {
         "color" : "#309fdb",
         "description" : "Bar Inc",
         "end" : "2015-04-26T04:00:04-07:00",
         "eventId" : 146462,
         "name" : "Customer Meeting",
         "start" : "2015-04-24T04:00:04-07:00",
         "type" : "1"
      } ],
      "colleaguePerfs" : [ {
         "effective" : "2015-02-23T00:00:00-08:00",
         "perfId" : 41269,
         "potential" : 2,
         "rating" : 4
      }, {
         "effective" : "2015-02-19T00:00:00-08:00",
         "perfId" : 41424,
         "potential" : 5,
         "rating" : 4
      }, {
         "effective" : "2015-08-15T00:00:00-07:00",
         "perfId" : 41430,
         "potential" : 4,
         "rating" : 5
      }, {
         "effective" : "2015-10-11T00:00:00-07:00",
         "perfId" : 41501,
         "potential" : 5,
         "rating" : 2
      }, {
         "effective" : "2015-07-11T00:00:00-07:00",
         "perfId" : 41532,
         "potential" : 5,
         "rating" : 4
      }, {
         "effective" : "2015-10-25T00:00:00-07:00",
         "perfId" : 41740,
         "potential" : 3,
         "rating" : 2
      }, {
         "effective" : "2015-10-01T00:00:00-07:00",
         "perfId" : 41771,
         "potential" : 2,
         "rating" : 2
      }, {
         "effective" : "2015-07-22T00:00:00-07:00",
         "perfId" : 41942,
         "potential" : 4,
         "rating" : 4
      } ],
      "reports" : [ {
         "empId" : 153,
         "firstName" : "Christine",
         "lastName" : "Olsen",
         "title" : "Sales Representative",
         "email" : "COLSEN",
         "phone" : "011.44.1344.498718",
         "mobile" : "011.44.1344.498718",
         "address" : "Magdalen Centre The Oxford Science Park",
         "city" : "Oxford",
         "state" : "Oxford",
         "country" : "UK",
         "postal" : "OX9 9ZB",
         "twitter" : "Christine",
         "facebook" : "Christine",
         "google" : "Christine",
         "linkedIn" : "Christine",
         "hireDate" : "2009-03-01T00:00:00-08:00",
         "compRatio" : 49,
         "salary" : 8000.0,
         "bonus" : 2000.0,
         "commission" : 2000.0,
         "rating" : 3,
         "potential" : 2,
         "deptId" : 80,
         "mgrId" : 145,
         "deptName" : "Sales",
         "mgrFirstName" : "Joanne",
         "mgrLastName" : "Russell",
         "teamAvgRating" : 3.5,
         "empMeetings" : 0,
         "empEvents" : 1,
         "notifyApproved" : 3,
         "notifyWaiting" : 4,
         "notifyRejected" : 1,
         "groupSize" : 1,
         "groupAvgRating" : 3.0,
         "groupAvgPotential" : 2.0,
         "groupCompRatioAbove" : 0,
         "groupCompRatioIn" : 1,
         "groupCompRatioBelow" : 1,
         "groupMeetings" : 0,
         "groupEvents" : 2,
         "groupTrainings" : 1,
         "groupTimeOff" : 0
      }, {
         "empId" : 150,
         "firstName" : "Polly",
         "lastName" : "Tucker",
         "title" : "Sales Representative",
         "email" : "PTUCKER",
         "phone" : "011.44.1344.129268",
         "mobile" : "011.44.1344.129268",
         "address" : "Magdalen Centre The Oxford Science Park",
         "city" : "Oxford",
         "state" : "Oxford",
         "country" : "UK",
         "postal" : "OX9 9ZB",
         "twitter" : "Polly",
         "facebook" : "Polly",
         "google" : "Polly",
         "linkedIn" : "Polly",
         "hireDate" : "2004-09-14T00:00:00-07:00",
         "compRatio" : 16,
         "salary" : 10000.0,
         "bonus" : 2500.0,
         "commission" : 3000.0,
         "rating" : 4,
         "potential" : 3,
         "deptId" : 80,
         "mgrId" : 145,
         "deptName" : "Sales",
         "mgrFirstName" : "Joanne",
         "mgrLastName" : "Russell",
         "teamAvgRating" : 3.5,
         "empMeetings" : 0,
         "empEvents" : 0,
         "notifyApproved" : 3,
         "notifyWaiting" : 4,
         "notifyRejected" : 1,
         "groupSize" : 1,
         "groupAvgRating" : 4.0,
         "groupAvgPotential" : 3.0,
         "groupCompRatioAbove" : 0,
         "groupCompRatioIn" : 1,
         "groupCompRatioBelow" : 1,
         "groupMeetings" : 1,
         "groupEvents" : 1,
         "groupTrainings" : 0,
         "groupTimeOff" : 0
      }, {
         "empId" : 155,
         "firstName" : "Ophelia",
         "lastName" : "Tuvault",
         "title" : "Sales Representative",
         "email" : "OTUVAULT",
         "phone" : "011.44.1344.486508",
         "mobile" : "011.44.1344.486508",
         "address" : "Magdalen Centre The Oxford Science Park",
         "city" : "Oxford",
         "state" : "Oxford",
         "country" : "UK",
         "postal" : "OX9 9ZB",
         "twitter" : "Ophelia",
         "facebook" : "Ophelia",
         "google" : "Ophelia",
         "linkedIn" : "Ophelia",
         "hireDate" : "2006-07-14T00:00:00-07:00",
         "compRatio" : 29,
         "salary" : 7000.0,
         "bonus" : 1750.0,
         "commission" : 1500.0,
         "rating" : 4,
         "potential" : 2,
         "deptId" : 80,
         "mgrId" : 145,
         "deptName" : "Sales",
         "mgrFirstName" : "Joanne",
         "mgrLastName" : "Russell",
         "teamAvgRating" : 3.5,
         "empMeetings" : 0,
         "empEvents" : 0,
         "notifyApproved" : 3,
         "notifyWaiting" : 4,
         "notifyRejected" : 1,
         "groupSize" : 1,
         "groupAvgRating" : 4.0,
         "groupAvgPotential" : 2.0,
         "groupCompRatioAbove" : 0,
         "groupCompRatioIn" : 1,
         "groupCompRatioBelow" : 1,
         "groupMeetings" : 1,
         "groupEvents" : 0,
         "groupTrainings" : 0,
         "groupTimeOff" : 3
      }, {
         "empId" : 151,
         "firstName" : "Dannica",
         "lastName" : "Bernstein",
         "title" : "Sales Representative",
         "email" : "DBERNSTE",
         "phone" : "011.44.1344.345268",
         "mobile" : "011.44.1344.345268",
         "address" : "Magdalen Centre The Oxford Science Park",
         "city" : "Oxford",
         "state" : "Oxford",
         "country" : "UK",
         "postal" : "OX9 9ZB",
         "twitter" : "Dannica",
         "facebook" : "Dannica",
         "google" : "Dannica",
         "linkedIn" : "Dannica",
         "hireDate" : "2010-01-01T00:00:00-08:00",
         "compRatio" : 93,
         "salary" : 10500.0,
         "bonus" : 3275.0,
         "commission" : 2500.0,
         "rating" : 4,
         "potential" : 5,
         "deptId" : 80,
         "mgrId" : 145,
         "deptName" : "Sales",
         "mgrFirstName" : "Joanne",
         "mgrLastName" : "Russell",
         "teamAvgRating" : 3.5,
         "empMeetings" : 0,
         "empEvents" : 0,
         "notifyApproved" : 3,
         "notifyWaiting" : 4,
         "notifyRejected" : 1,
         "groupSize" : 1,
         "groupAvgRating" : 4.0,
         "groupAvgPotential" : 5.0,
         "groupCompRatioAbove" : 0,
         "groupCompRatioIn" : 1,
         "groupCompRatioBelow" : 1,
         "groupMeetings" : 1,
         "groupEvents" : 1,
         "groupTrainings" : 0,
         "groupTimeOff" : 0
      }, {
         "empId" : 154,
         "firstName" : "Nina",
         "lastName" : "Cambrault",
         "title" : "Sales Representative",
         "email" : "NCAMBRAU",
         "phone" : "011.44.1344.987668",
         "mobile" : "011.44.1344.987668",
         "address" : "Magdalen Centre The Oxford Science Park",
         "city" : "Oxford",
         "state" : "Oxford",
         "country" : "UK",
         "postal" : "OX9 9ZB",
         "twitter" : "Nina",
         "facebook" : "Nina",
         "google" : "Nina",
         "linkedIn" : "Nina",
         "hireDate" : "2008-02-14T00:00:00-08:00",
         "compRatio" : 11,
         "salary" : 9500.0,
         "bonus" : 1875.0,
         "commission" : 1000.0,
         "rating" : 4,
         "potential" : 2,
         "deptId" : 80,
         "mgrId" : 145,
         "deptName" : "Sales",
         "mgrFirstName" : "Joanne",
         "mgrLastName" : "Russell",
         "teamAvgRating" : 3.5,
         "empMeetings" : 0,
         "empEvents" : 0,
         "notifyApproved" : 3,
         "notifyWaiting" : 4,
         "notifyRejected" : 1,
         "groupSize" : 1,
         "groupAvgRating" : 4.0,
         "groupAvgPotential" : 2.0,
         "groupCompRatioAbove" : 0,
         "groupCompRatioIn" : 1,
         "groupCompRatioBelow" : 1,
         "groupMeetings" : 2,
         "groupEvents" : 0,
         "groupTrainings" : 1,
         "groupTimeOff" : 1
      }, {
         "empId" : 152,
         "firstName" : "Patricia",
         "lastName" : "Hall",
         "title" : "Sales Representative",
         "email" : "PHALL",
         "phone" : "011.44.1344.478968",
         "mobile" : "011.44.1344.478968",
         "address" : "Magdalen Centre The Oxford Science Park",
         "city" : "Oxford",
         "state" : "Oxford",
         "country" : "UK",
         "postal" : "OX9 9ZB",
         "twitter" : "Patricia",
         "facebook" : "Patricia",
         "google" : "Patricia",
         "linkedIn" : "Patricia",
         "hireDate" : "2008-02-14T00:00:00-08:00",
         "compRatio" : 105,
         "salary" : 9000.0,
         "bonus" : 2250.0,
         "commission" : 2500.0,
         "rating" : 2,
         "potential" : 4,
         "deptId" : 80,
         "mgrId" : 145,
         "deptName" : "Sales",
         "mgrFirstName" : "Joanne",
         "mgrLastName" : "Russell",
         "teamAvgRating" : 3.5,
         "empMeetings" : 0,
         "empEvents" : 0,
         "notifyApproved" : 3,
         "notifyWaiting" : 4,
         "notifyRejected" : 1,
         "groupSize" : 1,
         "groupAvgRating" : 2.0,
         "groupAvgPotential" : 4.0,
         "groupCompRatioAbove" : 0,
         "groupCompRatioIn" : 1,
         "groupCompRatioBelow" : 0,
         "groupMeetings" : 0,
         "groupEvents" : 2,
         "groupTrainings" : 0,
         "groupTimeOff" : 0
      } ]
   }