{
      "empId" : 155,
      "firstName" : "Ophelia",
      "lastName" : "Tuvault",
      "title" : "Sales Representative",
      "email" : "OTUVAULT",
      "phone" : "011.44.1344.486508",
      "mobile" : "011.44.1344.486508",
      "address" : "Magdalen Centre The Oxford Science Park",
      "city" : "Oxford",
      "state" : "Oxford",
      "country" : "UK",
      "postal" : "OX9 9ZB",
      "twitter" : "Ophelia",
      "facebook" : "Ophelia",
      "google" : "Ophelia",
      "linkedIn" : "Ophelia",
      "hireDate" : "2006-07-14T00:00:00-07:00",
      "compRatio" : 29,
      "salary" : 7000.0,
      "bonus" : 1750.0,
      "commission" : 1500.0,
      "rating" : 4,
      "potential" : 2,
      "deptId" : 80,
      "mgrId" : 145,
      "deptName" : "Sales",
      "mgrFirstName" : "Joanne",
      "mgrLastName" : "Russell",
      "teamAvgRating" : 3.5,
      "empMeetings" : 0,
      "empEvents" : 0,
      "notifyApproved" : 3,
      "notifyWaiting" : 4,
      "notifyRejected" : 1,
      "groupSize" : 1,
      "groupAvgRating" : 4.0,
      "groupAvgPotential" : 2.0,
      "groupCompRatioAbove" : 0,
      "groupCompRatioIn" : 1,
      "groupCompRatioBelow" : 1,
      "groupMeetings" : 1,
      "groupEvents" : 0,
      "groupTrainings" : 0,
      "groupTimeOff" : 3,
      "comps" : [ {
         "bonus" : 1750,
         "comission" : 1500,
         "compId" : 49848,
         "compRatio" : 29,
         "compSalary" : 7000,
         "effective" : "2015-01-26T00:00:00-08:00"
      }, {
         "bonus" : 1732.5,
         "comission" : 1350,
         "compId" : 49849,
         "compRatio" : 29,
         "compSalary" : 6790,
         "effective" : "2014-05-26T00:00:00-07:00"
      }, {
         "bonus" : 1593.9,
         "comission" : 1255.5,
         "compId" : 49850,
         "compRatio" : 52,
         "compSalary" : 6518.4,
         "effective" : "2013-12-04T00:00:00-08:00"
      }, {
         "bonus" : 1577.961,
         "comission" : 1129.95,
         "compId" : 49851,
         "compRatio" : 20,
         "compSalary" : 6192.48,
         "effective" : "2012-12-08T00:00:00-08:00"
      }, {
         "bonus" : 1562.18139,
         "comission" : 1062.153,
         "compId" : 49852,
         "compRatio" : 53,
         "compSalary" : 6006.7056,
         "effective" : "2011-10-10T00:00:00-07:00"
      }, {
         "bonus" : 1484.0723205,
         "comission" : 977.18076,
         "compId" : 49853,
         "compRatio" : 31,
         "compSalary" : 5886.571488,
         "effective" : "2010-05-17T00:00:00-07:00"
      }, {
         "bonus" : 1469.231597295,
         "comission" : 928.321722,
         "compId" : 49854,
         "compRatio" : 56,
         "compSalary" : 5768.84005824,
         "effective" : "2009-09-20T00:00:00-07:00"
      }, {
         "bonus" : 1322.3084375655,
         "comission" : 844.77276702,
         "compId" : 49855,
         "compRatio" : 62,
         "compSalary" : 5653.4632570752,
         "effective" : "2008-09-06T00:00:00-07:00"
      }, {
         "bonus" : 1229.746846935915,
         "comission" : 777.1909456584,
         "compId" : 49856,
         "compRatio" : 104,
         "compSalary" : 5596.928624504448,
         "effective" : "2007-12-26T00:00:00-08:00"
      }, {
         "bonus" : 1106.7721622423235,
         "comission" : 730.559488918896,
         "compId" : 49857,
         "compRatio" : 39,
         "compSalary" : 5484.99005201435904,
         "effective" : "2006-11-22T00:00:00-08:00"
      } ],
      "perfs" : [ {
         "effective" : "2006-04-26T00:00:00-07:00",
         "perfId" : 41589,
         "potential" : 3,
         "rating" : 3
      }, {
         "effective" : "2007-09-03T00:00:00-07:00",
         "perfId" : 41590,
         "potential" : 3,
         "rating" : 3
      }, {
         "effective" : "2008-10-26T00:00:00-07:00",
         "perfId" : 41591,
         "potential" : 4,
         "rating" : 4
      }, {
         "effective" : "2009-05-05T00:00:00-07:00",
         "perfId" : 41592,
         "potential" : 5,
         "rating" : 4
      }, {
         "effective" : "2010-01-23T00:00:00-08:00",
         "perfId" : 41593,
         "potential" : 2,
         "rating" : 2
      }, {
         "effective" : "2011-06-22T00:00:00-07:00",
         "perfId" : 41594,
         "potential" : 3,
         "rating" : 4
      }, {
         "effective" : "2012-10-16T00:00:00-07:00",
         "perfId" : 41595,
         "potential" : 2,
         "rating" : 4
      }, {
         "effective" : "2013-11-25T00:00:00-08:00",
         "perfId" : 41596,
         "potential" : 3,
         "rating" : 4
      }, {
         "effective" : "2014-08-26T00:00:00-07:00",
         "perfId" : 41597,
         "potential" : 5,
         "rating" : 4
      }, {
         "effective" : "2015-05-15T00:00:00-07:00",
         "perfId" : 41598,
         "potential" : 2,
         "rating" : 4
      } ],
      "skills" : [ {
         "empskillassignId" : 80567,
         "empskillassignRating" : 4,
         "skill" : {
            "skill" : "HCM",
            "skillId" : 17
         }
      }, {
         "empskillassignId" : 80568,
         "empskillassignRating" : 4,
         "skill" : {
            "skill" : "Java",
            "skillId" : 7
         }
      }, {
         "empskillassignId" : 80569,
         "empskillassignRating" : 2,
         "skill" : {
            "skill" : "Risk Analysis",
            "skillId" : 12
         }
      }, {
         "empskillassignId" : 80570,
         "empskillassignRating" : 3,
         "skill" : {
            "skill" : "Statistics",
            "skillId" : 5
         }
      }, {
         "empskillassignId" : 80571,
         "empskillassignRating" : 4,
         "skill" : {
            "skill" : "Engineering",
            "skillId" : 19
         }
      }, {
         "empskillassignId" : 80572,
         "empskillassignRating" : 2,
         "skill" : {
            "skill" : "Corporate Tax",
            "skillDescription" : "Corporate Tax",
            "skillId" : 2
         }
      }, {
         "empskillassignId" : 80573,
         "empskillassignRating" : 2,
         "skill" : {
            "skill" : "Budgeting",
            "skillId" : 25
         }
      }, {
         "empskillassignId" : 80574,
         "empskillassignRating" : 1,
         "skill" : {
            "skill" : "Human Resources",
            "skillId" : 18
         }
      }, {
         "empskillassignId" : 80575,
         "empskillassignRating" : 2,
         "skill" : {
            "skill" : "Bookeeping",
            "skillDescription" : "Bookeeping",
            "skillId" : 1
         }
      }, {
         "empskillassignId" : 80576,
         "empskillassignRating" : 3,
         "skill" : {
            "skill" : "Financials",
            "skillId" : 15
         }
      }, {
         "empskillassignId" : 80577,
         "empskillassignRating" : 2,
         "skill" : {
            "skill" : "Management",
            "skillId" : 14
         }
      }, {
         "empskillassignId" : 80578,
         "empskillassignRating" : 1,
         "skill" : {
            "skill" : "CRM",
            "skillId" : 16
         }
      }, {
         "empskillassignId" : 80579,
         "empskillassignRating" : 2,
         "skill" : {
            "skill" : "Procurement",
            "skillId" : 21
         }
      }, {
         "empskillassignId" : 80580,
         "empskillassignRating" : 1,
         "skill" : {
            "skill" : "Staffing",
            "skillId" : 24
         }
      }, {
         "empskillassignId" : 80581,
         "empskillassignRating" : 2,
         "skill" : {
            "skill" : "Javascript",
            "skillId" : 6
         }
      }, {
         "empskillassignId" : 80582,
         "empskillassignRating" : 3,
         "skill" : {
            "skill" : "Testing",
            "skillId" : 9
         }
      }, {
         "empskillassignId" : 80583,
         "empskillassignRating" : 4,
         "skill" : {
            "skill" : "Excel",
            "skillId" : 3
         }
      }, {
         "empskillassignId" : 80584,
         "empskillassignRating" : 5,
         "skill" : {
            "skill" : "Word",
            "skillId" : 4
         }
      } ],
      "events" : [ {
         "color" : "#81bb5f",
         "description" : "Sick",
         "end" : "2006-10-20T00:00:00-07:00",
         "eventId" : 146714,
         "name" : "Time Off",
         "start" : "2006-10-17T00:00:00-07:00",
         "type" : "4"
      }, {
         "color" : "#fbce4a",
         "description" : "Sexual Harrassment",
         "end" : "2006-08-09T00:00:00-07:00",
         "eventId" : 146715,
         "name" : "Training",
         "start" : "2006-08-08T00:00:00-07:00",
         "type" : "3"
      }, {
         "color" : "#81bb5f",
         "description" : "Vacation",
         "end" : "2007-05-30T00:00:00-07:00",
         "eventId" : 146716,
         "name" : "Time Off",
         "start" : "2007-05-26T00:00:00-07:00",
         "type" : "4"
      }, {
         "color" : "#309fdb",
         "description" : "Foo Ltd",
         "end" : "2007-02-27T00:00:00-08:00",
         "eventId" : 146717,
         "name" : "Customer Meeting",
         "start" : "2007-02-25T00:00:00-08:00",
         "type" : "1"
      }, {
         "color" : "#81bb5f",
         "description" : "Vacation",
         "end" : "2008-05-05T00:00:00-07:00",
         "eventId" : 146718,
         "name" : "Time Off",
         "start" : "2008-05-01T00:00:00-07:00",
         "type" : "4"
      }, {
         "color" : "#fbce4a",
         "description" : "Sexual Harrassment",
         "end" : "2008-11-08T00:00:00-08:00",
         "eventId" : 146719,
         "name" : "Training",
         "start" : "2008-11-06T00:00:00-08:00",
         "type" : "3"
      }, {
         "color" : "#81bb5f",
         "description" : "Sick",
         "end" : "2008-08-28T00:00:00-07:00",
         "eventId" : 146720,
         "name" : "Time Off",
         "start" : "2008-08-24T00:00:00-07:00",
         "type" : "4"
      }, {
         "color" : "#81bb5f",
         "description" : "Sick",
         "end" : "2009-01-09T00:00:00-08:00",
         "eventId" : 146721,
         "name" : "Time Off",
         "start" : "2009-01-06T00:00:00-08:00",
         "type" : "4"
      }, {
         "color" : "#fbce4a",
         "description" : "Sales",
         "end" : "2009-03-25T00:00:00-07:00",
         "eventId" : 146722,
         "name" : "Training",
         "start" : "2009-03-24T00:00:00-07:00",
         "type" : "3"
      }, {
         "color" : "#81bb5f",
         "description" : "Sick",
         "end" : "2009-05-08T00:00:00-07:00",
         "eventId" : 146723,
         "name" : "Time Off",
         "start" : "2009-05-05T00:00:00-07:00",
         "type" : "4"
      }, {
         "color" : "#ed813e",
         "description" : "Development Convention",
         "end" : "2010-10-13T00:00:00-07:00",
         "eventId" : 146724,
         "name" : "Event",
         "start" : "2010-10-11T00:00:00-07:00",
         "type" : "2"
      }, {
         "color" : "#fbce4a",
         "description" : "ava Development",
         "end" : "2010-05-24T00:00:00-07:00",
         "eventId" : 146725,
         "name" : "Training",
         "start" : "2010-05-23T00:00:00-07:00",
         "type" : "3"
      }, {
         "color" : "#81bb5f",
         "description" : "Sick",
         "end" : "2011-12-29T00:00:00-08:00",
         "eventId" : 146726,
         "name" : "Time Off",
         "start" : "2011-12-25T00:00:00-08:00",
         "type" : "4"
      }, {
         "color" : "#309fdb",
         "description" : "Foo Ltd",
         "end" : "2011-04-20T00:00:00-07:00",
         "eventId" : 146727,
         "name" : "Customer Meeting",
         "start" : "2011-04-17T00:00:00-07:00",
         "type" : "1"
      }, {
         "color" : "#81bb5f",
         "description" : "Sick",
         "end" : "2011-08-14T00:00:00-07:00",
         "eventId" : 146728,
         "name" : "Time Off",
         "start" : "2011-08-13T00:00:00-07:00",
         "type" : "4"
      }, {
         "color" : "#fbce4a",
         "description" : "Security",
         "end" : "2011-11-17T00:00:00-08:00",
         "eventId" : 146729,
         "name" : "Training",
         "start" : "2011-11-16T00:00:00-08:00",
         "type" : "3"
      }, {
         "color" : "#ed813e",
         "description" : "Design Awards",
         "end" : "2012-12-30T00:00:00-08:00",
         "eventId" : 146730,
         "name" : "Event",
         "start" : "2012-12-27T00:00:00-08:00",
         "type" : "2"
      }, {
         "color" : "#ed813e",
         "description" : "Business Meeting",
         "end" : "2012-08-22T00:00:00-07:00",
         "eventId" : 146731,
         "name" : "Event",
         "start" : "2012-08-18T00:00:00-07:00",
         "type" : "2"
      }, {
         "color" : "#81bb5f",
         "description" : "Vacation",
         "end" : "2012-07-11T00:00:00-07:00",
         "eventId" : 146732,
         "name" : "Time Off",
         "start" : "2012-07-10T00:00:00-07:00",
         "type" : "4"
      }, {
         "color" : "#ed813e",
         "description" : "Sales Convention",
         "end" : "2013-04-30T00:00:00-07:00",
         "eventId" : 146733,
         "name" : "Event",
         "start" : "2013-04-25T00:00:00-07:00",
         "type" : "2"
      }, {
         "color" : "#309fdb",
         "description" : "DEF Inc",
         "end" : "2013-10-15T00:00:00-07:00",
         "eventId" : 146734,
         "name" : "Customer Meeting",
         "start" : "2013-10-12T00:00:00-07:00",
         "type" : "1"
      }, {
         "color" : "#309fdb",
         "description" : "Bar Inc",
         "end" : "2014-08-26T00:00:00-07:00",
         "eventId" : 146735,
         "name" : "Customer Meeting",
         "start" : "2014-08-24T00:00:00-07:00",
         "type" : "1"
      }, {
         "color" : "#81bb5f",
         "description" : "Sick",
         "end" : "2014-10-10T00:00:00-07:00",
         "eventId" : 146736,
         "name" : "Time Off",
         "start" : "2014-10-08T00:00:00-07:00",
         "type" : "4"
      }, {
         "color" : "#81bb5f",
         "description" : "Sick",
         "end" : "2014-11-27T00:00:00-08:00",
         "eventId" : 146737,
         "name" : "Time Off",
         "start" : "2014-11-25T00:00:00-08:00",
         "type" : "4"
      }, {
         "color" : "#309fdb",
         "description" : "Foo Ltd",
         "end" : "2015-06-26T04:00:04-07:00",
         "eventId" : 146738,
         "name" : "Customer Meeting",
         "start" : "2015-06-22T04:00:04-07:00",
         "type" : "1"
      }, {
         "color" : "#81bb5f",
         "description" : "Vacation",
         "end" : "2015-08-09T04:00:04-07:00",
         "eventId" : 146739,
         "name" : "Time Off",
         "start" : "2015-08-04T04:00:04-07:00",
         "type" : "4"
      }, {
         "color" : "#81bb5f",
         "description" : "Sick",
         "end" : "2015-07-30T04:00:04-07:00",
         "eventId" : 146740,
         "name" : "Time Off",
         "start" : "2015-07-28T04:00:04-07:00",
         "type" : "4"
      }, {
         "color" : "#81bb5f",
         "description" : "Vacation",
         "end" : "2015-05-17T04:00:04-07:00",
         "eventId" : 146741,
         "name" : "Time Off",
         "start" : "2015-05-15T04:00:04-07:00",
         "type" : "4"
      } ],
      "colleaguePerfs" : [ {
         "effective" : "2015-04-22T00:00:00-07:00",
         "perfId" : 41404,
         "potential" : 2,
         "rating" : 3
      }, {
         "effective" : "2015-05-10T00:00:00-07:00",
         "perfId" : 41588,
         "potential" : 3,
         "rating" : 4
      }, {
         "effective" : "2015-05-15T00:00:00-07:00",
         "perfId" : 41598,
         "potential" : 2,
         "rating" : 4
      }, {
         "effective" : "2015-01-05T00:00:00-08:00",
         "perfId" : 41754,
         "potential" : 5,
         "rating" : 4
      }, {
         "effective" : "2015-04-01T00:00:00-07:00",
         "perfId" : 41804,
         "potential" : 2,
         "rating" : 4
      }, {
         "effective" : "2015-05-07T00:00:00-07:00",
         "perfId" : 42016,
         "potential" : 4,
         "rating" : 2
      } ],
      "reports" : [ ]
   }