{
      "empId" : 133,
      "firstName" : "Jason",
      "lastName" : "Mallin",
      "title" : "Stock Clerk",
      "email" : "JMALLIN",
      "phone" : "650.127.1934",
      "mobile" : "650.127.1934",
      "address" : "2011 Main Street",
      "city" : "South San Francisco",
      "state" : "California",
      "country" : "US",
      "postal" : "94105",
      "twitter" : "Jason",
      "facebook" : "Jason",
      "google" : "Jason",
      "linkedIn" : "Jason",
      "hireDate" : "2009-03-01T00:00:00-08:00",
      "compRatio" : 23,
      "salary" : 5300.0,
      "bonus" : 825.0,
      "commission" : 0.0,
      "rating" : 4,
      "potential" : 4,
      "deptId" : 50,
      "mgrId" : 122,
      "deptName" : "Shipping",
      "mgrFirstName" : "Payam",
      "mgrLastName" : "Kaufling",
      "teamAvgRating" : 3.0,
      "empMeetings" : 0,
      "empEvents" : 0,
      "notifyApproved" : 3,
      "notifyWaiting" : 4,
      "notifyRejected" : 1,
      "groupSize" : 1,
      "groupAvgRating" : 4.0,
      "groupAvgPotential" : 4.0,
      "groupCompRatioAbove" : 0,
      "groupCompRatioIn" : 1,
      "groupCompRatioBelow" : 1,
      "groupMeetings" : 0,
      "groupEvents" : 0,
      "groupTrainings" : 2,
      "groupTimeOff" : 0,
      "comps" : [ {
         "bonus" : 825,
         "comission" : 0,
         "compId" : 49566,
         "compRatio" : 23,
         "compSalary" : 5300,
         "effective" : "2015-12-26T00:00:00-08:00"
      }, {
         "bonus" : 742.5,
         "comission" : 0,
         "compId" : 49567,
         "compRatio" : 85,
         "compSalary" : 5088,
         "effective" : "2014-01-05T00:00:00-08:00"
      }, {
         "bonus" : 668.25,
         "comission" : 0,
         "compId" : 49568,
         "compRatio" : 66,
         "compSalary" : 4884.48,
         "effective" : "2013-03-07T00:00:00-08:00"
      }, {
         "bonus" : 621.4725,
         "comission" : 0,
         "compId" : 49569,
         "compRatio" : 16,
         "compSalary" : 4640.256,
         "effective" : "2012-12-26T00:00:00-08:00"
      }, {
         "bonus" : 559.32525,
         "comission" : 0,
         "compId" : 49570,
         "compRatio" : 64,
         "compSalary" : 4547.45088,
         "effective" : "2011-09-17T00:00:00-07:00"
      }, {
         "bonus" : 503.392725,
         "comission" : 0,
         "compId" : 49571,
         "compRatio" : 117,
         "compSalary" : 4456.5018624,
         "effective" : "2010-02-10T00:00:00-08:00"
      }, {
         "bonus" : 493.3248705,
         "comission" : 0,
         "compId" : 49572,
         "compRatio" : 9,
         "compSalary" : 4367.371825152,
         "effective" : "2009-07-14T00:00:00-07:00"
      } ],
      "perfs" : [ {
         "effective" : "2009-04-27T00:00:00-07:00",
         "perfId" : 41307,
         "potential" : 3,
         "rating" : 3
      }, {
         "effective" : "2010-01-02T00:00:00-08:00",
         "perfId" : 41308,
         "potential" : 5,
         "rating" : 4
      }, {
         "effective" : "2011-05-22T00:00:00-07:00",
         "perfId" : 41309,
         "potential" : 4,
         "rating" : 5
      }, {
         "effective" : "2012-09-16T00:00:00-07:00",
         "perfId" : 41310,
         "potential" : 2,
         "rating" : 3
      }, {
         "effective" : "2013-11-03T00:00:00-07:00",
         "perfId" : 41311,
         "potential" : 2,
         "rating" : 5
      }, {
         "effective" : "2014-06-17T00:00:00-07:00",
         "perfId" : 41312,
         "potential" : 2,
         "rating" : 3
      }, {
         "effective" : "2015-05-20T00:00:00-07:00",
         "perfId" : 41313,
         "potential" : 4,
         "rating" : 4
      } ],
      "skills" : [ {
         "empskillassignId" : 80179,
         "empskillassignRating" : 5,
         "skill" : {
            "skill" : "Excel",
            "skillId" : 3
         }
      }, {
         "empskillassignId" : 80180,
         "empskillassignRating" : 5,
         "skill" : {
            "skill" : "Statistics",
            "skillId" : 5
         }
      }, {
         "empskillassignId" : 80181,
         "empskillassignRating" : 4,
         "skill" : {
            "skill" : "CRM",
            "skillId" : 16
         }
      }, {
         "empskillassignId" : 80182,
         "empskillassignRating" : 5,
         "skill" : {
            "skill" : "Risk Analysis",
            "skillId" : 12
         }
      }, {
         "empskillassignId" : 80183,
         "empskillassignRating" : 5,
         "skill" : {
            "skill" : "Staffing",
            "skillId" : 24
         }
      }, {
         "empskillassignId" : 80184,
         "empskillassignRating" : 2,
         "skill" : {
            "skill" : "Outsourcing",
            "skillId" : 20
         }
      } ],
      "events" : [ {
         "color" : "#ed813e",
         "description" : "User Group Meetup",
         "end" : "2009-05-18T00:00:00-07:00",
         "eventId" : 145888,
         "name" : "Event",
         "start" : "2009-05-16T00:00:00-07:00",
         "type" : "2"
      }, {
         "color" : "#ed813e",
         "description" : "Business Meeting",
         "end" : "2009-12-08T00:00:00-08:00",
         "eventId" : 145889,
         "name" : "Event",
         "start" : "2009-12-05T00:00:00-08:00",
         "type" : "2"
      }, {
         "color" : "#309fdb",
         "description" : "Acme Ent",
         "end" : "2009-04-28T00:00:00-07:00",
         "eventId" : 145890,
         "name" : "Customer Meeting",
         "start" : "2009-04-25T00:00:00-07:00",
         "type" : "1"
      }, {
         "color" : "#309fdb",
         "description" : "Acme Ent",
         "end" : "2009-08-15T00:00:00-07:00",
         "eventId" : 145891,
         "name" : "Customer Meeting",
         "start" : "2009-08-13T00:00:00-07:00",
         "type" : "1"
      }, {
         "color" : "#fbce4a",
         "description" : "ava Development",
         "end" : "2010-06-10T00:00:00-07:00",
         "eventId" : 145892,
         "name" : "Training",
         "start" : "2010-06-09T00:00:00-07:00",
         "type" : "3"
      }, {
         "color" : "#fbce4a",
         "description" : "Sexual Harrassment",
         "end" : "2010-02-20T00:00:00-08:00",
         "eventId" : 145893,
         "name" : "Training",
         "start" : "2010-02-19T00:00:00-08:00",
         "type" : "3"
      }, {
         "color" : "#81bb5f",
         "description" : "Sick",
         "end" : "2010-02-15T00:00:00-08:00",
         "eventId" : 145894,
         "name" : "Time Off",
         "start" : "2010-02-11T00:00:00-08:00",
         "type" : "4"
      }, {
         "color" : "#fbce4a",
         "description" : "Mgr Essentials",
         "end" : "2011-11-09T00:00:00-08:00",
         "eventId" : 145895,
         "name" : "Training",
         "start" : "2011-11-08T00:00:00-08:00",
         "type" : "3"
      }, {
         "color" : "#fbce4a",
         "description" : "Mobility",
         "end" : "2011-04-22T00:00:00-07:00",
         "eventId" : 145896,
         "name" : "Training",
         "start" : "2011-04-20T00:00:00-07:00",
         "type" : "3"
      }, {
         "color" : "#309fdb",
         "description" : "BBB Ltd",
         "end" : "2011-01-04T00:00:00-08:00",
         "eventId" : 145897,
         "name" : "Customer Meeting",
         "start" : "2011-01-03T00:00:00-08:00",
         "type" : "1"
      }, {
         "color" : "#fbce4a",
         "description" : "Sales",
         "end" : "2011-04-19T00:00:00-07:00",
         "eventId" : 145898,
         "name" : "Training",
         "start" : "2011-04-16T00:00:00-07:00",
         "type" : "3"
      }, {
         "color" : "#fbce4a",
         "description" : "Mobility",
         "end" : "2012-02-07T00:00:00-08:00",
         "eventId" : 145899,
         "name" : "Training",
         "start" : "2012-02-02T00:00:00-08:00",
         "type" : "3"
      }, {
         "color" : "#81bb5f",
         "description" : "Sick",
         "end" : "2012-07-21T00:00:00-07:00",
         "eventId" : 145900,
         "name" : "Time Off",
         "start" : "2012-07-20T00:00:00-07:00",
         "type" : "4"
      }, {
         "color" : "#fbce4a",
         "description" : "iOS Development",
         "end" : "2012-12-14T00:00:00-08:00",
         "eventId" : 145901,
         "name" : "Training",
         "start" : "2012-12-09T00:00:00-08:00",
         "type" : "3"
      }, {
         "color" : "#309fdb",
         "description" : "CCC Enterprises",
         "end" : "2012-10-15T00:00:00-07:00",
         "eventId" : 145902,
         "name" : "Customer Meeting",
         "start" : "2012-10-10T00:00:00-07:00",
         "type" : "1"
      }, {
         "color" : "#81bb5f",
         "description" : "Vacation",
         "end" : "2013-09-11T00:00:00-07:00",
         "eventId" : 145903,
         "name" : "Time Off",
         "start" : "2013-09-06T00:00:00-07:00",
         "type" : "4"
      }, {
         "color" : "#309fdb",
         "description" : "Oracle",
         "end" : "2013-07-05T00:00:00-07:00",
         "eventId" : 145904,
         "name" : "Customer Meeting",
         "start" : "2013-07-04T00:00:00-07:00",
         "type" : "1"
      }, {
         "color" : "#309fdb",
         "description" : "Acme Ent",
         "end" : "2013-12-26T00:00:00-08:00",
         "eventId" : 145905,
         "name" : "Customer Meeting",
         "start" : "2013-12-21T00:00:00-08:00",
         "type" : "1"
      }, {
         "color" : "#81bb5f",
         "description" : "Sick",
         "end" : "2014-06-18T00:00:00-07:00",
         "eventId" : 145906,
         "name" : "Time Off",
         "start" : "2014-06-13T00:00:00-07:00",
         "type" : "4"
      }, {
         "color" : "#ed813e",
         "description" : "User Group Meetup",
         "end" : "2014-06-12T00:00:00-07:00",
         "eventId" : 145907,
         "name" : "Event",
         "start" : "2014-06-10T00:00:00-07:00",
         "type" : "2"
      }, {
         "color" : "#81bb5f",
         "description" : "Bereavement",
         "end" : "2014-01-15T00:00:00-08:00",
         "eventId" : 145908,
         "name" : "Time Off",
         "start" : "2014-01-10T00:00:00-08:00",
         "type" : "4"
      }, {
         "color" : "#ed813e",
         "description" : "StockHolder's Meeting",
         "end" : "2014-08-28T00:00:00-07:00",
         "eventId" : 145909,
         "name" : "Event",
         "start" : "2014-08-26T00:00:00-07:00",
         "type" : "2"
      }, {
         "color" : "#fbce4a",
         "description" : "Mobility",
         "end" : "2015-04-13T04:00:03-07:00",
         "eventId" : 145910,
         "name" : "Training",
         "start" : "2015-04-10T04:00:03-07:00",
         "type" : "3"
      }, {
         "color" : "#fbce4a",
         "description" : "Public Speaking",
         "end" : "2015-04-18T04:00:03-07:00",
         "eventId" : 145911,
         "name" : "Training",
         "start" : "2015-04-15T04:00:03-07:00",
         "type" : "3"
      } ],
      "colleaguePerfs" : [ {
         "effective" : "2015-05-20T00:00:00-07:00",
         "perfId" : 41313,
         "potential" : 4,
         "rating" : 4
      }, {
         "effective" : "2015-07-23T00:00:00-07:00",
         "perfId" : 41629,
         "potential" : 4,
         "rating" : 3
      }, {
         "effective" : "2015-04-25T00:00:00-07:00",
         "perfId" : 41642,
         "potential" : 5,
         "rating" : 2
      } ],
      "reports" : [ ]
   }