{
      "empId" : 124,
      "firstName" : "Kevin",
      "lastName" : "Mourgos",
      "title" : "Marketing Manager",
      "email" : "KMOURGOS",
      "phone" : "650.123.5234",
      "mobile" : "650.123.5234",
      "address" : "2011 Main Street",
      "city" : "South San Francisco",
      "state" : "California",
      "country" : "US",
      "postal" : "94105",
      "twitter" : "Kevin",
      "facebook" : "Kevin",
      "google" : "Kevin",
      "linkedIn" : "Kevin",
      "hireDate" : "2004-09-14T00:00:00-07:00",
      "compRatio" : 64,
      "salary" : 10800.0,
      "bonus" : 5450.0,
      "commission" : 0.0,
      "rating" : 4,
      "potential" : 4,
      "deptId" : 20,
      "mgrId" : 201,
      "deptName" : "Marketing",
      "mgrFirstName" : "Michael",
      "mgrLastName" : "Hartstein",
      "teamAvgRating" : 4.0,
      "empMeetings" : 0,
      "empEvents" : 0,
      "notifyApproved" : 3,
      "notifyWaiting" : 4,
      "notifyRejected" : 1,
      "groupSize" : 8,
      "groupAvgRating" : 4.375,
      "groupAvgPotential" : 4.125,
      "groupCompRatioAbove" : 0,
      "groupCompRatioIn" : 9,
      "groupCompRatioBelow" : 7,
      "groupMeetings" : 7,
      "groupEvents" : 3,
      "groupTrainings" : 7,
      "groupTimeOff" : 5,
      "comps" : [ {
         "bonus" : 5450,
         "comission" : 0,
         "compId" : 49631,
         "compRatio" : 64,
         "compSalary" : 10800,
         "effective" : "2015-06-14T00:00:00-07:00"
      }, {
         "bonus" : 5177.5,
         "comission" : 0,
         "compId" : 49632,
         "compRatio" : 112,
         "compSalary" : 10584,
         "effective" : "2014-04-10T00:00:00-07:00"
      }, {
         "bonus" : 4970.4,
         "comission" : 0,
         "compId" : 49633,
         "compRatio" : 120,
         "compSalary" : 10054.8,
         "effective" : "2013-07-05T00:00:00-07:00"
      }, {
         "bonus" : 4572.768,
         "comission" : 0,
         "compId" : 49634,
         "compRatio" : 105,
         "compSalary" : 9954.252,
         "effective" : "2012-03-13T00:00:00-07:00"
      }, {
         "bonus" : 4344.1296,
         "comission" : 0,
         "compId" : 49635,
         "compRatio" : 117,
         "compSalary" : 9655.62444,
         "effective" : "2011-05-22T00:00:00-07:00"
      }, {
         "bonus" : 3953.157936,
         "comission" : 0,
         "compId" : 49636,
         "compRatio" : 93,
         "compSalary" : 9462.5119512,
         "effective" : "2010-10-04T00:00:00-07:00"
      }, {
         "bonus" : 3597.37372176,
         "comission" : 0,
         "compId" : 49637,
         "compRatio" : 113,
         "compSalary" : 9367.886831688,
         "effective" : "2009-06-26T00:00:00-07:00"
      }, {
         "bonus" : 3309.5838240192,
         "comission" : 0,
         "compId" : 49638,
         "compRatio" : 67,
         "compSalary" : 8899.4924901036,
         "effective" : "2008-03-01T00:00:00-08:00"
      }, {
         "bonus" : 3044.817118097664,
         "comission" : 0,
         "compId" : 49639,
         "compRatio" : 6,
         "compSalary" : 8454.51786559842,
         "effective" : "2007-08-24T00:00:00-07:00"
      }, {
         "bonus" : 2923.02443337375744,
         "comission" : 0,
         "compId" : 49640,
         "compRatio" : 33,
         "compSalary" : 8369.9726869424358,
         "effective" : "2006-08-21T00:00:00-07:00"
      }, {
         "bonus" : 2747.6429673713319936,
         "comission" : 0,
         "compId" : 49641,
         "compRatio" : 61,
         "compSalary" : 8118.873506334162726,
         "effective" : "2005-11-05T00:00:00-08:00"
      }, {
         "bonus" : 2720.166537697618673664,
         "comission" : 0,
         "compId" : 49642,
         "compRatio" : 15,
         "compSalary" : 7794.11856608079621696,
         "effective" : "2004-01-26T00:00:00-08:00"
      } ],
      "perfs" : [ {
         "effective" : "2004-05-16T00:00:00-07:00",
         "perfId" : 41372,
         "potential" : 4,
         "rating" : 3
      }, {
         "effective" : "2005-05-04T00:00:00-07:00",
         "perfId" : 41373,
         "potential" : 3,
         "rating" : 5
      }, {
         "effective" : "2006-11-01T00:00:00-08:00",
         "perfId" : 41374,
         "potential" : 2,
         "rating" : 5
      }, {
         "effective" : "2007-06-10T00:00:00-07:00",
         "perfId" : 41375,
         "potential" : 2,
         "rating" : 4
      }, {
         "effective" : "2008-06-24T00:00:00-07:00",
         "perfId" : 41376,
         "potential" : 5,
         "rating" : 5
      }, {
         "effective" : "2009-08-07T00:00:00-07:00",
         "perfId" : 41377,
         "potential" : 4,
         "rating" : 3
      }, {
         "effective" : "2010-12-15T00:00:00-08:00",
         "perfId" : 41378,
         "potential" : 5,
         "rating" : 2
      }, {
         "effective" : "2011-07-24T00:00:00-07:00",
         "perfId" : 41379,
         "potential" : 2,
         "rating" : 3
      }, {
         "effective" : "2012-08-20T00:00:00-07:00",
         "perfId" : 41380,
         "potential" : 2,
         "rating" : 2
      }, {
         "effective" : "2013-05-02T00:00:00-07:00",
         "perfId" : 41381,
         "potential" : 4,
         "rating" : 4
      }, {
         "effective" : "2014-08-26T00:00:00-07:00",
         "perfId" : 41382,
         "potential" : 5,
         "rating" : 4
      }, {
         "effective" : "2015-06-12T00:00:00-07:00",
         "perfId" : 41383,
         "potential" : 4,
         "rating" : 4
      } ],
      "skills" : [ {
         "empskillassignId" : 80264,
         "empskillassignRating" : 2,
         "skill" : {
            "skill" : "Recruiting",
            "skillId" : 13
         }
      }, {
         "empskillassignId" : 80265,
         "empskillassignRating" : 5,
         "skill" : {
            "skill" : "Acquistions",
            "skillId" : 10
         }
      }, {
         "empskillassignId" : 80266,
         "empskillassignRating" : 2,
         "skill" : {
            "skill" : "Risk Analysis",
            "skillId" : 12
         }
      }, {
         "empskillassignId" : 80267,
         "empskillassignRating" : 5,
         "skill" : {
            "skill" : "Java",
            "skillId" : 7
         }
      }, {
         "empskillassignId" : 80268,
         "empskillassignRating" : 2,
         "skill" : {
            "skill" : "Estimation",
            "skillId" : 23
         }
      }, {
         "empskillassignId" : 80269,
         "empskillassignRating" : 3,
         "skill" : {
            "skill" : "Procurement",
            "skillId" : 21
         }
      }, {
         "empskillassignId" : 80270,
         "empskillassignRating" : 5,
         "skill" : {
            "skill" : "Corporate Tax",
            "skillDescription" : "Corporate Tax",
            "skillId" : 2
         }
      }, {
         "empskillassignId" : 80271,
         "empskillassignRating" : 1,
         "skill" : {
            "skill" : "CRM",
            "skillId" : 16
         }
      }, {
         "empskillassignId" : 80272,
         "empskillassignRating" : 4,
         "skill" : {
            "skill" : "Testing",
            "skillId" : 9
         }
      }, {
         "empskillassignId" : 80273,
         "empskillassignRating" : 5,
         "skill" : {
            "skill" : "Outsourcing",
            "skillId" : 20
         }
      }, {
         "empskillassignId" : 80274,
         "empskillassignRating" : 3,
         "skill" : {
            "skill" : "Project Planning",
            "skillId" : 11
         }
      } ],
      "events" : [ {
         "color" : "#fbce4a",
         "description" : "Ethics",
         "end" : "2004-12-01T00:00:00-08:00",
         "eventId" : 146077,
         "name" : "Training",
         "start" : "2004-11-27T00:00:00-08:00",
         "type" : "3"
      }, {
         "color" : "#309fdb",
         "description" : "ABC LLC",
         "end" : "2004-01-28T00:00:00-08:00",
         "eventId" : 146078,
         "name" : "Customer Meeting",
         "start" : "2004-01-25T00:00:00-08:00",
         "type" : "1"
      }, {
         "color" : "#ed813e",
         "description" : "Winner's Circle",
         "end" : "2005-11-23T00:00:00-08:00",
         "eventId" : 146079,
         "name" : "Event",
         "start" : "2005-11-20T00:00:00-08:00",
         "type" : "2"
      }, {
         "color" : "#81bb5f",
         "description" : "Bereavement",
         "end" : "2005-11-12T00:00:00-08:00",
         "eventId" : 146080,
         "name" : "Time Off",
         "start" : "2005-11-08T00:00:00-08:00",
         "type" : "4"
      }, {
         "color" : "#fbce4a",
         "description" : "iOS Development",
         "end" : "2006-07-22T00:00:00-07:00",
         "eventId" : 146081,
         "name" : "Training",
         "start" : "2006-07-20T00:00:00-07:00",
         "type" : "3"
      }, {
         "color" : "#fbce4a",
         "description" : "Effective Mgmt",
         "end" : "2006-02-13T00:00:00-08:00",
         "eventId" : 146082,
         "name" : "Training",
         "start" : "2006-02-09T00:00:00-08:00",
         "type" : "3"
      }, {
         "color" : "#ed813e",
         "description" : "Development Convention",
         "end" : "2006-06-10T00:00:00-07:00",
         "eventId" : 146083,
         "name" : "Event",
         "start" : "2006-06-05T00:00:00-07:00",
         "type" : "2"
      }, {
         "color" : "#309fdb",
         "description" : "DEF Inc",
         "end" : "2007-08-22T00:00:00-07:00",
         "eventId" : 146084,
         "name" : "Customer Meeting",
         "start" : "2007-08-19T00:00:00-07:00",
         "type" : "1"
      }, {
         "color" : "#fbce4a",
         "description" : "Mgr Essentials",
         "end" : "2007-08-26T00:00:00-07:00",
         "eventId" : 146085,
         "name" : "Training",
         "start" : "2007-08-22T00:00:00-07:00",
         "type" : "3"
      }, {
         "color" : "#309fdb",
         "description" : "Acme Ent",
         "end" : "2008-08-19T00:00:00-07:00",
         "eventId" : 146086,
         "name" : "Customer Meeting",
         "start" : "2008-08-18T00:00:00-07:00",
         "type" : "1"
      }, {
         "color" : "#81bb5f",
         "description" : "Vacation",
         "end" : "2008-12-07T00:00:00-08:00",
         "eventId" : 146087,
         "name" : "Time Off",
         "start" : "2008-12-03T00:00:00-08:00",
         "type" : "4"
      }, {
         "color" : "#ed813e",
         "description" : "Development Convention",
         "end" : "2008-01-21T00:00:00-08:00",
         "eventId" : 146088,
         "name" : "Event",
         "start" : "2008-01-20T00:00:00-08:00",
         "type" : "2"
      }, {
         "color" : "#81bb5f",
         "description" : "Sick",
         "end" : "2008-08-12T00:00:00-07:00",
         "eventId" : 146089,
         "name" : "Time Off",
         "start" : "2008-08-11T00:00:00-07:00",
         "type" : "4"
      }, {
         "color" : "#ed813e",
         "description" : "User Group Meetup",
         "end" : "2009-08-17T00:00:00-07:00",
         "eventId" : 146090,
         "name" : "Event",
         "start" : "2009-08-12T00:00:00-07:00",
         "type" : "2"
      }, {
         "color" : "#fbce4a",
         "description" : "Security",
         "end" : "2009-05-11T00:00:00-07:00",
         "eventId" : 146091,
         "name" : "Training",
         "start" : "2009-05-08T00:00:00-07:00",
         "type" : "3"
      }, {
         "color" : "#81bb5f",
         "description" : "Vacation",
         "end" : "2009-04-13T00:00:00-07:00",
         "eventId" : 146092,
         "name" : "Time Off",
         "start" : "2009-04-11T00:00:00-07:00",
         "type" : "4"
      }, {
         "color" : "#309fdb",
         "description" : "XYZ Systems",
         "end" : "2009-03-12T00:00:00-07:00",
         "eventId" : 146093,
         "name" : "Customer Meeting",
         "start" : "2009-03-11T00:00:00-07:00",
         "type" : "1"
      }, {
         "color" : "#309fdb",
         "description" : "AAA Inc",
         "end" : "2010-12-04T00:00:00-08:00",
         "eventId" : 146094,
         "name" : "Customer Meeting",
         "start" : "2010-12-01T00:00:00-08:00",
         "type" : "1"
      }, {
         "color" : "#ed813e",
         "description" : "Sales Convention",
         "end" : "2010-02-09T00:00:00-08:00",
         "eventId" : 146095,
         "name" : "Event",
         "start" : "2010-02-06T00:00:00-08:00",
         "type" : "2"
      }, {
         "color" : "#309fdb",
         "description" : "Acme Ent",
         "end" : "2010-07-20T00:00:00-07:00",
         "eventId" : 146096,
         "name" : "Customer Meeting",
         "start" : "2010-07-19T00:00:00-07:00",
         "type" : "1"
      }, {
         "color" : "#fbce4a",
         "description" : "ava Development",
         "end" : "2011-02-23T00:00:00-08:00",
         "eventId" : 146097,
         "name" : "Training",
         "start" : "2011-02-18T00:00:00-08:00",
         "type" : "3"
      }, {
         "color" : "#ed813e",
         "description" : "Feedback Session",
         "end" : "2011-09-19T00:00:00-07:00",
         "eventId" : 146098,
         "name" : "Event",
         "start" : "2011-09-18T00:00:00-07:00",
         "type" : "2"
      }, {
         "color" : "#ed813e",
         "description" : "Development Convention",
         "end" : "2012-10-07T00:00:00-07:00",
         "eventId" : 146099,
         "name" : "Event",
         "start" : "2012-10-04T00:00:00-07:00",
         "type" : "2"
      }, {
         "color" : "#fbce4a",
         "description" : "Security",
         "end" : "2012-05-27T00:00:00-07:00",
         "eventId" : 146100,
         "name" : "Training",
         "start" : "2012-05-22T00:00:00-07:00",
         "type" : "3"
      }, {
         "color" : "#fbce4a",
         "description" : "Mgr Essentials",
         "end" : "2012-11-18T00:00:00-08:00",
         "eventId" : 146101,
         "name" : "Training",
         "start" : "2012-11-15T00:00:00-08:00",
         "type" : "3"
      }, {
         "color" : "#81bb5f",
         "description" : "Sick",
         "end" : "2013-05-19T00:00:00-07:00",
         "eventId" : 146102,
         "name" : "Time Off",
         "start" : "2013-05-18T00:00:00-07:00",
         "type" : "4"
      }, {
         "color" : "#81bb5f",
         "description" : "Vacation",
         "end" : "2013-07-08T00:00:00-07:00",
         "eventId" : 146103,
         "name" : "Time Off",
         "start" : "2013-07-04T00:00:00-07:00",
         "type" : "4"
      }, {
         "color" : "#309fdb",
         "description" : "Bar Inc",
         "end" : "2013-11-19T00:00:00-08:00",
         "eventId" : 146104,
         "name" : "Customer Meeting",
         "start" : "2013-11-15T00:00:00-08:00",
         "type" : "1"
      }, {
         "color" : "#fbce4a",
         "description" : "Sexual Harrassment",
         "end" : "2014-04-23T00:00:00-07:00",
         "eventId" : 146105,
         "name" : "Training",
         "start" : "2014-04-19T00:00:00-07:00",
         "type" : "3"
      }, {
         "color" : "#ed813e",
         "description" : "StockHolder's Meeting",
         "end" : "2014-11-15T00:00:00-08:00",
         "eventId" : 146106,
         "name" : "Event",
         "start" : "2014-11-13T00:00:00-08:00",
         "type" : "2"
      }, {
         "color" : "#309fdb",
         "description" : "Bar Inc",
         "end" : "2014-03-05T00:00:00-08:00",
         "eventId" : 146107,
         "name" : "Customer Meeting",
         "start" : "2014-03-02T00:00:00-08:00",
         "type" : "1"
      }, {
         "color" : "#fbce4a",
         "description" : "Effective Mgmt",
         "end" : "2015-07-02T04:00:03-07:00",
         "eventId" : 146108,
         "name" : "Training",
         "start" : "2015-06-28T04:00:03-07:00",
         "type" : "3"
      }, {
         "color" : "#fbce4a",
         "description" : "Sales",
         "end" : "2015-05-06T04:00:03-07:00",
         "eventId" : 146109,
         "name" : "Training",
         "start" : "2015-05-03T04:00:03-07:00",
         "type" : "3"
      }, {
         "color" : "#309fdb",
         "description" : "DEF Inc",
         "end" : "2015-05-28T04:00:03-07:00",
         "eventId" : 146110,
         "name" : "Customer Meeting",
         "start" : "2015-05-25T04:00:03-07:00",
         "type" : "1"
      } ],
      "colleaguePerfs" : [ {
         "effective" : "2015-06-12T00:00:00-07:00",
         "perfId" : 41383,
         "potential" : 4,
         "rating" : 4
      }, {
         "effective" : "2015-12-24T00:00:00-08:00",
         "perfId" : 41929,
         "potential" : 2,
         "rating" : 4
      } ],
      "reports" : [ {
         "empId" : 143,
         "firstName" : "Randall",
         "lastName" : "Matos",
         "title" : "Marketing Representative",
         "email" : "RMATOS",
         "phone" : "650.121.2874",
         "mobile" : "650.121.2874",
         "address" : "2011 Main Street",
         "city" : "South San Francisco",
         "state" : "California",
         "country" : "US",
         "postal" : "94105",
         "twitter" : "Randall",
         "facebook" : "Randall",
         "google" : "Randall",
         "linkedIn" : "Randall",
         "hireDate" : "2009-03-01T00:00:00-08:00",
         "compRatio" : 110,
         "salary" : 8600.0,
         "bonus" : 1650.0,
         "commission" : 0.0,
         "rating" : 5,
         "potential" : 3,
         "deptId" : 20,
         "mgrId" : 124,
         "deptName" : "Marketing",
         "mgrFirstName" : "Kevin",
         "mgrLastName" : "Mourgos",
         "teamAvgRating" : 3.875,
         "empMeetings" : 1,
         "empEvents" : 0,
         "notifyApproved" : 3,
         "notifyWaiting" : 4,
         "notifyRejected" : 1,
         "groupSize" : 1,
         "groupAvgRating" : 5.0,
         "groupAvgPotential" : 3.0,
         "groupCompRatioAbove" : 0,
         "groupCompRatioIn" : 1,
         "groupCompRatioBelow" : 0,
         "groupMeetings" : 2,
         "groupEvents" : 0,
         "groupTrainings" : 0,
         "groupTimeOff" : 0
      }, {
         "empId" : 198,
         "firstName" : "Donald",
         "lastName" : "OConnell",
         "title" : "Marketing Representative",
         "email" : "DOCONNEL",
         "phone" : "650.507.9833",
         "mobile" : "650.507.9833",
         "address" : "2011 Main Street",
         "city" : "South San Francisco",
         "state" : "California",
         "country" : "US",
         "postal" : "94105",
         "twitter" : "Donald",
         "facebook" : "Donald",
         "google" : "Donald",
         "linkedIn" : "Donald",
         "hireDate" : "2010-01-01T00:00:00-08:00",
         "compRatio" : 74,
         "salary" : 8600.0,
         "bonus" : 2650.0,
         "commission" : 0.0,
         "rating" : 4,
         "potential" : 5,
         "deptId" : 20,
         "mgrId" : 124,
         "deptName" : "Marketing",
         "mgrFirstName" : "Kevin",
         "mgrLastName" : "Mourgos",
         "teamAvgRating" : 3.875,
         "empMeetings" : 0,
         "empEvents" : 0,
         "notifyApproved" : 3,
         "notifyWaiting" : 4,
         "notifyRejected" : 1,
         "groupSize" : 1,
         "groupAvgRating" : 4.0,
         "groupAvgPotential" : 5.0,
         "groupCompRatioAbove" : 0,
         "groupCompRatioIn" : 1,
         "groupCompRatioBelow" : 1,
         "groupMeetings" : 0,
         "groupEvents" : 0,
         "groupTrainings" : 3,
         "groupTimeOff" : 0
      }, {
         "empId" : 141,
         "firstName" : "Trenna",
         "lastName" : "Rajs",
         "title" : "Marketing Representative",
         "email" : "TRAJS",
         "phone" : "650.121.8009",
         "mobile" : "650.121.8009",
         "address" : "2011 Main Street",
         "city" : "South San Francisco",
         "state" : "California",
         "country" : "US",
         "postal" : "94105",
         "twitter" : "Trenna",
         "facebook" : "Trenna",
         "google" : "Trenna",
         "linkedIn" : "Trenna",
         "hireDate" : "2006-07-14T00:00:00-07:00",
         "compRatio" : 97,
         "salary" : 8500.0,
         "bonus" : 1875.0,
         "commission" : 0.0,
         "rating" : 2,
         "potential" : 5,
         "deptId" : 20,
         "mgrId" : 124,
         "deptName" : "Marketing",
         "mgrFirstName" : "Kevin",
         "mgrLastName" : "Mourgos",
         "teamAvgRating" : 3.875,
         "empMeetings" : 0,
         "empEvents" : 0,
         "notifyApproved" : 3,
         "notifyWaiting" : 4,
         "notifyRejected" : 1,
         "groupSize" : 1,
         "groupAvgRating" : 2.0,
         "groupAvgPotential" : 5.0,
         "groupCompRatioAbove" : 0,
         "groupCompRatioIn" : 1,
         "groupCompRatioBelow" : 0,
         "groupMeetings" : 1,
         "groupEvents" : 1,
         "groupTrainings" : 0,
         "groupTimeOff" : 0
      }, {
         "empId" : 144,
         "firstName" : "Perly",
         "lastName" : "Vargas",
         "title" : "Marketing Representative",
         "email" : "PVARGAS",
         "phone" : "650.121.2004",
         "mobile" : "650.121.2004",
         "address" : "2011 Main Street",
         "city" : "South San Francisco",
         "state" : "California",
         "country" : "US",
         "postal" : "94105",
         "twitter" : "Perly",
         "facebook" : "Perly",
         "google" : "Perly",
         "linkedIn" : "Perly",
         "hireDate" : "2009-03-01T00:00:00-08:00",
         "compRatio" : 63,
         "salary" : 8500.0,
         "bonus" : 1625.0,
         "commission" : 0.0,
         "rating" : 5,
         "potential" : 2,
         "deptId" : 20,
         "mgrId" : 124,
         "deptName" : "Marketing",
         "mgrFirstName" : "Kevin",
         "mgrLastName" : "Mourgos",
         "teamAvgRating" : 3.875,
         "empMeetings" : 0,
         "empEvents" : 0,
         "notifyApproved" : 3,
         "notifyWaiting" : 4,
         "notifyRejected" : 1,
         "groupSize" : 1,
         "groupAvgRating" : 5.0,
         "groupAvgPotential" : 2.0,
         "groupCompRatioAbove" : 0,
         "groupCompRatioIn" : 1,
         "groupCompRatioBelow" : 1,
         "groupMeetings" : 0,
         "groupEvents" : 0,
         "groupTrainings" : 1,
         "groupTimeOff" : 1
      }, {
         "empId" : 196,
         "firstName" : "Alana",
         "lastName" : "Walsh",
         "title" : "Marketing Representative",
         "email" : "AWALSH",
         "phone" : "650.507.9811",
         "mobile" : "650.507.9811",
         "address" : "2011 Main Street",
         "city" : "South San Francisco",
         "state" : "California",
         "country" : "US",
         "postal" : "94105",
         "twitter" : "Alana",
         "facebook" : "Alana",
         "google" : "Alana",
         "linkedIn" : "Alana",
         "hireDate" : "2010-01-01T00:00:00-08:00",
         "compRatio" : 67,
         "salary" : 8100.0,
         "bonus" : 1775.0,
         "commission" : 0.0,
         "rating" : 3,
         "potential" : 4,
         "deptId" : 20,
         "mgrId" : 124,
         "deptName" : "Marketing",
         "mgrFirstName" : "Kevin",
         "mgrLastName" : "Mourgos",
         "teamAvgRating" : 3.875,
         "empMeetings" : 0,
         "empEvents" : 0,
         "notifyApproved" : 3,
         "notifyWaiting" : 4,
         "notifyRejected" : 1,
         "groupSize" : 1,
         "groupAvgRating" : 3.0,
         "groupAvgPotential" : 4.0,
         "groupCompRatioAbove" : 0,
         "groupCompRatioIn" : 1,
         "groupCompRatioBelow" : 1,
         "groupMeetings" : 1,
         "groupEvents" : 0,
         "groupTrainings" : 0,
         "groupTimeOff" : 1
      }, {
         "empId" : 142,
         "firstName" : "Curtis",
         "lastName" : "Davies",
         "title" : "Marketing Representative",
         "email" : "CDAVIES",
         "phone" : "650.121.2994",
         "mobile" : "650.121.2994",
         "address" : "2011 Main Street",
         "city" : "South San Francisco",
         "state" : "California",
         "country" : "US",
         "postal" : "94105",
         "twitter" : "Curtis",
         "facebook" : "Curtis",
         "google" : "Curtis",
         "linkedIn" : "Curtis",
         "hireDate" : "2006-07-14T00:00:00-07:00",
         "compRatio" : 80,
         "salary" : 8100.0,
         "bonus" : 1775.0,
         "commission" : 0.0,
         "rating" : 4,
         "potential" : 3,
         "deptId" : 20,
         "mgrId" : 124,
         "deptName" : "Marketing",
         "mgrFirstName" : "Kevin",
         "mgrLastName" : "Mourgos",
         "teamAvgRating" : 3.875,
         "empMeetings" : 1,
         "empEvents" : 0,
         "notifyApproved" : 3,
         "notifyWaiting" : 4,
         "notifyRejected" : 1,
         "groupSize" : 1,
         "groupAvgRating" : 4.0,
         "groupAvgPotential" : 3.0,
         "groupCompRatioAbove" : 0,
         "groupCompRatioIn" : 1,
         "groupCompRatioBelow" : 1,
         "groupMeetings" : 1,
         "groupEvents" : 2,
         "groupTrainings" : 0,
         "groupTimeOff" : 1
      }, {
         "empId" : 197,
         "firstName" : "Kevin",
         "lastName" : "Feeney",
         "title" : "Marketing Representative",
         "email" : "KFEENEY",
         "phone" : "650.507.9822",
         "mobile" : "650.507.9822",
         "address" : "2011 Main Street",
         "city" : "South San Francisco",
         "state" : "California",
         "country" : "US",
         "postal" : "94105",
         "twitter" : "Kevin",
         "facebook" : "Kevin",
         "google" : "Kevin",
         "linkedIn" : "Kevin",
         "hireDate" : "2010-01-01T00:00:00-08:00",
         "compRatio" : 52,
         "salary" : 8000.0,
         "bonus" : 1750.0,
         "commission" : 0.0,
         "rating" : 3,
         "potential" : 2,
         "deptId" : 20,
         "mgrId" : 124,
         "deptName" : "Marketing",
         "mgrFirstName" : "Kevin",
         "mgrLastName" : "Mourgos",
         "teamAvgRating" : 3.875,
         "empMeetings" : 0,
         "empEvents" : 0,
         "notifyApproved" : 3,
         "notifyWaiting" : 4,
         "notifyRejected" : 1,
         "groupSize" : 1,
         "groupAvgRating" : 3.0,
         "groupAvgPotential" : 2.0,
         "groupCompRatioAbove" : 0,
         "groupCompRatioIn" : 1,
         "groupCompRatioBelow" : 1,
         "groupMeetings" : 0,
         "groupEvents" : 0,
         "groupTrainings" : 1,
         "groupTimeOff" : 1
      }, {
         "empId" : 199,
         "firstName" : "Douglas",
         "lastName" : "Grant",
         "title" : "Marketing Representative",
         "email" : "DGRANT",
         "phone" : "650.507.9844",
         "mobile" : "650.507.9844",
         "address" : "2011 Main Street",
         "city" : "South San Francisco",
         "state" : "California",
         "country" : "US",
         "postal" : "94105",
         "twitter" : "Douglas",
         "facebook" : "Douglas",
         "google" : "Douglas",
         "linkedIn" : "Douglas",
         "hireDate" : "2006-07-14T00:00:00-07:00",
         "compRatio" : 85,
         "salary" : 8600.0,
         "bonus" : 2650.0,
         "commission" : 0.0,
         "rating" : 5,
         "potential" : 5,
         "deptId" : 20,
         "mgrId" : 124,
         "deptName" : "Marketing",
         "mgrFirstName" : "Kevin",
         "mgrLastName" : "Mourgos",
         "teamAvgRating" : 3.875,
         "empMeetings" : 0,
         "empEvents" : 0,
         "notifyApproved" : 3,
         "notifyWaiting" : 4,
         "notifyRejected" : 1,
         "groupSize" : 1,
         "groupAvgRating" : 5.0,
         "groupAvgPotential" : 5.0,
         "groupCompRatioAbove" : 0,
         "groupCompRatioIn" : 1,
         "groupCompRatioBelow" : 1,
         "groupMeetings" : 1,
         "groupEvents" : 0,
         "groupTrainings" : 0,
         "groupTimeOff" : 1
      } ]
   }