{
      "empId" : 201,
      "firstName" : "Michael",
      "lastName" : "Hartstein",
      "title" : "Marketing Director",
      "email" : "MHARTSTE",
      "phone" : "515.123.5555",
      "mobile" : "515.123.5555",
      "address" : "147 Spadina Ave",
      "city" : "Toronto",
      "state" : "Ontario",
      "country" : "CA",
      "postal" : "M5V 2L7",
      "twitter" : "Michael",
      "facebook" : "Michael",
      "google" : "Michael",
      "linkedIn" : "Michael",
      "hireDate" : "2004-09-14T00:00:00-07:00",
      "compRatio" : 47,
      "salary" : 16000.0,
      "bonus" : 8250.0,
      "commission" : 0.0,
      "rating" : 5,
      "potential" : 4,
      "deptId" : 20,
      "mgrId" : 101,
      "deptName" : "Marketing",
      "mgrFirstName" : "Neena",
      "mgrLastName" : "Kochhar",
      "teamAvgRating" : 3.25,
      "empMeetings" : 0,
      "empEvents" : 0,
      "notifyApproved" : 3,
      "notifyWaiting" : 4,
      "notifyRejected" : 1,
      "groupSize" : 10,
      "groupAvgRating" : 4.4,
      "groupAvgPotential" : 3.9,
      "groupCompRatioAbove" : 0,
      "groupCompRatioIn" : 11,
      "groupCompRatioBelow" : 9,
      "groupMeetings" : 8,
      "groupEvents" : 3,
      "groupTrainings" : 11,
      "groupTimeOff" : 6,
      "comps" : [ {
         "bonus" : 8250,
         "comission" : 0,
         "compId" : 50276,
         "compRatio" : 47,
         "compSalary" : 16000,
         "effective" : "2015-01-16T00:00:00-08:00"
      }, {
         "bonus" : 7507.5,
         "comission" : 0,
         "compId" : 50277,
         "compRatio" : 104,
         "compSalary" : 15360,
         "effective" : "2014-07-22T00:00:00-07:00"
      }, {
         "bonus" : 6906.9,
         "comission" : 0,
         "compId" : 50278,
         "compRatio" : 77,
         "compSalary" : 14592,
         "effective" : "2013-10-06T00:00:00-07:00"
      }, {
         "bonus" : 6423.417,
         "comission" : 0,
         "compId" : 50279,
         "compRatio" : 43,
         "compSalary" : 13862.4,
         "effective" : "2012-07-18T00:00:00-07:00"
      }, {
         "bonus" : 5781.0753,
         "comission" : 0,
         "compId" : 50280,
         "compRatio" : 29,
         "compSalary" : 13169.28,
         "effective" : "2011-12-12T00:00:00-08:00"
      }, {
         "bonus" : 5318.589276,
         "comission" : 0,
         "compId" : 50281,
         "compRatio" : 47,
         "compSalary" : 12774.2016,
         "effective" : "2010-06-13T00:00:00-07:00"
      }, {
         "bonus" : 4946.28802668,
         "comission" : 0,
         "compId" : 50282,
         "compRatio" : 106,
         "compSalary" : 12390.975552,
         "effective" : "2009-11-23T00:00:00-08:00"
      }, {
         "bonus" : 4451.659224012,
         "comission" : 0,
         "compId" : 50283,
         "compRatio" : 12,
         "compSalary" : 12143.15604096,
         "effective" : "2008-06-05T00:00:00-07:00"
      }, {
         "bonus" : 4051.00989385092,
         "comission" : 0,
         "compId" : 50284,
         "compRatio" : 112,
         "compSalary" : 12021.7244805504,
         "effective" : "2007-07-19T00:00:00-07:00"
      }, {
         "bonus" : 3767.4392012813556,
         "comission" : 0,
         "compId" : 50285,
         "compRatio" : 4,
         "compSalary" : 11781.289990939392,
         "effective" : "2006-06-02T00:00:00-07:00"
      }, {
         "bonus" : 3692.090417255728488,
         "comission" : 0,
         "compId" : 50286,
         "compRatio" : 31,
         "compSalary" : 11310.03839130181632,
         "effective" : "2005-06-01T00:00:00-07:00"
      }, {
         "bonus" : 3544.40680056549934848,
         "comission" : 0,
         "compId" : 50287,
         "compRatio" : 2,
         "compSalary" : 11083.8376234757799936,
         "effective" : "2004-03-17T00:00:00-08:00"
      } ],
      "perfs" : [ {
         "effective" : "2004-08-24T00:00:00-07:00",
         "perfId" : 42017,
         "potential" : 3,
         "rating" : 4
      }, {
         "effective" : "2005-07-02T00:00:00-07:00",
         "perfId" : 42018,
         "potential" : 2,
         "rating" : 2
      }, {
         "effective" : "2006-11-26T00:00:00-08:00",
         "perfId" : 42019,
         "potential" : 3,
         "rating" : 5
      }, {
         "effective" : "2007-06-23T00:00:00-07:00",
         "perfId" : 42020,
         "potential" : 5,
         "rating" : 5
      }, {
         "effective" : "2008-06-23T00:00:00-07:00",
         "perfId" : 42021,
         "potential" : 2,
         "rating" : 5
      }, {
         "effective" : "2009-09-24T00:00:00-07:00",
         "perfId" : 42022,
         "potential" : 4,
         "rating" : 4
      }, {
         "effective" : "2010-10-15T00:00:00-07:00",
         "perfId" : 42023,
         "potential" : 5,
         "rating" : 4
      }, {
         "effective" : "2011-02-25T00:00:00-08:00",
         "perfId" : 42024,
         "potential" : 5,
         "rating" : 2
      }, {
         "effective" : "2012-08-16T00:00:00-07:00",
         "perfId" : 42025,
         "potential" : 2,
         "rating" : 5
      }, {
         "effective" : "2013-11-21T00:00:00-08:00",
         "perfId" : 42026,
         "potential" : 5,
         "rating" : 2
      }, {
         "effective" : "2014-02-02T00:00:00-08:00",
         "perfId" : 42027,
         "potential" : 3,
         "rating" : 5
      }, {
         "effective" : "2015-10-14T00:00:00-07:00",
         "perfId" : 42028,
         "potential" : 4,
         "rating" : 5
      } ],
      "skills" : [ {
         "empskillassignId" : 81185,
         "empskillassignRating" : 3,
         "skill" : {
            "skill" : "Financials",
            "skillId" : 15
         }
      }, {
         "empskillassignId" : 81186,
         "empskillassignRating" : 4,
         "skill" : {
            "skill" : "Bookeeping",
            "skillDescription" : "Bookeeping",
            "skillId" : 1
         }
      }, {
         "empskillassignId" : 81187,
         "empskillassignRating" : 3,
         "skill" : {
            "skill" : "CRM",
            "skillId" : 16
         }
      }, {
         "empskillassignId" : 81188,
         "empskillassignRating" : 1,
         "skill" : {
            "skill" : "Statistics",
            "skillId" : 5
         }
      }, {
         "empskillassignId" : 81189,
         "empskillassignRating" : 3,
         "skill" : {
            "skill" : "Corporate Tax",
            "skillDescription" : "Corporate Tax",
            "skillId" : 2
         }
      }, {
         "empskillassignId" : 81190,
         "empskillassignRating" : 3,
         "skill" : {
            "skill" : "Management",
            "skillId" : 14
         }
      }, {
         "empskillassignId" : 81191,
         "empskillassignRating" : 3,
         "skill" : {
            "skill" : "Outsourcing",
            "skillId" : 20
         }
      }, {
         "empskillassignId" : 81192,
         "empskillassignRating" : 5,
         "skill" : {
            "skill" : "Java",
            "skillId" : 7
         }
      }, {
         "empskillassignId" : 81193,
         "empskillassignRating" : 4,
         "skill" : {
            "skill" : "Excel",
            "skillId" : 3
         }
      }, {
         "empskillassignId" : 81194,
         "empskillassignRating" : 4,
         "skill" : {
            "skill" : "Recruiting",
            "skillId" : 13
         }
      }, {
         "empskillassignId" : 81195,
         "empskillassignRating" : 4,
         "skill" : {
            "skill" : "Acquistions",
            "skillId" : 10
         }
      } ],
      "events" : [ {
         "color" : "#81bb5f",
         "description" : "Bereavement",
         "end" : "2004-06-19T00:00:00-07:00",
         "eventId" : 148009,
         "name" : "Time Off",
         "start" : "2004-06-18T00:00:00-07:00",
         "type" : "4"
      }, {
         "color" : "#81bb5f",
         "description" : "Vacation",
         "end" : "2004-02-26T00:00:00-08:00",
         "eventId" : 148010,
         "name" : "Time Off",
         "start" : "2004-02-22T00:00:00-08:00",
         "type" : "4"
      }, {
         "color" : "#ed813e",
         "description" : "Winner's Circle",
         "end" : "2004-11-29T00:00:00-08:00",
         "eventId" : 148011,
         "name" : "Event",
         "start" : "2004-11-26T00:00:00-08:00",
         "type" : "2"
      }, {
         "color" : "#309fdb",
         "description" : "Bar Inc",
         "end" : "2005-08-24T00:00:00-07:00",
         "eventId" : 148012,
         "name" : "Customer Meeting",
         "start" : "2005-08-22T00:00:00-07:00",
         "type" : "1"
      }, {
         "color" : "#ed813e",
         "description" : "User Group Meetup",
         "end" : "2005-02-21T00:00:00-08:00",
         "eventId" : 148013,
         "name" : "Event",
         "start" : "2005-02-16T00:00:00-08:00",
         "type" : "2"
      }, {
         "color" : "#81bb5f",
         "description" : "Bereavement",
         "end" : "2006-08-15T00:00:00-07:00",
         "eventId" : 148014,
         "name" : "Time Off",
         "start" : "2006-08-11T00:00:00-07:00",
         "type" : "4"
      }, {
         "color" : "#309fdb",
         "description" : "Foo Ltd",
         "end" : "2006-06-23T00:00:00-07:00",
         "eventId" : 148015,
         "name" : "Customer Meeting",
         "start" : "2006-06-18T00:00:00-07:00",
         "type" : "1"
      }, {
         "color" : "#309fdb",
         "description" : "BBB Ltd",
         "end" : "2007-04-22T00:00:00-07:00",
         "eventId" : 148016,
         "name" : "Customer Meeting",
         "start" : "2007-04-21T00:00:00-07:00",
         "type" : "1"
      }, {
         "color" : "#fbce4a",
         "description" : "Public Speaking",
         "end" : "2007-08-19T00:00:00-07:00",
         "eventId" : 148017,
         "name" : "Training",
         "start" : "2007-08-18T00:00:00-07:00",
         "type" : "3"
      }, {
         "color" : "#81bb5f",
         "description" : "Vacation",
         "end" : "2007-03-08T00:00:00-08:00",
         "eventId" : 148018,
         "name" : "Time Off",
         "start" : "2007-03-04T00:00:00-08:00",
         "type" : "4"
      }, {
         "color" : "#ed813e",
         "description" : "Winner's Circle",
         "end" : "2007-05-25T00:00:00-07:00",
         "eventId" : 148019,
         "name" : "Event",
         "start" : "2007-05-21T00:00:00-07:00",
         "type" : "2"
      }, {
         "color" : "#81bb5f",
         "description" : "Sick",
         "end" : "2008-10-27T00:00:00-07:00",
         "eventId" : 148020,
         "name" : "Time Off",
         "start" : "2008-10-26T00:00:00-07:00",
         "type" : "4"
      }, {
         "color" : "#81bb5f",
         "description" : "Bereavement",
         "end" : "2008-02-26T00:00:00-08:00",
         "eventId" : 148021,
         "name" : "Time Off",
         "start" : "2008-02-22T00:00:00-08:00",
         "type" : "4"
      }, {
         "color" : "#fbce4a",
         "description" : "Effective Mgmt",
         "end" : "2008-06-05T00:00:00-07:00",
         "eventId" : 148022,
         "name" : "Training",
         "start" : "2008-06-01T00:00:00-07:00",
         "type" : "3"
      }, {
         "color" : "#309fdb",
         "description" : "XYZ Systems",
         "end" : "2009-01-07T00:00:00-08:00",
         "eventId" : 148023,
         "name" : "Customer Meeting",
         "start" : "2009-01-04T00:00:00-08:00",
         "type" : "1"
      }, {
         "color" : "#81bb5f",
         "description" : "Vacation",
         "end" : "2009-12-20T00:00:00-08:00",
         "eventId" : 148024,
         "name" : "Time Off",
         "start" : "2009-12-15T00:00:00-08:00",
         "type" : "4"
      }, {
         "color" : "#309fdb",
         "description" : "XYZ Systems",
         "end" : "2010-12-01T00:00:00-08:00",
         "eventId" : 148025,
         "name" : "Customer Meeting",
         "start" : "2010-11-27T00:00:00-08:00",
         "type" : "1"
      }, {
         "color" : "#ed813e",
         "description" : "Winner's Circle",
         "end" : "2010-02-18T00:00:00-08:00",
         "eventId" : 148026,
         "name" : "Event",
         "start" : "2010-02-16T00:00:00-08:00",
         "type" : "2"
      }, {
         "color" : "#fbce4a",
         "description" : "Sexual Harrassment",
         "end" : "2010-04-16T00:00:00-07:00",
         "eventId" : 148027,
         "name" : "Training",
         "start" : "2010-04-14T00:00:00-07:00",
         "type" : "3"
      }, {
         "color" : "#ed813e",
         "description" : "Winner's Circle",
         "end" : "2010-12-23T00:00:00-08:00",
         "eventId" : 148028,
         "name" : "Event",
         "start" : "2010-12-20T00:00:00-08:00",
         "type" : "2"
      }, {
         "color" : "#fbce4a",
         "description" : "Mobility",
         "end" : "2011-08-29T00:00:00-07:00",
         "eventId" : 148029,
         "name" : "Training",
         "start" : "2011-08-25T00:00:00-07:00",
         "type" : "3"
      }, {
         "color" : "#309fdb",
         "description" : "Oracle",
         "end" : "2011-06-16T00:00:00-07:00",
         "eventId" : 148030,
         "name" : "Customer Meeting",
         "start" : "2011-06-12T00:00:00-07:00",
         "type" : "1"
      }, {
         "color" : "#309fdb",
         "description" : "XYZ Systems",
         "end" : "2011-09-28T00:00:00-07:00",
         "eventId" : 148031,
         "name" : "Customer Meeting",
         "start" : "2011-09-24T00:00:00-07:00",
         "type" : "1"
      }, {
         "color" : "#309fdb",
         "description" : "DEF Inc",
         "end" : "2012-04-22T00:00:00-07:00",
         "eventId" : 148032,
         "name" : "Customer Meeting",
         "start" : "2012-04-18T00:00:00-07:00",
         "type" : "1"
      }, {
         "color" : "#81bb5f",
         "description" : "Sick",
         "end" : "2012-09-09T00:00:00-07:00",
         "eventId" : 148033,
         "name" : "Time Off",
         "start" : "2012-09-07T00:00:00-07:00",
         "type" : "4"
      }, {
         "color" : "#ed813e",
         "description" : "Design Awards",
         "end" : "2013-11-10T00:00:00-08:00",
         "eventId" : 148034,
         "name" : "Event",
         "start" : "2013-11-09T00:00:00-08:00",
         "type" : "2"
      }, {
         "color" : "#ed813e",
         "description" : "StockHolder's Meeting",
         "end" : "2013-01-21T00:00:00-08:00",
         "eventId" : 148035,
         "name" : "Event",
         "start" : "2013-01-16T00:00:00-08:00",
         "type" : "2"
      }, {
         "color" : "#ed813e",
         "description" : "Sales Convention",
         "end" : "2013-11-05T00:00:00-08:00",
         "eventId" : 148036,
         "name" : "Event",
         "start" : "2013-11-03T00:00:00-07:00",
         "type" : "2"
      }, {
         "color" : "#81bb5f",
         "description" : "Sick",
         "end" : "2014-10-19T00:00:00-07:00",
         "eventId" : 148037,
         "name" : "Time Off",
         "start" : "2014-10-16T00:00:00-07:00",
         "type" : "4"
      }, {
         "color" : "#309fdb",
         "description" : "CCC Enterprises",
         "end" : "2014-02-21T00:00:00-08:00",
         "eventId" : 148038,
         "name" : "Customer Meeting",
         "start" : "2014-02-18T00:00:00-08:00",
         "type" : "1"
      }, {
         "color" : "#309fdb",
         "description" : "Acme Ent",
         "end" : "2014-11-21T00:00:00-08:00",
         "eventId" : 148039,
         "name" : "Customer Meeting",
         "start" : "2014-11-19T00:00:00-08:00",
         "type" : "1"
      }, {
         "color" : "#309fdb",
         "description" : "XYZ Systems",
         "end" : "2015-07-20T04:00:05-07:00",
         "eventId" : 148040,
         "name" : "Customer Meeting",
         "start" : "2015-07-16T04:00:05-07:00",
         "type" : "1"
      }, {
         "color" : "#fbce4a",
         "description" : "Sexual Harrassment",
         "end" : "2015-04-30T04:00:05-07:00",
         "eventId" : 148041,
         "name" : "Training",
         "start" : "2015-04-27T04:00:05-07:00",
         "type" : "3"
      }, {
         "color" : "#fbce4a",
         "description" : "Mobility",
         "end" : "2015-07-19T04:00:05-07:00",
         "eventId" : 148042,
         "name" : "Training",
         "start" : "2015-07-18T04:00:05-07:00",
         "type" : "3"
      } ],
      "colleaguePerfs" : [ {
         "effective" : "2015-09-08T00:00:00-07:00",
         "perfId" : 41178,
         "potential" : 3,
         "rating" : 3
      }, {
         "effective" : "2015-01-03T00:00:00-08:00",
         "perfId" : 41488,
         "potential" : 5,
         "rating" : 2
      }, {
         "effective" : "2015-05-16T00:00:00-07:00",
         "perfId" : 41654,
         "potential" : 3,
         "rating" : 2
      }, {
         "effective" : "2015-07-18T00:00:00-07:00",
         "perfId" : 41670,
         "potential" : 4,
         "rating" : 2
      }, {
         "effective" : "2015-08-05T00:00:00-07:00",
         "perfId" : 41717,
         "potential" : 5,
         "rating" : 2
      }, {
         "effective" : "2015-06-01T00:00:00-07:00",
         "perfId" : 41796,
         "potential" : 3,
         "rating" : 5
      }, {
         "effective" : "2015-03-22T00:00:00-07:00",
         "perfId" : 42001,
         "potential" : 3,
         "rating" : 5
      }, {
         "effective" : "2015-10-14T00:00:00-07:00",
         "perfId" : 42028,
         "potential" : 4,
         "rating" : 5
      } ],
      "reports" : [ {
         "empId" : 124,
         "firstName" : "Kevin",
         "lastName" : "Mourgos",
         "title" : "Marketing Manager",
         "email" : "KMOURGOS",
         "phone" : "650.123.5234",
         "mobile" : "650.123.5234",
         "address" : "2011 Main Street",
         "city" : "South San Francisco",
         "state" : "California",
         "country" : "US",
         "postal" : "94105",
         "twitter" : "Kevin",
         "facebook" : "Kevin",
         "google" : "Kevin",
         "linkedIn" : "Kevin",
         "hireDate" : "2004-09-14T00:00:00-07:00",
         "compRatio" : 64,
         "salary" : 10800.0,
         "bonus" : 5450.0,
         "commission" : 0.0,
         "rating" : 4,
         "potential" : 4,
         "deptId" : 20,
         "mgrId" : 201,
         "deptName" : "Marketing",
         "mgrFirstName" : "Michael",
         "mgrLastName" : "Hartstein",
         "teamAvgRating" : 4.0,
         "empMeetings" : 0,
         "empEvents" : 0,
         "notifyApproved" : 3,
         "notifyWaiting" : 4,
         "notifyRejected" : 1,
         "groupSize" : 8,
         "groupAvgRating" : 4.375,
         "groupAvgPotential" : 4.125,
         "groupCompRatioAbove" : 0,
         "groupCompRatioIn" : 9,
         "groupCompRatioBelow" : 7,
         "groupMeetings" : 7,
         "groupEvents" : 3,
         "groupTrainings" : 7,
         "groupTimeOff" : 5
      }, {
         "empId" : 202,
         "firstName" : "Pat",
         "lastName" : "Fay",
         "title" : "Marketing Representative",
         "email" : "PFAY",
         "phone" : "603.123.6666",
         "mobile" : "603.123.6666",
         "address" : "147 Spadina Ave",
         "city" : "Toronto",
         "state" : "Ontario",
         "country" : "CA",
         "postal" : "M5V 2L7",
         "twitter" : "Pat",
         "facebook" : "Pat",
         "google" : "Pat",
         "linkedIn" : "Pat",
         "hireDate" : "2006-07-14T00:00:00-07:00",
         "compRatio" : 55,
         "salary" : 12000.0,
         "bonus" : 6500.0,
         "commission" : 0.0,
         "rating" : 4,
         "potential" : 2,
         "deptId" : 20,
         "mgrId" : 201,
         "deptName" : "Marketing",
         "mgrFirstName" : "Michael",
         "mgrLastName" : "Hartstein",
         "teamAvgRating" : 4.0,
         "empMeetings" : 0,
         "empEvents" : 0,
         "notifyApproved" : 3,
         "notifyWaiting" : 4,
         "notifyRejected" : 1,
         "groupSize" : 1,
         "groupAvgRating" : 4.0,
         "groupAvgPotential" : 2.0,
         "groupCompRatioAbove" : 0,
         "groupCompRatioIn" : 1,
         "groupCompRatioBelow" : 1,
         "groupMeetings" : 0,
         "groupEvents" : 0,
         "groupTrainings" : 2,
         "groupTimeOff" : 1
      } ]
   }