{
      "empId" : 148,
      "firstName" : "Gerald",
      "lastName" : "Cambrault",
      "title" : "Sales Director",
      "email" : "GCAMBRAU",
      "phone" : "011.44.1344.619268",
      "mobile" : "011.44.1344.619268",
      "address" : "Magdalen Centre The Oxford Science Park",
      "city" : "Oxford",
      "state" : "Oxford",
      "country" : "UK",
      "postal" : "OX9 9ZB",
      "twitter" : "Gerald",
      "facebook" : "Gerald",
      "google" : "Gerald",
      "linkedIn" : "Gerald",
      "hireDate" : "2009-03-01T00:00:00-08:00",
      "compRatio" : 112,
      "salary" : 19000.0,
      "bonus" : 12750.0,
      "commission" : 9000.0,
      "rating" : 5,
      "potential" : 3,
      "deptId" : 80,
      "mgrId" : 101,
      "deptName" : "Sales",
      "mgrFirstName" : "Neena",
      "mgrLastName" : "Kochhar",
      "teamAvgRating" : 3.25,
      "empMeetings" : 0,
      "empEvents" : 0,
      "notifyApproved" : 3,
      "notifyWaiting" : 4,
      "notifyRejected" : 1,
      "groupSize" : 20,
      "groupAvgRating" : 3.9,
      "groupAvgPotential" : 3.55,
      "groupCompRatioAbove" : 2,
      "groupCompRatioIn" : 19,
      "groupCompRatioBelow" : 16,
      "groupMeetings" : 18,
      "groupEvents" : 15,
      "groupTrainings" : 12,
      "groupTimeOff" : 15,
      "comps" : [ {
         "bonus" : 12750,
         "comission" : 9000,
         "compId" : 50049,
         "compRatio" : 112,
         "compSalary" : 19000,
         "effective" : "2015-11-11T00:00:00-08:00"
      }, {
         "bonus" : 11985,
         "comission" : 8100,
         "compId" : 50050,
         "compRatio" : 19,
         "compSalary" : 18430,
         "effective" : "2014-06-03T00:00:00-07:00"
      }, {
         "bonus" : 10906.35,
         "comission" : 7695,
         "compId" : 50051,
         "compRatio" : 17,
         "compSalary" : 18245.7,
         "effective" : "2013-05-24T00:00:00-07:00"
      }, {
         "bonus" : 10688.223,
         "comission" : 7002.45,
         "compId" : 50052,
         "compRatio" : 31,
         "compSalary" : 17333.415,
         "effective" : "2012-03-22T00:00:00-07:00"
      }, {
         "bonus" : 9833.16516,
         "comission" : 6582.303,
         "compId" : 50053,
         "compRatio" : 38,
         "compSalary" : 16986.7467,
         "effective" : "2011-02-23T00:00:00-08:00"
      }, {
         "bonus" : 9439.8385536,
         "comission" : 6187.36482,
         "compId" : 50054,
         "compRatio" : 81,
         "compSalary" : 16307.276832,
         "effective" : "2010-08-20T00:00:00-07:00"
      }, {
         "bonus" : 8590.253083776,
         "comission" : 5692.3756344,
         "compId" : 50055,
         "compRatio" : 17,
         "compSalary" : 15654.98575872,
         "effective" : "2009-06-16T00:00:00-07:00"
      } ],
      "perfs" : [ {
         "effective" : "2009-07-07T00:00:00-07:00",
         "perfId" : 41790,
         "potential" : 2,
         "rating" : 2
      }, {
         "effective" : "2010-06-07T00:00:00-07:00",
         "perfId" : 41791,
         "potential" : 2,
         "rating" : 5
      }, {
         "effective" : "2011-08-04T00:00:00-07:00",
         "perfId" : 41792,
         "potential" : 2,
         "rating" : 4
      }, {
         "effective" : "2012-10-15T00:00:00-07:00",
         "perfId" : 41793,
         "potential" : 3,
         "rating" : 3
      }, {
         "effective" : "2013-03-09T00:00:00-08:00",
         "perfId" : 41794,
         "potential" : 5,
         "rating" : 3
      }, {
         "effective" : "2014-11-03T00:00:00-08:00",
         "perfId" : 41795,
         "potential" : 3,
         "rating" : 4
      }, {
         "effective" : "2015-06-01T00:00:00-07:00",
         "perfId" : 41796,
         "potential" : 3,
         "rating" : 5
      } ],
      "skills" : [ {
         "empskillassignId" : 80876,
         "empskillassignRating" : 2,
         "skill" : {
            "skill" : "Bookeeping",
            "skillDescription" : "Bookeeping",
            "skillId" : 1
         }
      }, {
         "empskillassignId" : 80877,
         "empskillassignRating" : 4,
         "skill" : {
            "skill" : "Analytics",
            "skillId" : 8
         }
      }, {
         "empskillassignId" : 80878,
         "empskillassignRating" : 5,
         "skill" : {
            "skill" : "CRM",
            "skillId" : 16
         }
      }, {
         "empskillassignId" : 80879,
         "empskillassignRating" : 1,
         "skill" : {
            "skill" : "Human Resources",
            "skillId" : 18
         }
      }, {
         "empskillassignId" : 80880,
         "empskillassignRating" : 5,
         "skill" : {
            "skill" : "Procurement",
            "skillId" : 21
         }
      }, {
         "empskillassignId" : 80881,
         "empskillassignRating" : 5,
         "skill" : {
            "skill" : "Staffing",
            "skillId" : 24
         }
      } ],
      "events" : [ {
         "color" : "#309fdb",
         "description" : "Oracle",
         "end" : "2013-08-22T00:00:00-07:00",
         "eventId" : 147332,
         "name" : "Customer Meeting",
         "start" : "2013-08-18T00:00:00-07:00",
         "type" : "1"
      }, {
         "color" : "#309fdb",
         "description" : "CCC Enterprises",
         "end" : "2013-01-29T00:00:00-08:00",
         "eventId" : 147333,
         "name" : "Customer Meeting",
         "start" : "2013-01-24T00:00:00-08:00",
         "type" : "1"
      }, {
         "color" : "#fbce4a",
         "description" : "Mgr Essentials",
         "end" : "2014-08-10T00:00:00-07:00",
         "eventId" : 147334,
         "name" : "Training",
         "start" : "2014-08-07T00:00:00-07:00",
         "type" : "3"
      }, {
         "color" : "#ed813e",
         "description" : "User Group Meetup",
         "end" : "2014-07-10T00:00:00-07:00",
         "eventId" : 147335,
         "name" : "Event",
         "start" : "2014-07-05T00:00:00-07:00",
         "type" : "2"
      }, {
         "color" : "#fbce4a",
         "description" : "Sales",
         "end" : "2014-06-11T00:00:00-07:00",
         "eventId" : 147336,
         "name" : "Training",
         "start" : "2014-06-06T00:00:00-07:00",
         "type" : "3"
      }, {
         "color" : "#309fdb",
         "description" : "ABC LLC",
         "end" : "2015-07-09T04:00:04-07:00",
         "eventId" : 147337,
         "name" : "Customer Meeting",
         "start" : "2015-07-06T04:00:04-07:00",
         "type" : "1"
      }, {
         "color" : "#309fdb",
         "description" : "Acme Ent",
         "end" : "2015-07-22T04:00:04-07:00",
         "eventId" : 147338,
         "name" : "Customer Meeting",
         "start" : "2015-07-17T04:00:04-07:00",
         "type" : "1"
      }, {
         "color" : "#fbce4a",
         "description" : "Sexual Harrassment",
         "end" : "2015-04-16T04:00:04-07:00",
         "eventId" : 147339,
         "name" : "Training",
         "start" : "2015-04-11T04:00:04-07:00",
         "type" : "3"
      }, {
         "color" : "#309fdb",
         "description" : "Bar Inc",
         "end" : "2015-06-03T04:00:04-07:00",
         "eventId" : 147340,
         "name" : "Customer Meeting",
         "start" : "2015-06-02T04:00:04-07:00",
         "type" : "1"
      }, {
         "color" : "#fbce4a",
         "description" : "Public Speaking",
         "end" : "2009-12-22T00:00:00-08:00",
         "eventId" : 147319,
         "name" : "Training",
         "start" : "2009-12-19T00:00:00-08:00",
         "type" : "3"
      }, {
         "color" : "#fbce4a",
         "description" : "Mobility",
         "end" : "2009-06-09T00:00:00-07:00",
         "eventId" : 147320,
         "name" : "Training",
         "start" : "2009-06-08T00:00:00-07:00",
         "type" : "3"
      }, {
         "color" : "#81bb5f",
         "description" : "Bereavement",
         "end" : "2009-08-28T00:00:00-07:00",
         "eventId" : 147321,
         "name" : "Time Off",
         "start" : "2009-08-23T00:00:00-07:00",
         "type" : "4"
      }, {
         "color" : "#fbce4a",
         "description" : "Ethics",
         "end" : "2009-05-15T00:00:00-07:00",
         "eventId" : 147322,
         "name" : "Training",
         "start" : "2009-05-12T00:00:00-07:00",
         "type" : "3"
      }, {
         "color" : "#ed813e",
         "description" : "Development Convention",
         "end" : "2010-09-12T00:00:00-07:00",
         "eventId" : 147323,
         "name" : "Event",
         "start" : "2010-09-08T00:00:00-07:00",
         "type" : "2"
      }, {
         "color" : "#309fdb",
         "description" : "Bar Inc",
         "end" : "2010-05-14T00:00:00-07:00",
         "eventId" : 147324,
         "name" : "Customer Meeting",
         "start" : "2010-05-09T00:00:00-07:00",
         "type" : "1"
      }, {
         "color" : "#81bb5f",
         "description" : "Vacation",
         "end" : "2011-12-19T00:00:00-08:00",
         "eventId" : 147325,
         "name" : "Time Off",
         "start" : "2011-12-16T00:00:00-08:00",
         "type" : "4"
      }, {
         "color" : "#309fdb",
         "description" : "Bar Inc",
         "end" : "2011-09-14T00:00:00-07:00",
         "eventId" : 147326,
         "name" : "Customer Meeting",
         "start" : "2011-09-12T00:00:00-07:00",
         "type" : "1"
      }, {
         "color" : "#ed813e",
         "description" : "Design Awards",
         "end" : "2011-06-26T00:00:00-07:00",
         "eventId" : 147327,
         "name" : "Event",
         "start" : "2011-06-23T00:00:00-07:00",
         "type" : "2"
      }, {
         "color" : "#ed813e",
         "description" : "Feedback Session",
         "end" : "2012-12-16T00:00:00-08:00",
         "eventId" : 147328,
         "name" : "Event",
         "start" : "2012-12-11T00:00:00-08:00",
         "type" : "2"
      }, {
         "color" : "#309fdb",
         "description" : "Oracle",
         "end" : "2012-11-21T00:00:00-08:00",
         "eventId" : 147329,
         "name" : "Customer Meeting",
         "start" : "2012-11-16T00:00:00-08:00",
         "type" : "1"
      }, {
         "color" : "#81bb5f",
         "description" : "Vacation",
         "end" : "2013-05-28T00:00:00-07:00",
         "eventId" : 147330,
         "name" : "Time Off",
         "start" : "2013-05-26T00:00:00-07:00",
         "type" : "4"
      }, {
         "color" : "#ed813e",
         "description" : "Feedback Session",
         "end" : "2013-05-06T00:00:00-07:00",
         "eventId" : 147331,
         "name" : "Event",
         "start" : "2013-05-01T00:00:00-07:00",
         "type" : "2"
      } ],
      "colleaguePerfs" : [ {
         "effective" : "2015-09-08T00:00:00-07:00",
         "perfId" : 41178,
         "potential" : 3,
         "rating" : 3
      }, {
         "effective" : "2015-01-03T00:00:00-08:00",
         "perfId" : 41488,
         "potential" : 5,
         "rating" : 2
      }, {
         "effective" : "2015-05-16T00:00:00-07:00",
         "perfId" : 41654,
         "potential" : 3,
         "rating" : 2
      }, {
         "effective" : "2015-07-18T00:00:00-07:00",
         "perfId" : 41670,
         "potential" : 4,
         "rating" : 2
      }, {
         "effective" : "2015-08-05T00:00:00-07:00",
         "perfId" : 41717,
         "potential" : 5,
         "rating" : 2
      }, {
         "effective" : "2015-06-01T00:00:00-07:00",
         "perfId" : 41796,
         "potential" : 3,
         "rating" : 5
      }, {
         "effective" : "2015-03-22T00:00:00-07:00",
         "perfId" : 42001,
         "potential" : 3,
         "rating" : 5
      }, {
         "effective" : "2015-10-14T00:00:00-07:00",
         "perfId" : 42028,
         "potential" : 4,
         "rating" : 5
      } ],
      "reports" : [ {
         "empId" : 173,
         "firstName" : "Sandra",
         "lastName" : "Kain",
         "title" : "Sales Representative",
         "email" : "SKAIN",
         "phone" : "011.44.1343.329268",
         "mobile" : "011.44.1343.329268",
         "address" : "Magdalen Centre The Oxford Science Park",
         "city" : "Oxford",
         "state" : "Oxford",
         "country" : "UK",
         "postal" : "OX9 9ZB",
         "twitter" : "Sandra",
         "facebook" : "Sandra",
         "google" : "Sandra",
         "linkedIn" : "Sandra",
         "hireDate" : "2006-07-14T00:00:00-07:00",
         "compRatio" : 48,
         "salary" : 6100.0,
         "bonus" : 1525.0,
         "commission" : 1000.0,
         "rating" : 4,
         "potential" : 2,
         "deptId" : 80,
         "mgrId" : 148,
         "deptName" : "Sales",
         "mgrFirstName" : "Gerald",
         "mgrLastName" : "Cambrault",
         "teamAvgRating" : 3.375,
         "empMeetings" : 0,
         "empEvents" : 0,
         "notifyApproved" : 3,
         "notifyWaiting" : 4,
         "notifyRejected" : 1,
         "groupSize" : 1,
         "groupAvgRating" : 4.0,
         "groupAvgPotential" : 2.0,
         "groupCompRatioAbove" : 0,
         "groupCompRatioIn" : 1,
         "groupCompRatioBelow" : 1,
         "groupMeetings" : 1,
         "groupEvents" : 1,
         "groupTrainings" : 0,
         "groupTimeOff" : 0
      }, {
         "empId" : 168,
         "firstName" : "Lenny",
         "lastName" : "Ozer",
         "title" : "Sales Representative",
         "email" : "LOZER",
         "phone" : "011.44.1343.929268",
         "mobile" : "011.44.1343.929268",
         "address" : "Magdalen Centre The Oxford Science Park",
         "city" : "Oxford",
         "state" : "Oxford",
         "country" : "UK",
         "postal" : "OX9 9ZB",
         "twitter" : "Lenny",
         "facebook" : "Lenny",
         "google" : "Lenny",
         "linkedIn" : "Lenny",
         "hireDate" : "2006-07-14T00:00:00-07:00",
         "compRatio" : 96,
         "salary" : 11500.0,
         "bonus" : 2875.0,
         "commission" : 2500.0,
         "rating" : 4,
         "potential" : 5,
         "deptId" : 80,
         "mgrId" : 148,
         "deptName" : "Sales",
         "mgrFirstName" : "Gerald",
         "mgrLastName" : "Cambrault",
         "teamAvgRating" : 3.375,
         "empMeetings" : 0,
         "empEvents" : 0,
         "notifyApproved" : 3,
         "notifyWaiting" : 4,
         "notifyRejected" : 1,
         "groupSize" : 1,
         "groupAvgRating" : 4.0,
         "groupAvgPotential" : 5.0,
         "groupCompRatioAbove" : 0,
         "groupCompRatioIn" : 1,
         "groupCompRatioBelow" : 0,
         "groupMeetings" : 1,
         "groupEvents" : 2,
         "groupTrainings" : 0,
         "groupTimeOff" : 0
      }, {
         "empId" : 146,
         "firstName" : "Karen",
         "lastName" : "Partners",
         "title" : "Sales Manager",
         "email" : "KPARTNER",
         "phone" : "011.44.1344.467268",
         "mobile" : "011.44.1344.467268",
         "address" : "Magdalen Centre The Oxford Science Park",
         "city" : "Oxford",
         "state" : "Oxford",
         "country" : "UK",
         "postal" : "OX9 9ZB",
         "twitter" : "Karen",
         "facebook" : "Karen",
         "google" : "Karen",
         "linkedIn" : "Karen",
         "hireDate" : "2010-01-01T00:00:00-08:00",
         "compRatio" : 16,
         "salary" : 13500.0,
         "bonus" : 3375.0,
         "commission" : 3000.0,
         "rating" : 5,
         "potential" : 4,
         "deptId" : 80,
         "mgrId" : 148,
         "deptName" : "Sales",
         "mgrFirstName" : "Gerald",
         "mgrLastName" : "Cambrault",
         "teamAvgRating" : 3.375,
         "empMeetings" : 0,
         "empEvents" : 0,
         "notifyApproved" : 3,
         "notifyWaiting" : 4,
         "notifyRejected" : 1,
         "groupSize" : 6,
         "groupAvgRating" : 5.0,
         "groupAvgPotential" : 4.0,
         "groupCompRatioAbove" : 0,
         "groupCompRatioIn" : 7,
         "groupCompRatioBelow" : 6,
         "groupMeetings" : 4,
         "groupEvents" : 4,
         "groupTrainings" : 5,
         "groupTimeOff" : 5
      }, {
         "empId" : 145,
         "firstName" : "Joanne",
         "lastName" : "Russell",
         "title" : "Sales Manager",
         "email" : "JRUSSEL",
         "phone" : "011.44.1344.429268",
         "mobile" : "011.44.1344.429268",
         "address" : "Magdalen Centre The Oxford Science Park",
         "city" : "Oxford",
         "state" : "Oxford",
         "country" : "UK",
         "postal" : "OX9 9ZB",
         "twitter" : "Joanne",
         "facebook" : "Joanne",
         "google" : "Joanne",
         "linkedIn" : "Joanne",
         "hireDate" : "2009-03-01T00:00:00-08:00",
         "compRatio" : 42,
         "salary" : 14000.0,
         "bonus" : 3500.0,
         "commission" : 4000.0,
         "rating" : 2,
         "potential" : 5,
         "deptId" : 80,
         "mgrId" : 148,
         "deptName" : "Sales",
         "mgrFirstName" : "Gerald",
         "mgrLastName" : "Cambrault",
         "teamAvgRating" : 3.375,
         "empMeetings" : 1,
         "empEvents" : 0,
         "notifyApproved" : 3,
         "notifyWaiting" : 4,
         "notifyRejected" : 1,
         "groupSize" : 6,
         "groupAvgRating" : 3.8333333333333335,
         "groupAvgPotential" : 3.8333333333333335,
         "groupCompRatioAbove" : 0,
         "groupCompRatioIn" : 7,
         "groupCompRatioBelow" : 6,
         "groupMeetings" : 6,
         "groupEvents" : 6,
         "groupTrainings" : 2,
         "groupTimeOff" : 5
      }, {
         "empId" : 171,
         "firstName" : "William",
         "lastName" : "Smith",
         "title" : "Sales Representative",
         "email" : "WSMITH",
         "phone" : "011.44.1343.629268",
         "mobile" : "011.44.1343.629268",
         "address" : "Magdalen Centre The Oxford Science Park",
         "city" : "Oxford",
         "state" : "Oxford",
         "country" : "UK",
         "postal" : "OX9 9ZB",
         "twitter" : "William",
         "facebook" : "William",
         "google" : "William",
         "linkedIn" : "William",
         "hireDate" : "2006-07-14T00:00:00-07:00",
         "compRatio" : 112,
         "salary" : 7400.0,
         "bonus" : 1850.0,
         "commission" : 1500.0,
         "rating" : 4,
         "potential" : 5,
         "deptId" : 80,
         "mgrId" : 148,
         "deptName" : "Sales",
         "mgrFirstName" : "Gerald",
         "mgrLastName" : "Cambrault",
         "teamAvgRating" : 3.375,
         "empMeetings" : 1,
         "empEvents" : 0,
         "notifyApproved" : 3,
         "notifyWaiting" : 4,
         "notifyRejected" : 1,
         "groupSize" : 1,
         "groupAvgRating" : 4.0,
         "groupAvgPotential" : 5.0,
         "groupCompRatioAbove" : 1,
         "groupCompRatioIn" : 0,
         "groupCompRatioBelow" : 0,
         "groupMeetings" : 2,
         "groupEvents" : 0,
         "groupTrainings" : 1,
         "groupTimeOff" : 0
      }, {
         "empId" : 172,
         "firstName" : "Elizabeth",
         "lastName" : "Bates",
         "title" : "Sales Representative",
         "email" : "EBATES",
         "phone" : "011.44.1343.529268",
         "mobile" : "011.44.1343.529268",
         "address" : "Magdalen Centre The Oxford Science Park",
         "city" : "Oxford",
         "state" : "Oxford",
         "country" : "UK",
         "postal" : "OX9 9ZB",
         "twitter" : "Elizabeth",
         "facebook" : "Elizabeth",
         "google" : "Elizabeth",
         "linkedIn" : "Elizabeth",
         "hireDate" : "2006-07-14T00:00:00-07:00",
         "compRatio" : 57,
         "salary" : 13300.0,
         "bonus" : 3825.0,
         "commission" : 2500.0,
         "rating" : 2,
         "potential" : 3,
         "deptId" : 80,
         "mgrId" : 148,
         "deptName" : "Sales",
         "mgrFirstName" : "Gerald",
         "mgrLastName" : "Cambrault",
         "teamAvgRating" : 3.375,
         "empMeetings" : 0,
         "empEvents" : 1,
         "notifyApproved" : 3,
         "notifyWaiting" : 4,
         "notifyRejected" : 1,
         "groupSize" : 1,
         "groupAvgRating" : 2.0,
         "groupAvgPotential" : 3.0,
         "groupCompRatioAbove" : 0,
         "groupCompRatioIn" : 1,
         "groupCompRatioBelow" : 1,
         "groupMeetings" : 1,
         "groupEvents" : 1,
         "groupTrainings" : 0,
         "groupTimeOff" : 2
      }, {
         "empId" : 169,
         "firstName" : "Harrison",
         "lastName" : "Bloom",
         "title" : "Sales Representative",
         "email" : "HBLOOM",
         "phone" : "011.44.1343.829268",
         "mobile" : "011.44.1343.829268",
         "address" : "Magdalen Centre The Oxford Science Park",
         "city" : "Oxford",
         "state" : "Oxford",
         "country" : "UK",
         "postal" : "OX9 9ZB",
         "twitter" : "Harrison",
         "facebook" : "Harrison",
         "google" : "Harrison",
         "linkedIn" : "Harrison",
         "hireDate" : "2006-07-14T00:00:00-07:00",
         "compRatio" : 24,
         "salary" : 10000.0,
         "bonus" : 2500.0,
         "commission" : 2000.0,
         "rating" : 2,
         "potential" : 2,
         "deptId" : 80,
         "mgrId" : 148,
         "deptName" : "Sales",
         "mgrFirstName" : "Gerald",
         "mgrLastName" : "Cambrault",
         "teamAvgRating" : 3.375,
         "empMeetings" : 0,
         "empEvents" : 1,
         "notifyApproved" : 3,
         "notifyWaiting" : 4,
         "notifyRejected" : 1,
         "groupSize" : 1,
         "groupAvgRating" : 2.0,
         "groupAvgPotential" : 2.0,
         "groupCompRatioAbove" : 0,
         "groupCompRatioIn" : 1,
         "groupCompRatioBelow" : 1,
         "groupMeetings" : 0,
         "groupEvents" : 1,
         "groupTrainings" : 1,
         "groupTimeOff" : 1
      }, {
         "empId" : 170,
         "firstName" : "Tayler",
         "lastName" : "Fox",
         "title" : "Sales Representative",
         "email" : "TFOX",
         "phone" : "011.44.1343.729268",
         "mobile" : "011.44.1343.729268",
         "address" : "Magdalen Centre The Oxford Science Park",
         "city" : "Oxford",
         "state" : "Oxford",
         "country" : "UK",
         "postal" : "OX9 9ZB",
         "twitter" : "Tayler",
         "facebook" : "Tayler",
         "google" : "Tayler",
         "linkedIn" : "Tayler",
         "hireDate" : "2009-03-01T00:00:00-08:00",
         "compRatio" : 35,
         "salary" : 9600.0,
         "bonus" : 2400.0,
         "commission" : 2000.0,
         "rating" : 4,
         "potential" : 4,
         "deptId" : 80,
         "mgrId" : 148,
         "deptName" : "Sales",
         "mgrFirstName" : "Gerald",
         "mgrLastName" : "Cambrault",
         "teamAvgRating" : 3.375,
         "empMeetings" : 0,
         "empEvents" : 0,
         "notifyApproved" : 3,
         "notifyWaiting" : 4,
         "notifyRejected" : 1,
         "groupSize" : 1,
         "groupAvgRating" : 4.0,
         "groupAvgPotential" : 4.0,
         "groupCompRatioAbove" : 0,
         "groupCompRatioIn" : 1,
         "groupCompRatioBelow" : 1,
         "groupMeetings" : 0,
         "groupEvents" : 0,
         "groupTrainings" : 2,
         "groupTimeOff" : 2
      } ]
   }