{
      "empId" : 130,
      "firstName" : "Mary",
      "lastName" : "Atkinson",
      "title" : "Programmer",
      "email" : "MATKINSO",
      "phone" : "650.124.6234",
      "mobile" : "650.124.6234",
      "address" : "2011 Main Street",
      "city" : "South San Francisco",
      "state" : "California",
      "country" : "US",
      "postal" : "94105",
      "twitter" : "Mary",
      "facebook" : "Mary",
      "google" : "Mary",
      "linkedIn" : "Mary",
      "hireDate" : "2009-03-01T00:00:00-08:00",
      "compRatio" : 21,
      "salary" : 9800.0,
      "bonus" : 7700.0,
      "commission" : 0.0,
      "rating" : 5,
      "potential" : 4,
      "deptId" : 60,
      "mgrId" : 121,
      "deptName" : "IT",
      "mgrFirstName" : "Adam",
      "mgrLastName" : "Fripp",
      "teamAvgRating" : 3.875,
      "empMeetings" : 1,
      "empEvents" : 0,
      "notifyApproved" : 3,
      "notifyWaiting" : 4,
      "notifyRejected" : 1,
      "groupSize" : 1,
      "groupAvgRating" : 5.0,
      "groupAvgPotential" : 4.0,
      "groupCompRatioAbove" : 0,
      "groupCompRatioIn" : 1,
      "groupCompRatioBelow" : 1,
      "groupMeetings" : 1,
      "groupEvents" : 1,
      "groupTrainings" : 1,
      "groupTimeOff" : 1,
      "comps" : [ {
         "bonus" : 7700,
         "comission" : 0,
         "compId" : 49952,
         "compRatio" : 21,
         "compSalary" : 9800,
         "effective" : "2015-06-18T00:00:00-07:00"
      }, {
         "bonus" : 7392,
         "comission" : 0,
         "compId" : 49953,
         "compRatio" : 13,
         "compSalary" : 9310,
         "effective" : "2014-03-09T00:00:00-08:00"
      }, {
         "bonus" : 7318.08,
         "comission" : 0,
         "compId" : 49954,
         "compRatio" : 52,
         "compSalary" : 9030.7,
         "effective" : "2013-07-18T00:00:00-07:00"
      }, {
         "bonus" : 6878.9952,
         "comission" : 0,
         "compId" : 49955,
         "compRatio" : 113,
         "compSalary" : 8850.086,
         "effective" : "2012-02-04T00:00:00-08:00"
      }, {
         "bonus" : 6535.04544,
         "comission" : 0,
         "compId" : 49956,
         "compRatio" : 17,
         "compSalary" : 8673.08428,
         "effective" : "2011-10-09T00:00:00-07:00"
      }, {
         "bonus" : 5881.540896,
         "comission" : 0,
         "compId" : 49957,
         "compRatio" : 19,
         "compSalary" : 8586.3534372,
         "effective" : "2010-10-10T00:00:00-07:00"
      }, {
         "bonus" : 5646.27926016,
         "comission" : 0,
         "compId" : 49958,
         "compRatio" : 74,
         "compSalary" : 8328.762834084,
         "effective" : "2009-02-17T00:00:00-08:00"
      } ],
      "perfs" : [ {
         "effective" : "2009-01-17T00:00:00-08:00",
         "perfId" : 41693,
         "potential" : 2,
         "rating" : 2
      }, {
         "effective" : "2010-06-10T00:00:00-07:00",
         "perfId" : 41694,
         "potential" : 3,
         "rating" : 4
      }, {
         "effective" : "2011-02-17T00:00:00-08:00",
         "perfId" : 41695,
         "potential" : 5,
         "rating" : 4
      }, {
         "effective" : "2012-01-02T00:00:00-08:00",
         "perfId" : 41696,
         "potential" : 4,
         "rating" : 2
      }, {
         "effective" : "2013-12-22T00:00:00-08:00",
         "perfId" : 41697,
         "potential" : 2,
         "rating" : 3
      }, {
         "effective" : "2014-11-25T00:00:00-08:00",
         "perfId" : 41698,
         "potential" : 4,
         "rating" : 5
      }, {
         "effective" : "2015-07-26T00:00:00-07:00",
         "perfId" : 41699,
         "potential" : 4,
         "rating" : 5
      } ],
      "skills" : [ {
         "empskillassignId" : 80746,
         "empskillassignRating" : 5,
         "skill" : {
            "skill" : "Bookeeping",
            "skillDescription" : "Bookeeping",
            "skillId" : 1
         }
      }, {
         "empskillassignId" : 80747,
         "empskillassignRating" : 4,
         "skill" : {
            "skill" : "Excel",
            "skillId" : 3
         }
      }, {
         "empskillassignId" : 80748,
         "empskillassignRating" : 3,
         "skill" : {
            "skill" : "Strategy",
            "skillId" : 22
         }
      }, {
         "empskillassignId" : 80749,
         "empskillassignRating" : 2,
         "skill" : {
            "skill" : "Statistics",
            "skillId" : 5
         }
      }, {
         "empskillassignId" : 80750,
         "empskillassignRating" : 3,
         "skill" : {
            "skill" : "Outsourcing",
            "skillId" : 20
         }
      }, {
         "empskillassignId" : 80751,
         "empskillassignRating" : 5,
         "skill" : {
            "skill" : "Javascript",
            "skillId" : 6
         }
      }, {
         "empskillassignId" : 80752,
         "empskillassignRating" : 4,
         "skill" : {
            "skill" : "Procurement",
            "skillId" : 21
         }
      }, {
         "empskillassignId" : 80753,
         "empskillassignRating" : 5,
         "skill" : {
            "skill" : "Budgeting",
            "skillId" : 25
         }
      }, {
         "empskillassignId" : 80754,
         "empskillassignRating" : 3,
         "skill" : {
            "skill" : "Acquistions",
            "skillId" : 10
         }
      }, {
         "empskillassignId" : 80755,
         "empskillassignRating" : 2,
         "skill" : {
            "skill" : "Corporate Tax",
            "skillDescription" : "Corporate Tax",
            "skillId" : 2
         }
      }, {
         "empskillassignId" : 80756,
         "empskillassignRating" : 4,
         "skill" : {
            "skill" : "HCM",
            "skillId" : 17
         }
      }, {
         "empskillassignId" : 80757,
         "empskillassignRating" : 3,
         "skill" : {
            "skill" : "Staffing",
            "skillId" : 24
         }
      } ],
      "events" : [ {
         "color" : "#ed813e",
         "description" : "Customer Advisory Board",
         "end" : "2009-05-17T00:00:00-07:00",
         "eventId" : 147020,
         "name" : "Event",
         "start" : "2009-05-16T00:00:00-07:00",
         "type" : "2"
      }, {
         "color" : "#fbce4a",
         "description" : "Mgr Essentials",
         "end" : "2009-11-28T00:00:00-08:00",
         "eventId" : 147021,
         "name" : "Training",
         "start" : "2009-11-26T00:00:00-08:00",
         "type" : "3"
      }, {
         "color" : "#309fdb",
         "description" : "Acme Ent",
         "end" : "2010-12-10T00:00:00-08:00",
         "eventId" : 147022,
         "name" : "Customer Meeting",
         "start" : "2010-12-08T00:00:00-08:00",
         "type" : "1"
      }, {
         "color" : "#fbce4a",
         "description" : "Ethics",
         "end" : "2010-05-07T00:00:00-07:00",
         "eventId" : 147023,
         "name" : "Training",
         "start" : "2010-05-05T00:00:00-07:00",
         "type" : "3"
      }, {
         "color" : "#309fdb",
         "description" : "XYZ Systems",
         "end" : "2011-03-21T00:00:00-07:00",
         "eventId" : 147024,
         "name" : "Customer Meeting",
         "start" : "2011-03-16T00:00:00-07:00",
         "type" : "1"
      }, {
         "color" : "#81bb5f",
         "description" : "Vacation",
         "end" : "2011-12-05T00:00:00-08:00",
         "eventId" : 147025,
         "name" : "Time Off",
         "start" : "2011-12-01T00:00:00-08:00",
         "type" : "4"
      }, {
         "color" : "#ed813e",
         "description" : "Winner's Circle",
         "end" : "2011-01-25T00:00:00-08:00",
         "eventId" : 147026,
         "name" : "Event",
         "start" : "2011-01-20T00:00:00-08:00",
         "type" : "2"
      }, {
         "color" : "#81bb5f",
         "description" : "Bereavement",
         "end" : "2011-12-07T00:00:00-08:00",
         "eventId" : 147027,
         "name" : "Time Off",
         "start" : "2011-12-03T00:00:00-08:00",
         "type" : "4"
      }, {
         "color" : "#ed813e",
         "description" : "Customer Advisory Board",
         "end" : "2012-08-06T00:00:00-07:00",
         "eventId" : 147028,
         "name" : "Event",
         "start" : "2012-08-05T00:00:00-07:00",
         "type" : "2"
      }, {
         "color" : "#fbce4a",
         "description" : "Ethics",
         "end" : "2012-05-09T00:00:00-07:00",
         "eventId" : 147029,
         "name" : "Training",
         "start" : "2012-05-07T00:00:00-07:00",
         "type" : "3"
      }, {
         "color" : "#fbce4a",
         "description" : "Mgr Essentials",
         "end" : "2012-06-11T00:00:00-07:00",
         "eventId" : 147030,
         "name" : "Training",
         "start" : "2012-06-09T00:00:00-07:00",
         "type" : "3"
      }, {
         "color" : "#ed813e",
         "description" : "User Group Meetup",
         "end" : "2012-07-07T00:00:00-07:00",
         "eventId" : 147031,
         "name" : "Event",
         "start" : "2012-07-03T00:00:00-07:00",
         "type" : "2"
      }, {
         "color" : "#81bb5f",
         "description" : "Vacation",
         "end" : "2013-11-27T00:00:00-08:00",
         "eventId" : 147032,
         "name" : "Time Off",
         "start" : "2013-11-23T00:00:00-08:00",
         "type" : "4"
      }, {
         "color" : "#309fdb",
         "description" : "Bar Inc",
         "end" : "2013-09-25T00:00:00-07:00",
         "eventId" : 147033,
         "name" : "Customer Meeting",
         "start" : "2013-09-23T00:00:00-07:00",
         "type" : "1"
      }, {
         "color" : "#fbce4a",
         "description" : "Mgr Essentials",
         "end" : "2013-05-12T00:00:00-07:00",
         "eventId" : 147034,
         "name" : "Training",
         "start" : "2013-05-11T00:00:00-07:00",
         "type" : "3"
      }, {
         "color" : "#81bb5f",
         "description" : "Vacation",
         "end" : "2014-02-17T00:00:00-08:00",
         "eventId" : 147035,
         "name" : "Time Off",
         "start" : "2014-02-13T00:00:00-08:00",
         "type" : "4"
      }, {
         "color" : "#309fdb",
         "description" : "Bar Inc",
         "end" : "2014-10-28T00:00:00-07:00",
         "eventId" : 147036,
         "name" : "Customer Meeting",
         "start" : "2014-10-25T00:00:00-07:00",
         "type" : "1"
      }, {
         "color" : "#309fdb",
         "description" : "AAA Inc",
         "end" : "2014-11-16T00:00:00-08:00",
         "eventId" : 147037,
         "name" : "Customer Meeting",
         "start" : "2014-11-14T00:00:00-08:00",
         "type" : "1"
      }, {
         "color" : "#81bb5f",
         "description" : "Bereavement",
         "end" : "2014-09-10T00:00:00-07:00",
         "eventId" : 147038,
         "name" : "Time Off",
         "start" : "2014-09-07T00:00:00-07:00",
         "type" : "4"
      }, {
         "color" : "#ed813e",
         "description" : "Business Meeting",
         "end" : "2015-06-19T04:00:04-07:00",
         "eventId" : 147039,
         "name" : "Event",
         "start" : "2015-06-16T04:00:04-07:00",
         "type" : "2"
      }, {
         "color" : "#81bb5f",
         "description" : "Vacation",
         "end" : "2015-07-07T04:00:04-07:00",
         "eventId" : 147040,
         "name" : "Time Off",
         "start" : "2015-07-06T04:00:04-07:00",
         "type" : "4"
      }, {
         "color" : "#309fdb",
         "description" : "AAA Inc",
         "end" : "2015-05-02T04:00:04-07:00",
         "eventId" : 147041,
         "name" : "Customer Meeting",
         "start" : "2015-04-28T04:00:04-07:00",
         "type" : "1"
      }, {
         "color" : "#fbce4a",
         "description" : "Effective Mgmt",
         "end" : "2015-05-10T04:00:04-07:00",
         "eventId" : 147042,
         "name" : "Training",
         "start" : "2015-05-09T04:00:04-07:00",
         "type" : "3"
      } ],
      "colleaguePerfs" : [ {
         "effective" : "2015-06-13T00:00:00-07:00",
         "perfId" : 41335,
         "potential" : 4,
         "rating" : 3
      }, {
         "effective" : "2015-02-08T00:00:00-08:00",
         "perfId" : 41414,
         "potential" : 4,
         "rating" : 2
      }, {
         "effective" : "2015-08-14T00:00:00-07:00",
         "perfId" : 41680,
         "potential" : 2,
         "rating" : 5
      }, {
         "effective" : "2015-07-26T00:00:00-07:00",
         "perfId" : 41699,
         "potential" : 4,
         "rating" : 5
      }, {
         "effective" : "2015-10-26T00:00:00-07:00",
         "perfId" : 41761,
         "potential" : 4,
         "rating" : 5
      }, {
         "effective" : "2015-06-09T00:00:00-07:00",
         "perfId" : 41783,
         "potential" : 2,
         "rating" : 2
      }, {
         "effective" : "2015-03-09T00:00:00-07:00",
         "perfId" : 41789,
         "potential" : 5,
         "rating" : 5
      }, {
         "effective" : "2015-12-10T00:00:00-08:00",
         "perfId" : 41851,
         "potential" : 2,
         "rating" : 4
      } ],
      "reports" : [ ]
   }