{
      "empId" : 152,
      "firstName" : "Patricia",
      "lastName" : "Hall",
      "title" : "Sales Representative",
      "email" : "PHALL",
      "phone" : "011.44.1344.478968",
      "mobile" : "011.44.1344.478968",
      "address" : "Magdalen Centre The Oxford Science Park",
      "city" : "Oxford",
      "state" : "Oxford",
      "country" : "UK",
      "postal" : "OX9 9ZB",
      "twitter" : "Patricia",
      "facebook" : "Patricia",
      "google" : "Patricia",
      "linkedIn" : "Patricia",
      "hireDate" : "2008-02-14T00:00:00-08:00",
      "compRatio" : 105,
      "salary" : 9000.0,
      "bonus" : 2250.0,
      "commission" : 2500.0,
      "rating" : 2,
      "potential" : 4,
      "deptId" : 80,
      "mgrId" : 145,
      "deptName" : "Sales",
      "mgrFirstName" : "Joanne",
      "mgrLastName" : "Russell",
      "teamAvgRating" : 3.5,
      "empMeetings" : 0,
      "empEvents" : 0,
      "notifyApproved" : 3,
      "notifyWaiting" : 4,
      "notifyRejected" : 1,
      "groupSize" : 1,
      "groupAvgRating" : 2.0,
      "groupAvgPotential" : 4.0,
      "groupCompRatioAbove" : 0,
      "groupCompRatioIn" : 1,
      "groupCompRatioBelow" : 0,
      "groupMeetings" : 0,
      "groupEvents" : 2,
      "groupTrainings" : 0,
      "groupTimeOff" : 0,
      "comps" : [ {
         "bonus" : 2250,
         "comission" : 2500,
         "compId" : 50268,
         "compRatio" : 105,
         "compSalary" : 9000,
         "effective" : "2015-09-10T00:00:00-07:00"
      }, {
         "bonus" : 2115,
         "comission" : 2300,
         "compId" : 50269,
         "compRatio" : 61,
         "compSalary" : 8550,
         "effective" : "2014-08-16T00:00:00-07:00"
      }, {
         "bonus" : 2009.25,
         "comission" : 2139,
         "compId" : 50270,
         "compRatio" : 42,
         "compSalary" : 8379,
         "effective" : "2013-01-06T00:00:00-08:00"
      }, {
         "bonus" : 1808.325,
         "comission" : 1967.88,
         "compId" : 50271,
         "compRatio" : 47,
         "compSalary" : 8211.42,
         "effective" : "2012-12-22T00:00:00-08:00"
      }, {
         "bonus" : 1663.659,
         "comission" : 1869.486,
         "compId" : 50272,
         "compRatio" : 107,
         "compSalary" : 8047.1916,
         "effective" : "2011-12-01T00:00:00-08:00"
      }, {
         "bonus" : 1647.02241,
         "comission" : 1738.62198,
         "compId" : 50273,
         "compRatio" : 6,
         "compSalary" : 7886.247768,
         "effective" : "2010-12-08T00:00:00-08:00"
      }, {
         "bonus" : 1498.7903931,
         "comission" : 1599.5322216,
         "compId" : 50274,
         "compRatio" : 75,
         "compSalary" : 7728.52281264,
         "effective" : "2009-11-05T00:00:00-08:00"
      }, {
         "bonus" : 1453.826681307,
         "comission" : 1439.57899944,
         "compId" : 50275,
         "compRatio" : 10,
         "compSalary" : 7651.2375845136,
         "effective" : "2008-09-19T00:00:00-07:00"
      } ],
      "perfs" : [ {
         "effective" : "2008-11-21T00:00:00-08:00",
         "perfId" : 42009,
         "potential" : 4,
         "rating" : 2
      }, {
         "effective" : "2009-07-25T00:00:00-07:00",
         "perfId" : 42010,
         "potential" : 3,
         "rating" : 3
      }, {
         "effective" : "2010-07-21T00:00:00-07:00",
         "perfId" : 42011,
         "potential" : 4,
         "rating" : 3
      }, {
         "effective" : "2011-05-23T00:00:00-07:00",
         "perfId" : 42012,
         "potential" : 5,
         "rating" : 3
      }, {
         "effective" : "2012-06-05T00:00:00-07:00",
         "perfId" : 42013,
         "potential" : 4,
         "rating" : 5
      }, {
         "effective" : "2013-03-26T00:00:00-07:00",
         "perfId" : 42014,
         "potential" : 2,
         "rating" : 2
      }, {
         "effective" : "2014-02-01T00:00:00-08:00",
         "perfId" : 42015,
         "potential" : 2,
         "rating" : 4
      }, {
         "effective" : "2015-05-07T00:00:00-07:00",
         "perfId" : 42016,
         "potential" : 4,
         "rating" : 2
      } ],
      "skills" : [ {
         "empskillassignId" : 81171,
         "empskillassignRating" : 4,
         "skill" : {
            "skill" : "Outsourcing",
            "skillId" : 20
         }
      }, {
         "empskillassignId" : 81172,
         "empskillassignRating" : 1,
         "skill" : {
            "skill" : "Management",
            "skillId" : 14
         }
      }, {
         "empskillassignId" : 81173,
         "empskillassignRating" : 2,
         "skill" : {
            "skill" : "Project Planning",
            "skillId" : 11
         }
      }, {
         "empskillassignId" : 81174,
         "empskillassignRating" : 5,
         "skill" : {
            "skill" : "Recruiting",
            "skillId" : 13
         }
      }, {
         "empskillassignId" : 81175,
         "empskillassignRating" : 5,
         "skill" : {
            "skill" : "Excel",
            "skillId" : 3
         }
      }, {
         "empskillassignId" : 81176,
         "empskillassignRating" : 5,
         "skill" : {
            "skill" : "Risk Analysis",
            "skillId" : 12
         }
      }, {
         "empskillassignId" : 81177,
         "empskillassignRating" : 2,
         "skill" : {
            "skill" : "Engineering",
            "skillId" : 19
         }
      }, {
         "empskillassignId" : 81178,
         "empskillassignRating" : 4,
         "skill" : {
            "skill" : "Word",
            "skillId" : 4
         }
      }, {
         "empskillassignId" : 81179,
         "empskillassignRating" : 5,
         "skill" : {
            "skill" : "Java",
            "skillId" : 7
         }
      }, {
         "empskillassignId" : 81180,
         "empskillassignRating" : 5,
         "skill" : {
            "skill" : "Javascript",
            "skillId" : 6
         }
      }, {
         "empskillassignId" : 81181,
         "empskillassignRating" : 1,
         "skill" : {
            "skill" : "Strategy",
            "skillId" : 22
         }
      }, {
         "empskillassignId" : 81182,
         "empskillassignRating" : 5,
         "skill" : {
            "skill" : "Financials",
            "skillId" : 15
         }
      }, {
         "empskillassignId" : 81183,
         "empskillassignRating" : 2,
         "skill" : {
            "skill" : "Analytics",
            "skillId" : 8
         }
      }, {
         "empskillassignId" : 81184,
         "empskillassignRating" : 4,
         "skill" : {
            "skill" : "HCM",
            "skillId" : 17
         }
      } ],
      "events" : [ {
         "color" : "#fbce4a",
         "description" : "Sales",
         "end" : "2008-10-19T00:00:00-07:00",
         "eventId" : 147986,
         "name" : "Training",
         "start" : "2008-10-16T00:00:00-07:00",
         "type" : "3"
      }, {
         "color" : "#ed813e",
         "description" : "Feedback Session",
         "end" : "2008-04-03T00:00:00-07:00",
         "eventId" : 147987,
         "name" : "Event",
         "start" : "2008-04-02T00:00:00-07:00",
         "type" : "2"
      }, {
         "color" : "#ed813e",
         "description" : "Customer Advisory Board",
         "end" : "2008-08-11T00:00:00-07:00",
         "eventId" : 147988,
         "name" : "Event",
         "start" : "2008-08-06T00:00:00-07:00",
         "type" : "2"
      }, {
         "color" : "#ed813e",
         "description" : "StockHolder's Meeting",
         "end" : "2008-08-08T00:00:00-07:00",
         "eventId" : 147989,
         "name" : "Event",
         "start" : "2008-08-04T00:00:00-07:00",
         "type" : "2"
      }, {
         "color" : "#ed813e",
         "description" : "Business Meeting",
         "end" : "2009-12-22T00:00:00-08:00",
         "eventId" : 147990,
         "name" : "Event",
         "start" : "2009-12-20T00:00:00-08:00",
         "type" : "2"
      }, {
         "color" : "#309fdb",
         "description" : "DEF Inc",
         "end" : "2009-03-08T00:00:00-08:00",
         "eventId" : 147991,
         "name" : "Customer Meeting",
         "start" : "2009-03-06T00:00:00-08:00",
         "type" : "1"
      }, {
         "color" : "#309fdb",
         "description" : "DEF Inc",
         "end" : "2010-10-10T00:00:00-07:00",
         "eventId" : 147992,
         "name" : "Customer Meeting",
         "start" : "2010-10-05T00:00:00-07:00",
         "type" : "1"
      }, {
         "color" : "#fbce4a",
         "description" : "iOS Development",
         "end" : "2010-03-23T00:00:00-07:00",
         "eventId" : 147993,
         "name" : "Training",
         "start" : "2010-03-19T00:00:00-07:00",
         "type" : "3"
      }, {
         "color" : "#81bb5f",
         "description" : "Bereavement",
         "end" : "2011-03-31T00:00:00-07:00",
         "eventId" : 147994,
         "name" : "Time Off",
         "start" : "2011-03-26T00:00:00-07:00",
         "type" : "4"
      }, {
         "color" : "#81bb5f",
         "description" : "Bereavement",
         "end" : "2011-03-22T00:00:00-07:00",
         "eventId" : 147995,
         "name" : "Time Off",
         "start" : "2011-03-18T00:00:00-07:00",
         "type" : "4"
      }, {
         "color" : "#81bb5f",
         "description" : "Vacation",
         "end" : "2012-11-04T00:00:00-07:00",
         "eventId" : 147996,
         "name" : "Time Off",
         "start" : "2012-11-01T00:00:00-07:00",
         "type" : "4"
      }, {
         "color" : "#fbce4a",
         "description" : "Sales",
         "end" : "2012-04-13T00:00:00-07:00",
         "eventId" : 147997,
         "name" : "Training",
         "start" : "2012-04-11T00:00:00-07:00",
         "type" : "3"
      }, {
         "color" : "#309fdb",
         "description" : "Bar Inc",
         "end" : "2012-12-19T00:00:00-08:00",
         "eventId" : 147998,
         "name" : "Customer Meeting",
         "start" : "2012-12-15T00:00:00-08:00",
         "type" : "1"
      }, {
         "color" : "#fbce4a",
         "description" : "iOS Development",
         "end" : "2012-03-12T00:00:00-07:00",
         "eventId" : 147999,
         "name" : "Training",
         "start" : "2012-03-11T00:00:00-08:00",
         "type" : "3"
      }, {
         "color" : "#309fdb",
         "description" : "CCC Enterprises",
         "end" : "2013-11-26T00:00:00-08:00",
         "eventId" : 148000,
         "name" : "Customer Meeting",
         "start" : "2013-11-22T00:00:00-08:00",
         "type" : "1"
      }, {
         "color" : "#ed813e",
         "description" : "Winner's Circle",
         "end" : "2013-07-01T00:00:00-07:00",
         "eventId" : 148001,
         "name" : "Event",
         "start" : "2013-06-26T00:00:00-07:00",
         "type" : "2"
      }, {
         "color" : "#309fdb",
         "description" : "Oracle",
         "end" : "2013-02-26T00:00:00-08:00",
         "eventId" : 148002,
         "name" : "Customer Meeting",
         "start" : "2013-02-25T00:00:00-08:00",
         "type" : "1"
      }, {
         "color" : "#ed813e",
         "description" : "Customer Advisory Board",
         "end" : "2014-01-17T00:00:00-08:00",
         "eventId" : 148003,
         "name" : "Event",
         "start" : "2014-01-13T00:00:00-08:00",
         "type" : "2"
      }, {
         "color" : "#81bb5f",
         "description" : "Bereavement",
         "end" : "2014-04-24T00:00:00-07:00",
         "eventId" : 148004,
         "name" : "Time Off",
         "start" : "2014-04-19T00:00:00-07:00",
         "type" : "4"
      }, {
         "color" : "#fbce4a",
         "description" : "Mgr Essentials",
         "end" : "2014-04-07T00:00:00-07:00",
         "eventId" : 148005,
         "name" : "Training",
         "start" : "2014-04-03T00:00:00-07:00",
         "type" : "3"
      }, {
         "color" : "#fbce4a",
         "description" : "Mobility",
         "end" : "2014-08-23T00:00:00-07:00",
         "eventId" : 148006,
         "name" : "Training",
         "start" : "2014-08-18T00:00:00-07:00",
         "type" : "3"
      }, {
         "color" : "#ed813e",
         "description" : "Feedback Session",
         "end" : "2015-07-04T04:00:05-07:00",
         "eventId" : 148007,
         "name" : "Event",
         "start" : "2015-07-01T04:00:05-07:00",
         "type" : "2"
      }, {
         "color" : "#ed813e",
         "description" : "Customer Advisory Board",
         "end" : "2015-05-31T04:00:05-07:00",
         "eventId" : 148008,
         "name" : "Event",
         "start" : "2015-05-26T04:00:05-07:00",
         "type" : "2"
      } ],
      "colleaguePerfs" : [ {
         "effective" : "2015-04-22T00:00:00-07:00",
         "perfId" : 41404,
         "potential" : 2,
         "rating" : 3
      }, {
         "effective" : "2015-05-10T00:00:00-07:00",
         "perfId" : 41588,
         "potential" : 3,
         "rating" : 4
      }, {
         "effective" : "2015-05-15T00:00:00-07:00",
         "perfId" : 41598,
         "potential" : 2,
         "rating" : 4
      }, {
         "effective" : "2015-01-05T00:00:00-08:00",
         "perfId" : 41754,
         "potential" : 5,
         "rating" : 4
      }, {
         "effective" : "2015-04-01T00:00:00-07:00",
         "perfId" : 41804,
         "potential" : 2,
         "rating" : 4
      }, {
         "effective" : "2015-05-07T00:00:00-07:00",
         "perfId" : 42016,
         "potential" : 4,
         "rating" : 2
      } ],
      "reports" : [ ]
   }