{
      "empId" : 183,
      "firstName" : "Girard",
      "lastName" : "Geoni",
      "title" : "Shipping Clerk",
      "email" : "GGEONI",
      "phone" : "650.507.9879",
      "mobile" : "650.507.9879",
      "address" : "2011 Main Street",
      "city" : "South San Francisco",
      "state" : "California",
      "country" : "US",
      "postal" : "94105",
      "twitter" : "Girard",
      "facebook" : "Girard",
      "google" : "Girard",
      "linkedIn" : "Girard",
      "hireDate" : "2009-03-01T00:00:00-08:00",
      "compRatio" : 89,
      "salary" : 5800.0,
      "bonus" : 700.0,
      "commission" : 0.0,
      "rating" : 4,
      "potential" : 4,
      "deptId" : 50,
      "mgrId" : 120,
      "deptName" : "Shipping",
      "mgrFirstName" : "Matthew",
      "mgrLastName" : "Weiss",
      "teamAvgRating" : 3.0,
      "empMeetings" : 0,
      "empEvents" : 0,
      "notifyApproved" : 3,
      "notifyWaiting" : 4,
      "notifyRejected" : 1,
      "groupSize" : 1,
      "groupAvgRating" : 4.0,
      "groupAvgPotential" : 4.0,
      "groupCompRatioAbove" : 0,
      "groupCompRatioIn" : 1,
      "groupCompRatioBelow" : 1,
      "groupMeetings" : 0,
      "groupEvents" : 2,
      "groupTrainings" : 1,
      "groupTimeOff" : 0,
      "comps" : [ {
         "bonus" : 700,
         "comission" : 0,
         "compId" : 50228,
         "compRatio" : 89,
         "compSalary" : 5800,
         "effective" : "2015-07-03T00:00:00-07:00"
      }, {
         "bonus" : 672,
         "comission" : 0,
         "compId" : 50229,
         "compRatio" : 11,
         "compSalary" : 5568,
         "effective" : "2014-08-06T00:00:00-07:00"
      }, {
         "bonus" : 618.24,
         "comission" : 0,
         "compId" : 50230,
         "compRatio" : 23,
         "compSalary" : 5512.32,
         "effective" : "2013-11-18T00:00:00-08:00"
      }, {
         "bonus" : 568.7808,
         "comission" : 0,
         "compId" : 50231,
         "compRatio" : 99,
         "compSalary" : 5346.9504,
         "effective" : "2012-03-08T00:00:00-08:00"
      }, {
         "bonus" : 511.90272,
         "comission" : 0,
         "compId" : 50232,
         "compRatio" : 73,
         "compSalary" : 5240.011392,
         "effective" : "2011-10-16T00:00:00-07:00"
      }, {
         "bonus" : 491.4266112,
         "comission" : 0,
         "compId" : 50233,
         "compRatio" : 42,
         "compSalary" : 5030.41093632,
         "effective" : "2010-04-13T00:00:00-07:00"
      }, {
         "bonus" : 461.941014528,
         "comission" : 0,
         "compId" : 50234,
         "compRatio" : 32,
         "compSalary" : 4929.8027175936,
         "effective" : "2009-07-10T00:00:00-07:00"
      } ],
      "perfs" : [ {
         "effective" : "2009-07-09T00:00:00-07:00",
         "perfId" : 41969,
         "potential" : 3,
         "rating" : 5
      }, {
         "effective" : "2010-02-09T00:00:00-08:00",
         "perfId" : 41970,
         "potential" : 4,
         "rating" : 2
      }, {
         "effective" : "2011-01-13T00:00:00-08:00",
         "perfId" : 41971,
         "potential" : 5,
         "rating" : 4
      }, {
         "effective" : "2012-02-06T00:00:00-08:00",
         "perfId" : 41972,
         "potential" : 3,
         "rating" : 4
      }, {
         "effective" : "2013-01-27T00:00:00-08:00",
         "perfId" : 41973,
         "potential" : 5,
         "rating" : 3
      }, {
         "effective" : "2014-08-24T00:00:00-07:00",
         "perfId" : 41974,
         "potential" : 3,
         "rating" : 5
      }, {
         "effective" : "2015-02-22T00:00:00-08:00",
         "perfId" : 41975,
         "potential" : 4,
         "rating" : 4
      } ],
      "skills" : [ {
         "empskillassignId" : 81116,
         "empskillassignRating" : 5,
         "skill" : {
            "skill" : "Strategy",
            "skillId" : 22
         }
      }, {
         "empskillassignId" : 81117,
         "empskillassignRating" : 5,
         "skill" : {
            "skill" : "Budgeting",
            "skillId" : 25
         }
      }, {
         "empskillassignId" : 81118,
         "empskillassignRating" : 2,
         "skill" : {
            "skill" : "Testing",
            "skillId" : 9
         }
      }, {
         "empskillassignId" : 81119,
         "empskillassignRating" : 1,
         "skill" : {
            "skill" : "Java",
            "skillId" : 7
         }
      }, {
         "empskillassignId" : 81120,
         "empskillassignRating" : 2,
         "skill" : {
            "skill" : "Engineering",
            "skillId" : 19
         }
      }, {
         "empskillassignId" : 81121,
         "empskillassignRating" : 1,
         "skill" : {
            "skill" : "Management",
            "skillId" : 14
         }
      }, {
         "empskillassignId" : 81122,
         "empskillassignRating" : 5,
         "skill" : {
            "skill" : "Human Resources",
            "skillId" : 18
         }
      }, {
         "empskillassignId" : 81123,
         "empskillassignRating" : 4,
         "skill" : {
            "skill" : "Financials",
            "skillId" : 15
         }
      }, {
         "empskillassignId" : 81124,
         "empskillassignRating" : 5,
         "skill" : {
            "skill" : "Procurement",
            "skillId" : 21
         }
      }, {
         "empskillassignId" : 81125,
         "empskillassignRating" : 1,
         "skill" : {
            "skill" : "HCM",
            "skillId" : 17
         }
      }, {
         "empskillassignId" : 81126,
         "empskillassignRating" : 4,
         "skill" : {
            "skill" : "Javascript",
            "skillId" : 6
         }
      }, {
         "empskillassignId" : 81127,
         "empskillassignRating" : 5,
         "skill" : {
            "skill" : "Corporate Tax",
            "skillDescription" : "Corporate Tax",
            "skillId" : 2
         }
      } ],
      "events" : [ {
         "color" : "#fbce4a",
         "description" : "Sales",
         "end" : "2009-01-26T00:00:00-08:00",
         "eventId" : 147865,
         "name" : "Training",
         "start" : "2009-01-23T00:00:00-08:00",
         "type" : "3"
      }, {
         "color" : "#ed813e",
         "description" : "Design Awards",
         "end" : "2009-11-16T00:00:00-08:00",
         "eventId" : 147866,
         "name" : "Event",
         "start" : "2009-11-15T00:00:00-08:00",
         "type" : "2"
      }, {
         "color" : "#309fdb",
         "description" : "Oracle",
         "end" : "2009-01-28T00:00:00-08:00",
         "eventId" : 147867,
         "name" : "Customer Meeting",
         "start" : "2009-01-24T00:00:00-08:00",
         "type" : "1"
      }, {
         "color" : "#81bb5f",
         "description" : "Vacation",
         "end" : "2009-05-26T00:00:00-07:00",
         "eventId" : 147868,
         "name" : "Time Off",
         "start" : "2009-05-23T00:00:00-07:00",
         "type" : "4"
      }, {
         "color" : "#81bb5f",
         "description" : "Vacation",
         "end" : "2010-02-06T00:00:00-08:00",
         "eventId" : 147869,
         "name" : "Time Off",
         "start" : "2010-02-05T00:00:00-08:00",
         "type" : "4"
      }, {
         "color" : "#81bb5f",
         "description" : "Sick",
         "end" : "2010-07-03T00:00:00-07:00",
         "eventId" : 147870,
         "name" : "Time Off",
         "start" : "2010-07-01T00:00:00-07:00",
         "type" : "4"
      }, {
         "color" : "#309fdb",
         "description" : "DEF Inc",
         "end" : "2010-03-20T00:00:00-07:00",
         "eventId" : 147871,
         "name" : "Customer Meeting",
         "start" : "2010-03-16T00:00:00-07:00",
         "type" : "1"
      }, {
         "color" : "#309fdb",
         "description" : "DEF Inc",
         "end" : "2010-04-20T00:00:00-07:00",
         "eventId" : 147872,
         "name" : "Customer Meeting",
         "start" : "2010-04-18T00:00:00-07:00",
         "type" : "1"
      }, {
         "color" : "#fbce4a",
         "description" : "Mobility",
         "end" : "2011-06-07T00:00:00-07:00",
         "eventId" : 147873,
         "name" : "Training",
         "start" : "2011-06-06T00:00:00-07:00",
         "type" : "3"
      }, {
         "color" : "#309fdb",
         "description" : "BBB Ltd",
         "end" : "2011-08-16T00:00:00-07:00",
         "eventId" : 147874,
         "name" : "Customer Meeting",
         "start" : "2011-08-13T00:00:00-07:00",
         "type" : "1"
      }, {
         "color" : "#309fdb",
         "description" : "Foo Ltd",
         "end" : "2011-11-27T00:00:00-08:00",
         "eventId" : 147875,
         "name" : "Customer Meeting",
         "start" : "2011-11-24T00:00:00-08:00",
         "type" : "1"
      }, {
         "color" : "#81bb5f",
         "description" : "Vacation",
         "end" : "2011-12-13T00:00:00-08:00",
         "eventId" : 147876,
         "name" : "Time Off",
         "start" : "2011-12-12T00:00:00-08:00",
         "type" : "4"
      }, {
         "color" : "#ed813e",
         "description" : "User Group Meetup",
         "end" : "2012-10-03T00:00:00-07:00",
         "eventId" : 147877,
         "name" : "Event",
         "start" : "2012-10-02T00:00:00-07:00",
         "type" : "2"
      }, {
         "color" : "#fbce4a",
         "description" : "Public Speaking",
         "end" : "2012-06-09T00:00:00-07:00",
         "eventId" : 147878,
         "name" : "Training",
         "start" : "2012-06-08T00:00:00-07:00",
         "type" : "3"
      }, {
         "color" : "#ed813e",
         "description" : "Customer Advisory Board",
         "end" : "2012-02-04T00:00:00-08:00",
         "eventId" : 147879,
         "name" : "Event",
         "start" : "2012-02-02T00:00:00-08:00",
         "type" : "2"
      }, {
         "color" : "#309fdb",
         "description" : "CCC Enterprises",
         "end" : "2012-10-10T00:00:00-07:00",
         "eventId" : 147880,
         "name" : "Customer Meeting",
         "start" : "2012-10-09T00:00:00-07:00",
         "type" : "1"
      }, {
         "color" : "#309fdb",
         "description" : "Bar Inc",
         "end" : "2013-12-14T00:00:00-08:00",
         "eventId" : 147881,
         "name" : "Customer Meeting",
         "start" : "2013-12-13T00:00:00-08:00",
         "type" : "1"
      }, {
         "color" : "#81bb5f",
         "description" : "Sick",
         "end" : "2013-06-27T00:00:00-07:00",
         "eventId" : 147882,
         "name" : "Time Off",
         "start" : "2013-06-25T00:00:00-07:00",
         "type" : "4"
      }, {
         "color" : "#309fdb",
         "description" : "BBB Ltd",
         "end" : "2013-07-20T00:00:00-07:00",
         "eventId" : 147883,
         "name" : "Customer Meeting",
         "start" : "2013-07-17T00:00:00-07:00",
         "type" : "1"
      }, {
         "color" : "#309fdb",
         "description" : "CCC Enterprises",
         "end" : "2014-05-19T00:00:00-07:00",
         "eventId" : 147884,
         "name" : "Customer Meeting",
         "start" : "2014-05-18T00:00:00-07:00",
         "type" : "1"
      }, {
         "color" : "#309fdb",
         "description" : "CCC Enterprises",
         "end" : "2014-02-11T00:00:00-08:00",
         "eventId" : 147885,
         "name" : "Customer Meeting",
         "start" : "2014-02-10T00:00:00-08:00",
         "type" : "1"
      }, {
         "color" : "#ed813e",
         "description" : "Development Convention",
         "end" : "2015-05-24T04:00:05-07:00",
         "eventId" : 147886,
         "name" : "Event",
         "start" : "2015-05-21T04:00:05-07:00",
         "type" : "2"
      }, {
         "color" : "#fbce4a",
         "description" : "Mobility",
         "end" : "2015-08-10T04:00:05-07:00",
         "eventId" : 147887,
         "name" : "Training",
         "start" : "2015-08-05T04:00:05-07:00",
         "type" : "3"
      }, {
         "color" : "#ed813e",
         "description" : "Design Awards",
         "end" : "2015-07-03T04:00:05-07:00",
         "eventId" : 147888,
         "name" : "Event",
         "start" : "2015-06-30T04:00:05-07:00",
         "type" : "2"
      } ],
      "colleaguePerfs" : [ {
         "effective" : "2015-08-12T00:00:00-07:00",
         "perfId" : 41282,
         "potential" : 2,
         "rating" : 2
      }, {
         "effective" : "2015-02-24T00:00:00-08:00",
         "perfId" : 41325,
         "potential" : 2,
         "rating" : 5
      }, {
         "effective" : "2015-12-17T00:00:00-08:00",
         "perfId" : 41371,
         "potential" : 5,
         "rating" : 2
      }, {
         "effective" : "2015-08-10T00:00:00-07:00",
         "perfId" : 41391,
         "potential" : 2,
         "rating" : 3
      }, {
         "effective" : "2015-11-23T00:00:00-08:00",
         "perfId" : 41545,
         "potential" : 2,
         "rating" : 2
      }, {
         "effective" : "2015-10-27T00:00:00-07:00",
         "perfId" : 41569,
         "potential" : 5,
         "rating" : 3
      }, {
         "effective" : "2015-02-22T00:00:00-08:00",
         "perfId" : 41975,
         "potential" : 4,
         "rating" : 4
      } ],
      "reports" : [ ]
   }