{
      "empId" : 105,
      "firstName" : "David",
      "lastName" : "Austin",
      "title" : "Programmer",
      "email" : "DAUSTIN",
      "phone" : "590.423.4569",
      "mobile" : "590.423.4569",
      "address" : "2014 Main St",
      "city" : "Southlake",
      "state" : "Texas",
      "country" : "US",
      "postal" : "76034",
      "twitter" : "David",
      "facebook" : "David",
      "google" : "David",
      "linkedIn" : "David",
      "hireDate" : "2008-02-14T00:00:00-08:00",
      "compRatio" : 17,
      "salary" : 9800.0,
      "bonus" : 1200.0,
      "commission" : 0.0,
      "rating" : 4,
      "potential" : 4,
      "deptId" : 60,
      "mgrId" : 104,
      "deptName" : "IT",
      "mgrFirstName" : "Bruce",
      "mgrLastName" : "Ernst",
      "teamAvgRating" : 4.0,
      "empMeetings" : 0,
      "empEvents" : 0,
      "notifyApproved" : 3,
      "notifyWaiting" : 4,
      "notifyRejected" : 1,
      "groupSize" : 1,
      "groupAvgRating" : 4.0,
      "groupAvgPotential" : 4.0,
      "groupCompRatioAbove" : 0,
      "groupCompRatioIn" : 1,
      "groupCompRatioBelow" : 1,
      "groupMeetings" : 1,
      "groupEvents" : 0,
      "groupTrainings" : 2,
      "groupTimeOff" : 1,
      "comps" : [ {
         "bonus" : 1200,
         "comission" : 0,
         "compId" : 49959,
         "compRatio" : 17,
         "compSalary" : 9800,
         "effective" : "2015-03-15T00:00:00-07:00"
      }, {
         "bonus" : 1116,
         "comission" : 0,
         "compId" : 49960,
         "compRatio" : 9,
         "compSalary" : 9408,
         "effective" : "2014-02-13T00:00:00-08:00"
      }, {
         "bonus" : 1049.04,
         "comission" : 0,
         "compId" : 49961,
         "compRatio" : 60,
         "compSalary" : 8937.6,
         "effective" : "2013-06-07T00:00:00-07:00"
      }, {
         "bonus" : 1017.5688,
         "comission" : 0,
         "compId" : 49962,
         "compRatio" : 43,
         "compSalary" : 8490.72,
         "effective" : "2012-04-04T00:00:00-07:00"
      }, {
         "bonus" : 915.81192,
         "comission" : 0,
         "compId" : 49963,
         "compRatio" : 55,
         "compSalary" : 8235.9984,
         "effective" : "2011-04-26T00:00:00-07:00"
      }, {
         "bonus" : 851.7050856,
         "comission" : 0,
         "compId" : 49964,
         "compRatio" : 13,
         "compSalary" : 8071.278432,
         "effective" : "2010-01-16T00:00:00-08:00"
      }, {
         "bonus" : 775.051627896,
         "comission" : 0,
         "compId" : 49965,
         "compRatio" : 106,
         "compSalary" : 7748.42729472,
         "effective" : "2009-10-11T00:00:00-07:00"
      }, {
         "bonus" : 720.79801394328,
         "comission" : 0,
         "compId" : 49966,
         "compRatio" : 26,
         "compSalary" : 7438.4902029312,
         "effective" : "2008-12-16T00:00:00-08:00"
      } ],
      "perfs" : [ {
         "effective" : "2008-11-13T00:00:00-08:00",
         "perfId" : 41700,
         "potential" : 4,
         "rating" : 5
      }, {
         "effective" : "2009-02-08T00:00:00-08:00",
         "perfId" : 41701,
         "potential" : 3,
         "rating" : 4
      }, {
         "effective" : "2010-06-01T00:00:00-07:00",
         "perfId" : 41702,
         "potential" : 5,
         "rating" : 2
      }, {
         "effective" : "2011-12-14T00:00:00-08:00",
         "perfId" : 41703,
         "potential" : 5,
         "rating" : 3
      }, {
         "effective" : "2012-02-14T00:00:00-08:00",
         "perfId" : 41704,
         "potential" : 5,
         "rating" : 4
      }, {
         "effective" : "2013-12-27T00:00:00-08:00",
         "perfId" : 41705,
         "potential" : 5,
         "rating" : 3
      }, {
         "effective" : "2014-09-02T00:00:00-07:00",
         "perfId" : 41706,
         "potential" : 5,
         "rating" : 5
      }, {
         "effective" : "2015-07-18T00:00:00-07:00",
         "perfId" : 41707,
         "potential" : 4,
         "rating" : 4
      } ],
      "skills" : [ {
         "empskillassignId" : 80758,
         "empskillassignRating" : 5,
         "skill" : {
            "skill" : "Bookeeping",
            "skillDescription" : "Bookeeping",
            "skillId" : 1
         }
      }, {
         "empskillassignId" : 80759,
         "empskillassignRating" : 1,
         "skill" : {
            "skill" : "Word",
            "skillId" : 4
         }
      }, {
         "empskillassignId" : 80760,
         "empskillassignRating" : 2,
         "skill" : {
            "skill" : "Management",
            "skillId" : 14
         }
      }, {
         "empskillassignId" : 80761,
         "empskillassignRating" : 5,
         "skill" : {
            "skill" : "Risk Analysis",
            "skillId" : 12
         }
      }, {
         "empskillassignId" : 80762,
         "empskillassignRating" : 5,
         "skill" : {
            "skill" : "HCM",
            "skillId" : 17
         }
      }, {
         "empskillassignId" : 80763,
         "empskillassignRating" : 1,
         "skill" : {
            "skill" : "Excel",
            "skillId" : 3
         }
      }, {
         "empskillassignId" : 80764,
         "empskillassignRating" : 2,
         "skill" : {
            "skill" : "Corporate Tax",
            "skillDescription" : "Corporate Tax",
            "skillId" : 2
         }
      }, {
         "empskillassignId" : 80765,
         "empskillassignRating" : 1,
         "skill" : {
            "skill" : "Budgeting",
            "skillId" : 25
         }
      }, {
         "empskillassignId" : 80766,
         "empskillassignRating" : 4,
         "skill" : {
            "skill" : "Acquistions",
            "skillId" : 10
         }
      }, {
         "empskillassignId" : 80767,
         "empskillassignRating" : 4,
         "skill" : {
            "skill" : "Project Planning",
            "skillId" : 11
         }
      }, {
         "empskillassignId" : 80768,
         "empskillassignRating" : 5,
         "skill" : {
            "skill" : "Testing",
            "skillId" : 9
         }
      }, {
         "empskillassignId" : 80769,
         "empskillassignRating" : 3,
         "skill" : {
            "skill" : "CRM",
            "skillId" : 16
         }
      }, {
         "empskillassignId" : 80770,
         "empskillassignRating" : 2,
         "skill" : {
            "skill" : "Statistics",
            "skillId" : 5
         }
      }, {
         "empskillassignId" : 80771,
         "empskillassignRating" : 5,
         "skill" : {
            "skill" : "Javascript",
            "skillId" : 6
         }
      } ],
      "events" : [ {
         "color" : "#309fdb",
         "description" : "CCC Enterprises",
         "end" : "2008-10-29T00:00:00-07:00",
         "eventId" : 147043,
         "name" : "Customer Meeting",
         "start" : "2008-10-27T00:00:00-07:00",
         "type" : "1"
      }, {
         "color" : "#fbce4a",
         "description" : "iOS Development",
         "end" : "2008-09-21T00:00:00-07:00",
         "eventId" : 147044,
         "name" : "Training",
         "start" : "2008-09-17T00:00:00-07:00",
         "type" : "3"
      }, {
         "color" : "#81bb5f",
         "description" : "Bereavement",
         "end" : "2008-07-11T00:00:00-07:00",
         "eventId" : 147045,
         "name" : "Time Off",
         "start" : "2008-07-06T00:00:00-07:00",
         "type" : "4"
      }, {
         "color" : "#309fdb",
         "description" : "Oracle",
         "end" : "2008-05-12T00:00:00-07:00",
         "eventId" : 147046,
         "name" : "Customer Meeting",
         "start" : "2008-05-10T00:00:00-07:00",
         "type" : "1"
      }, {
         "color" : "#81bb5f",
         "description" : "Vacation",
         "end" : "2009-07-30T00:00:00-07:00",
         "eventId" : 147047,
         "name" : "Time Off",
         "start" : "2009-07-26T00:00:00-07:00",
         "type" : "4"
      }, {
         "color" : "#309fdb",
         "description" : "DEF Inc",
         "end" : "2009-08-04T00:00:00-07:00",
         "eventId" : 147048,
         "name" : "Customer Meeting",
         "start" : "2009-08-02T00:00:00-07:00",
         "type" : "1"
      }, {
         "color" : "#fbce4a",
         "description" : "Effective Mgmt",
         "end" : "2010-09-15T00:00:00-07:00",
         "eventId" : 147049,
         "name" : "Training",
         "start" : "2010-09-14T00:00:00-07:00",
         "type" : "3"
      }, {
         "color" : "#ed813e",
         "description" : "Sales Convention",
         "end" : "2010-07-12T00:00:00-07:00",
         "eventId" : 147050,
         "name" : "Event",
         "start" : "2010-07-09T00:00:00-07:00",
         "type" : "2"
      }, {
         "color" : "#81bb5f",
         "description" : "Sick",
         "end" : "2010-11-28T00:00:00-08:00",
         "eventId" : 147051,
         "name" : "Time Off",
         "start" : "2010-11-26T00:00:00-08:00",
         "type" : "4"
      }, {
         "color" : "#fbce4a",
         "description" : "Sexual Harrassment",
         "end" : "2011-12-27T00:00:00-08:00",
         "eventId" : 147052,
         "name" : "Training",
         "start" : "2011-12-26T00:00:00-08:00",
         "type" : "3"
      }, {
         "color" : "#ed813e",
         "description" : "Winner's Circle",
         "end" : "2011-02-16T00:00:00-08:00",
         "eventId" : 147053,
         "name" : "Event",
         "start" : "2011-02-11T00:00:00-08:00",
         "type" : "2"
      }, {
         "color" : "#81bb5f",
         "description" : "Bereavement",
         "end" : "2011-08-29T00:00:00-07:00",
         "eventId" : 147054,
         "name" : "Time Off",
         "start" : "2011-08-27T00:00:00-07:00",
         "type" : "4"
      }, {
         "color" : "#309fdb",
         "description" : "Oracle",
         "end" : "2011-08-12T00:00:00-07:00",
         "eventId" : 147055,
         "name" : "Customer Meeting",
         "start" : "2011-08-09T00:00:00-07:00",
         "type" : "1"
      }, {
         "color" : "#81bb5f",
         "description" : "Sick",
         "end" : "2012-10-23T00:00:00-07:00",
         "eventId" : 147056,
         "name" : "Time Off",
         "start" : "2012-10-22T00:00:00-07:00",
         "type" : "4"
      }, {
         "color" : "#309fdb",
         "description" : "Acme Ent",
         "end" : "2012-09-16T00:00:00-07:00",
         "eventId" : 147057,
         "name" : "Customer Meeting",
         "start" : "2012-09-14T00:00:00-07:00",
         "type" : "1"
      }, {
         "color" : "#ed813e",
         "description" : "Business Meeting",
         "end" : "2012-12-26T00:00:00-08:00",
         "eventId" : 147058,
         "name" : "Event",
         "start" : "2012-12-22T00:00:00-08:00",
         "type" : "2"
      }, {
         "color" : "#fbce4a",
         "description" : "Effective Mgmt",
         "end" : "2013-12-18T00:00:00-08:00",
         "eventId" : 147059,
         "name" : "Training",
         "start" : "2013-12-15T00:00:00-08:00",
         "type" : "3"
      }, {
         "color" : "#ed813e",
         "description" : "Design Awards",
         "end" : "2013-06-16T00:00:00-07:00",
         "eventId" : 147060,
         "name" : "Event",
         "start" : "2013-06-12T00:00:00-07:00",
         "type" : "2"
      }, {
         "color" : "#81bb5f",
         "description" : "Vacation",
         "end" : "2013-02-12T00:00:00-08:00",
         "eventId" : 147061,
         "name" : "Time Off",
         "start" : "2013-02-09T00:00:00-08:00",
         "type" : "4"
      }, {
         "color" : "#fbce4a",
         "description" : "ava Development",
         "end" : "2014-04-10T00:00:00-07:00",
         "eventId" : 147062,
         "name" : "Training",
         "start" : "2014-04-09T00:00:00-07:00",
         "type" : "3"
      }, {
         "color" : "#309fdb",
         "description" : "ABC LLC",
         "end" : "2014-12-26T00:00:00-08:00",
         "eventId" : 147063,
         "name" : "Customer Meeting",
         "start" : "2014-12-22T00:00:00-08:00",
         "type" : "1"
      }, {
         "color" : "#309fdb",
         "description" : "DEF Inc",
         "end" : "2014-08-17T00:00:00-07:00",
         "eventId" : 147064,
         "name" : "Customer Meeting",
         "start" : "2014-08-16T00:00:00-07:00",
         "type" : "1"
      }, {
         "color" : "#fbce4a",
         "description" : "Mgr Essentials",
         "end" : "2014-02-02T00:00:00-08:00",
         "eventId" : 147065,
         "name" : "Training",
         "start" : "2014-02-01T00:00:00-08:00",
         "type" : "3"
      }, {
         "color" : "#309fdb",
         "description" : "Foo Ltd",
         "end" : "2015-05-27T04:00:04-07:00",
         "eventId" : 147066,
         "name" : "Customer Meeting",
         "start" : "2015-05-26T04:00:04-07:00",
         "type" : "1"
      }, {
         "color" : "#fbce4a",
         "description" : "Public Speaking",
         "end" : "2015-05-15T04:00:04-07:00",
         "eventId" : 147067,
         "name" : "Training",
         "start" : "2015-05-12T04:00:04-07:00",
         "type" : "3"
      }, {
         "color" : "#fbce4a",
         "description" : "iOS Development",
         "end" : "2015-05-12T04:00:04-07:00",
         "eventId" : 147068,
         "name" : "Training",
         "start" : "2015-05-07T04:00:04-07:00",
         "type" : "3"
      }, {
         "color" : "#81bb5f",
         "description" : "Vacation",
         "end" : "2015-04-21T04:00:04-07:00",
         "eventId" : 147069,
         "name" : "Time Off",
         "start" : "2015-04-16T04:00:04-07:00",
         "type" : "4"
      } ],
      "colleaguePerfs" : [ {
         "effective" : "2015-12-01T00:00:00-08:00",
         "perfId" : 41306,
         "potential" : 4,
         "rating" : 5
      }, {
         "effective" : "2015-10-16T00:00:00-07:00",
         "perfId" : 41437,
         "potential" : 5,
         "rating" : 3
      }, {
         "effective" : "2015-07-18T00:00:00-07:00",
         "perfId" : 41707,
         "potential" : 4,
         "rating" : 4
      } ],
      "reports" : [ ]
   }