{
      "empId" : 117,
      "firstName" : "Sigal",
      "lastName" : "Tobias",
      "title" : "Purchasing Clerk",
      "email" : "STOBIAS",
      "phone" : "515.127.4564",
      "mobile" : "515.127.4564",
      "address" : "2004 Bellevue Ct",
      "city" : "Seattle",
      "state" : "Washington",
      "country" : "US",
      "postal" : "98102",
      "twitter" : "Sigal",
      "facebook" : "Sigal",
      "google" : "Sigal",
      "linkedIn" : "Sigal",
      "hireDate" : "2009-03-01T00:00:00-08:00",
      "compRatio" : 60,
      "salary" : 5800.0,
      "bonus" : 550.0,
      "commission" : 0.0,
      "rating" : 5,
      "potential" : 2,
      "deptId" : 30,
      "mgrId" : 114,
      "deptName" : "Purchasing",
      "mgrFirstName" : "Deb",
      "mgrLastName" : "Raphaely",
      "teamAvgRating" : 4.0,
      "empMeetings" : 0,
      "empEvents" : 0,
      "notifyApproved" : 3,
      "notifyWaiting" : 4,
      "notifyRejected" : 1,
      "groupSize" : 1,
      "groupAvgRating" : 5.0,
      "groupAvgPotential" : 2.0,
      "groupCompRatioAbove" : 0,
      "groupCompRatioIn" : 1,
      "groupCompRatioBelow" : 1,
      "groupMeetings" : 1,
      "groupEvents" : 1,
      "groupTrainings" : 1,
      "groupTimeOff" : 0,
      "comps" : [ {
         "bonus" : 550,
         "comission" : 0,
         "compId" : 49829,
         "compRatio" : 60,
         "compSalary" : 5800,
         "effective" : "2015-01-13T00:00:00-08:00"
      }, {
         "bonus" : 495,
         "comission" : 0,
         "compId" : 49830,
         "compRatio" : 93,
         "compSalary" : 5568,
         "effective" : "2014-04-25T00:00:00-07:00"
      }, {
         "bonus" : 455.4,
         "comission" : 0,
         "compId" : 49831,
         "compRatio" : 40,
         "compSalary" : 5400.96,
         "effective" : "2013-09-18T00:00:00-07:00"
      }, {
         "bonus" : 409.86,
         "comission" : 0,
         "compId" : 49832,
         "compRatio" : 65,
         "compSalary" : 5346.9504,
         "effective" : "2012-03-06T00:00:00-08:00"
      }, {
         "bonus" : 377.0712,
         "comission" : 0,
         "compId" : 49833,
         "compRatio" : 69,
         "compSalary" : 5079.60288,
         "effective" : "2011-04-22T00:00:00-07:00"
      }, {
         "bonus" : 350.676216,
         "comission" : 0,
         "compId" : 49834,
         "compRatio" : 44,
         "compSalary" : 4876.4187648,
         "effective" : "2010-09-20T00:00:00-07:00"
      }, {
         "bonus" : 333.1424052,
         "comission" : 0,
         "compId" : 49835,
         "compRatio" : 63,
         "compSalary" : 4632.59782656,
         "effective" : "2009-03-05T00:00:00-08:00"
      } ],
      "perfs" : [ {
         "effective" : "2009-06-07T00:00:00-07:00",
         "perfId" : 41570,
         "potential" : 3,
         "rating" : 5
      }, {
         "effective" : "2010-05-24T00:00:00-07:00",
         "perfId" : 41571,
         "potential" : 4,
         "rating" : 4
      }, {
         "effective" : "2011-05-08T00:00:00-07:00",
         "perfId" : 41572,
         "potential" : 4,
         "rating" : 4
      }, {
         "effective" : "2012-09-05T00:00:00-07:00",
         "perfId" : 41573,
         "potential" : 2,
         "rating" : 4
      }, {
         "effective" : "2013-05-16T00:00:00-07:00",
         "perfId" : 41574,
         "potential" : 5,
         "rating" : 3
      }, {
         "effective" : "2014-06-14T00:00:00-07:00",
         "perfId" : 41575,
         "potential" : 4,
         "rating" : 2
      }, {
         "effective" : "2015-07-04T00:00:00-07:00",
         "perfId" : 41576,
         "potential" : 2,
         "rating" : 5
      } ],
      "skills" : [ {
         "empskillassignId" : 80544,
         "empskillassignRating" : 2,
         "skill" : {
            "skill" : "CRM",
            "skillId" : 16
         }
      }, {
         "empskillassignId" : 80545,
         "empskillassignRating" : 2,
         "skill" : {
            "skill" : "Analytics",
            "skillId" : 8
         }
      }, {
         "empskillassignId" : 80546,
         "empskillassignRating" : 2,
         "skill" : {
            "skill" : "Word",
            "skillId" : 4
         }
      }, {
         "empskillassignId" : 80547,
         "empskillassignRating" : 3,
         "skill" : {
            "skill" : "Estimation",
            "skillId" : 23
         }
      }, {
         "empskillassignId" : 80548,
         "empskillassignRating" : 2,
         "skill" : {
            "skill" : "Acquistions",
            "skillId" : 10
         }
      }, {
         "empskillassignId" : 80549,
         "empskillassignRating" : 3,
         "skill" : {
            "skill" : "Recruiting",
            "skillId" : 13
         }
      }, {
         "empskillassignId" : 80550,
         "empskillassignRating" : 3,
         "skill" : {
            "skill" : "Strategy",
            "skillId" : 22
         }
      }, {
         "empskillassignId" : 80551,
         "empskillassignRating" : 1,
         "skill" : {
            "skill" : "Javascript",
            "skillId" : 6
         }
      }, {
         "empskillassignId" : 80552,
         "empskillassignRating" : 2,
         "skill" : {
            "skill" : "Outsourcing",
            "skillId" : 20
         }
      }, {
         "empskillassignId" : 80553,
         "empskillassignRating" : 2,
         "skill" : {
            "skill" : "Corporate Tax",
            "skillDescription" : "Corporate Tax",
            "skillId" : 2
         }
      }, {
         "empskillassignId" : 80554,
         "empskillassignRating" : 1,
         "skill" : {
            "skill" : "Human Resources",
            "skillId" : 18
         }
      }, {
         "empskillassignId" : 80555,
         "empskillassignRating" : 5,
         "skill" : {
            "skill" : "Budgeting",
            "skillId" : 25
         }
      } ],
      "events" : [ {
         "color" : "#ed813e",
         "description" : "StockHolder's Meeting",
         "end" : "2015-07-23T04:00:04-07:00",
         "eventId" : 146679,
         "name" : "Event",
         "start" : "2015-07-22T04:00:04-07:00",
         "type" : "2"
      }, {
         "color" : "#309fdb",
         "description" : "BBB Ltd",
         "end" : "2009-08-25T00:00:00-07:00",
         "eventId" : 146659,
         "name" : "Customer Meeting",
         "start" : "2009-08-21T00:00:00-07:00",
         "type" : "1"
      }, {
         "color" : "#ed813e",
         "description" : "Sales Convention",
         "end" : "2009-09-30T00:00:00-07:00",
         "eventId" : 146660,
         "name" : "Event",
         "start" : "2009-09-26T00:00:00-07:00",
         "type" : "2"
      }, {
         "color" : "#fbce4a",
         "description" : "Mgr Essentials",
         "end" : "2009-03-29T00:00:00-07:00",
         "eventId" : 146661,
         "name" : "Training",
         "start" : "2009-03-25T00:00:00-07:00",
         "type" : "3"
      }, {
         "color" : "#ed813e",
         "description" : "Design Awards",
         "end" : "2009-04-02T00:00:00-07:00",
         "eventId" : 146662,
         "name" : "Event",
         "start" : "2009-04-01T00:00:00-07:00",
         "type" : "2"
      }, {
         "color" : "#ed813e",
         "description" : "StockHolder's Meeting",
         "end" : "2010-03-06T00:00:00-08:00",
         "eventId" : 146663,
         "name" : "Event",
         "start" : "2010-03-05T00:00:00-08:00",
         "type" : "2"
      }, {
         "color" : "#fbce4a",
         "description" : "Effective Mgmt",
         "end" : "2010-07-05T00:00:00-07:00",
         "eventId" : 146664,
         "name" : "Training",
         "start" : "2010-07-01T00:00:00-07:00",
         "type" : "3"
      }, {
         "color" : "#fbce4a",
         "description" : "ava Development",
         "end" : "2010-04-21T00:00:00-07:00",
         "eventId" : 146665,
         "name" : "Training",
         "start" : "2010-04-19T00:00:00-07:00",
         "type" : "3"
      }, {
         "color" : "#ed813e",
         "description" : "Business Meeting",
         "end" : "2010-12-11T00:00:00-08:00",
         "eventId" : 146666,
         "name" : "Event",
         "start" : "2010-12-08T00:00:00-08:00",
         "type" : "2"
      }, {
         "color" : "#ed813e",
         "description" : "Sales Convention",
         "end" : "2011-07-16T00:00:00-07:00",
         "eventId" : 146667,
         "name" : "Event",
         "start" : "2011-07-15T00:00:00-07:00",
         "type" : "2"
      }, {
         "color" : "#81bb5f",
         "description" : "Sick",
         "end" : "2011-01-10T00:00:00-08:00",
         "eventId" : 146668,
         "name" : "Time Off",
         "start" : "2011-01-08T00:00:00-08:00",
         "type" : "4"
      }, {
         "color" : "#309fdb",
         "description" : "Acme Ent",
         "end" : "2012-03-20T00:00:00-07:00",
         "eventId" : 146669,
         "name" : "Customer Meeting",
         "start" : "2012-03-18T00:00:00-07:00",
         "type" : "1"
      }, {
         "color" : "#fbce4a",
         "description" : "Mobility",
         "end" : "2012-04-24T00:00:00-07:00",
         "eventId" : 146670,
         "name" : "Training",
         "start" : "2012-04-22T00:00:00-07:00",
         "type" : "3"
      }, {
         "color" : "#309fdb",
         "description" : "AAA Inc",
         "end" : "2013-04-22T00:00:00-07:00",
         "eventId" : 146671,
         "name" : "Customer Meeting",
         "start" : "2013-04-18T00:00:00-07:00",
         "type" : "1"
      }, {
         "color" : "#fbce4a",
         "description" : "ava Development",
         "end" : "2013-01-18T00:00:00-08:00",
         "eventId" : 146672,
         "name" : "Training",
         "start" : "2013-01-16T00:00:00-08:00",
         "type" : "3"
      }, {
         "color" : "#ed813e",
         "description" : "StockHolder's Meeting",
         "end" : "2013-10-18T00:00:00-07:00",
         "eventId" : 146673,
         "name" : "Event",
         "start" : "2013-10-17T00:00:00-07:00",
         "type" : "2"
      }, {
         "color" : "#309fdb",
         "description" : "DEF Inc",
         "end" : "2014-01-22T00:00:00-08:00",
         "eventId" : 146674,
         "name" : "Customer Meeting",
         "start" : "2014-01-21T00:00:00-08:00",
         "type" : "1"
      }, {
         "color" : "#fbce4a",
         "description" : "Public Speaking",
         "end" : "2014-03-15T00:00:00-07:00",
         "eventId" : 146675,
         "name" : "Training",
         "start" : "2014-03-14T00:00:00-07:00",
         "type" : "3"
      }, {
         "color" : "#fbce4a",
         "description" : "Effective Mgmt",
         "end" : "2014-08-11T00:00:00-07:00",
         "eventId" : 146676,
         "name" : "Training",
         "start" : "2014-08-07T00:00:00-07:00",
         "type" : "3"
      }, {
         "color" : "#fbce4a",
         "description" : "iOS Development",
         "end" : "2015-07-22T04:00:04-07:00",
         "eventId" : 146677,
         "name" : "Training",
         "start" : "2015-07-20T04:00:04-07:00",
         "type" : "3"
      }, {
         "color" : "#309fdb",
         "description" : "CCC Enterprises",
         "end" : "2015-08-06T04:00:04-07:00",
         "eventId" : 146678,
         "name" : "Customer Meeting",
         "start" : "2015-08-01T04:00:04-07:00",
         "type" : "1"
      } ],
      "colleaguePerfs" : [ {
         "effective" : "2015-01-14T00:00:00-08:00",
         "perfId" : 36905,
         "potential" : 5,
         "rating" : 4
      }, {
         "effective" : "2015-01-21T00:00:00-08:00",
         "perfId" : 41238,
         "potential" : 5,
         "rating" : 2
      }, {
         "effective" : "2015-07-04T00:00:00-07:00",
         "perfId" : 41576,
         "potential" : 2,
         "rating" : 5
      }, {
         "effective" : "2015-05-19T00:00:00-07:00",
         "perfId" : 41723,
         "potential" : 5,
         "rating" : 5
      }, {
         "effective" : "2015-03-16T00:00:00-07:00",
         "perfId" : 41827,
         "potential" : 2,
         "rating" : 4
      } ],
      "reports" : [ ]
   }