{
      "empId" : 146,
      "firstName" : "Karen",
      "lastName" : "Partners",
      "title" : "Sales Manager",
      "email" : "KPARTNER",
      "phone" : "011.44.1344.467268",
      "mobile" : "011.44.1344.467268",
      "address" : "Magdalen Centre The Oxford Science Park",
      "city" : "Oxford",
      "state" : "Oxford",
      "country" : "UK",
      "postal" : "OX9 9ZB",
      "twitter" : "Karen",
      "facebook" : "Karen",
      "google" : "Karen",
      "linkedIn" : "Karen",
      "hireDate" : "2010-01-01T00:00:00-08:00",
      "compRatio" : 16,
      "salary" : 13500.0,
      "bonus" : 3375.0,
      "commission" : 3000.0,
      "rating" : 5,
      "potential" : 4,
      "deptId" : 80,
      "mgrId" : 148,
      "deptName" : "Sales",
      "mgrFirstName" : "Gerald",
      "mgrLastName" : "Cambrault",
      "teamAvgRating" : 3.375,
      "empMeetings" : 0,
      "empEvents" : 0,
      "notifyApproved" : 3,
      "notifyWaiting" : 4,
      "notifyRejected" : 1,
      "groupSize" : 6,
      "groupAvgRating" : 5.0,
      "groupAvgPotential" : 4.0,
      "groupCompRatioAbove" : 0,
      "groupCompRatioIn" : 7,
      "groupCompRatioBelow" : 6,
      "groupMeetings" : 4,
      "groupEvents" : 4,
      "groupTrainings" : 5,
      "groupTimeOff" : 5,
      "comps" : [ {
         "bonus" : 3375,
         "comission" : 3000,
         "compId" : 49684,
         "compRatio" : 16,
         "compSalary" : 13500,
         "effective" : "2015-06-24T00:00:00-07:00"
      }, {
         "bonus" : 3240,
         "comission" : 2700,
         "compId" : 49685,
         "compRatio" : 88,
         "compSalary" : 12825,
         "effective" : "2014-07-08T00:00:00-07:00"
      }, {
         "bonus" : 2980.8,
         "comission" : 2430,
         "compId" : 49686,
         "compRatio" : 110,
         "compSalary" : 12696.75,
         "effective" : "2013-11-18T00:00:00-08:00"
      }, {
         "bonus" : 2891.376,
         "comission" : 2235.6,
         "compId" : 49687,
         "compRatio" : 11,
         "compSalary" : 12569.7825,
         "effective" : "2012-12-10T00:00:00-08:00"
      }, {
         "bonus" : 2660.06592,
         "comission" : 2056.752,
         "compId" : 49688,
         "compRatio" : 58,
         "compSalary" : 11941.293375,
         "effective" : "2011-08-25T00:00:00-07:00"
      }, {
         "bonus" : 2500.4619648,
         "comission" : 1912.77936,
         "compId" : 49689,
         "compRatio" : 97,
         "compSalary" : 11344.22870625,
         "effective" : "2010-12-02T00:00:00-08:00"
      } ],
      "perfs" : [ {
         "effective" : "2010-05-24T00:00:00-07:00",
         "perfId" : 41425,
         "potential" : 5,
         "rating" : 2
      }, {
         "effective" : "2011-10-25T00:00:00-07:00",
         "perfId" : 41426,
         "potential" : 3,
         "rating" : 4
      }, {
         "effective" : "2012-05-03T00:00:00-07:00",
         "perfId" : 41427,
         "potential" : 4,
         "rating" : 4
      }, {
         "effective" : "2013-07-02T00:00:00-07:00",
         "perfId" : 41428,
         "potential" : 5,
         "rating" : 2
      }, {
         "effective" : "2014-09-20T00:00:00-07:00",
         "perfId" : 41429,
         "potential" : 3,
         "rating" : 3
      }, {
         "effective" : "2015-08-15T00:00:00-07:00",
         "perfId" : 41430,
         "potential" : 4,
         "rating" : 5
      } ],
      "skills" : [ {
         "empskillassignId" : 80338,
         "empskillassignRating" : 5,
         "skill" : {
            "skill" : "Statistics",
            "skillId" : 5
         }
      }, {
         "empskillassignId" : 80339,
         "empskillassignRating" : 4,
         "skill" : {
            "skill" : "CRM",
            "skillId" : 16
         }
      }, {
         "empskillassignId" : 80340,
         "empskillassignRating" : 5,
         "skill" : {
            "skill" : "Acquistions",
            "skillId" : 10
         }
      }, {
         "empskillassignId" : 80341,
         "empskillassignRating" : 4,
         "skill" : {
            "skill" : "HCM",
            "skillId" : 17
         }
      }, {
         "empskillassignId" : 80342,
         "empskillassignRating" : 1,
         "skill" : {
            "skill" : "Staffing",
            "skillId" : 24
         }
      } ],
      "events" : [ {
         "color" : "#309fdb",
         "description" : "Foo Ltd",
         "end" : "2015-06-29T04:00:04-07:00",
         "eventId" : 146245,
         "name" : "Customer Meeting",
         "start" : "2015-06-26T04:00:04-07:00",
         "type" : "1"
      }, {
         "color" : "#fbce4a",
         "description" : "Mobility",
         "end" : "2015-07-23T04:00:04-07:00",
         "eventId" : 146246,
         "name" : "Training",
         "start" : "2015-07-21T04:00:04-07:00",
         "type" : "3"
      }, {
         "color" : "#fbce4a",
         "description" : "Effective Mgmt",
         "end" : "2010-10-07T00:00:00-07:00",
         "eventId" : 146229,
         "name" : "Training",
         "start" : "2010-10-04T00:00:00-07:00",
         "type" : "3"
      }, {
         "color" : "#ed813e",
         "description" : "Winner's Circle",
         "end" : "2010-09-29T00:00:00-07:00",
         "eventId" : 146230,
         "name" : "Event",
         "start" : "2010-09-26T00:00:00-07:00",
         "type" : "2"
      }, {
         "color" : "#ed813e",
         "description" : "Customer Advisory Board",
         "end" : "2011-01-09T00:00:00-08:00",
         "eventId" : 146231,
         "name" : "Event",
         "start" : "2011-01-04T00:00:00-08:00",
         "type" : "2"
      }, {
         "color" : "#81bb5f",
         "description" : "Bereavement",
         "end" : "2011-12-14T00:00:00-08:00",
         "eventId" : 146232,
         "name" : "Time Off",
         "start" : "2011-12-13T00:00:00-08:00",
         "type" : "4"
      }, {
         "color" : "#81bb5f",
         "description" : "Vacation",
         "end" : "2011-08-29T00:00:00-07:00",
         "eventId" : 146233,
         "name" : "Time Off",
         "start" : "2011-08-26T00:00:00-07:00",
         "type" : "4"
      }, {
         "color" : "#309fdb",
         "description" : "Foo Ltd",
         "end" : "2011-08-22T00:00:00-07:00",
         "eventId" : 146234,
         "name" : "Customer Meeting",
         "start" : "2011-08-20T00:00:00-07:00",
         "type" : "1"
      }, {
         "color" : "#ed813e",
         "description" : "Design Awards",
         "end" : "2012-04-12T00:00:00-07:00",
         "eventId" : 146235,
         "name" : "Event",
         "start" : "2012-04-08T00:00:00-07:00",
         "type" : "2"
      }, {
         "color" : "#fbce4a",
         "description" : "Ethics",
         "end" : "2012-04-19T00:00:00-07:00",
         "eventId" : 146236,
         "name" : "Training",
         "start" : "2012-04-16T00:00:00-07:00",
         "type" : "3"
      }, {
         "color" : "#fbce4a",
         "description" : "ava Development",
         "end" : "2012-08-16T00:00:00-07:00",
         "eventId" : 146237,
         "name" : "Training",
         "start" : "2012-08-15T00:00:00-07:00",
         "type" : "3"
      }, {
         "color" : "#81bb5f",
         "description" : "Bereavement",
         "end" : "2013-12-17T00:00:00-08:00",
         "eventId" : 146238,
         "name" : "Time Off",
         "start" : "2013-12-14T00:00:00-08:00",
         "type" : "4"
      }, {
         "color" : "#ed813e",
         "description" : "Customer Advisory Board",
         "end" : "2013-08-13T00:00:00-07:00",
         "eventId" : 146239,
         "name" : "Event",
         "start" : "2013-08-08T00:00:00-07:00",
         "type" : "2"
      }, {
         "color" : "#ed813e",
         "description" : "Trade Show",
         "end" : "2013-01-25T00:00:00-08:00",
         "eventId" : 146240,
         "name" : "Event",
         "start" : "2013-01-23T00:00:00-08:00",
         "type" : "2"
      }, {
         "color" : "#ed813e",
         "description" : "Sales Convention",
         "end" : "2013-03-18T00:00:00-07:00",
         "eventId" : 146241,
         "name" : "Event",
         "start" : "2013-03-15T00:00:00-07:00",
         "type" : "2"
      }, {
         "color" : "#ed813e",
         "description" : "Sales Convention",
         "end" : "2014-07-17T00:00:00-07:00",
         "eventId" : 146242,
         "name" : "Event",
         "start" : "2014-07-13T00:00:00-07:00",
         "type" : "2"
      }, {
         "color" : "#81bb5f",
         "description" : "Sick",
         "end" : "2014-05-08T00:00:00-07:00",
         "eventId" : 146243,
         "name" : "Time Off",
         "start" : "2014-05-05T00:00:00-07:00",
         "type" : "4"
      }, {
         "color" : "#fbce4a",
         "description" : "Sales",
         "end" : "2014-12-20T00:00:00-08:00",
         "eventId" : 146244,
         "name" : "Training",
         "start" : "2014-12-19T00:00:00-08:00",
         "type" : "3"
      } ],
      "colleaguePerfs" : [ {
         "effective" : "2015-02-23T00:00:00-08:00",
         "perfId" : 41269,
         "potential" : 2,
         "rating" : 4
      }, {
         "effective" : "2015-02-19T00:00:00-08:00",
         "perfId" : 41424,
         "potential" : 5,
         "rating" : 4
      }, {
         "effective" : "2015-08-15T00:00:00-07:00",
         "perfId" : 41430,
         "potential" : 4,
         "rating" : 5
      }, {
         "effective" : "2015-10-11T00:00:00-07:00",
         "perfId" : 41501,
         "potential" : 5,
         "rating" : 2
      }, {
         "effective" : "2015-07-11T00:00:00-07:00",
         "perfId" : 41532,
         "potential" : 5,
         "rating" : 4
      }, {
         "effective" : "2015-10-25T00:00:00-07:00",
         "perfId" : 41740,
         "potential" : 3,
         "rating" : 2
      }, {
         "effective" : "2015-10-01T00:00:00-07:00",
         "perfId" : 41771,
         "potential" : 2,
         "rating" : 2
      }, {
         "effective" : "2015-07-22T00:00:00-07:00",
         "perfId" : 41942,
         "potential" : 4,
         "rating" : 4
      } ],
      "reports" : [ {
         "empId" : 156,
         "firstName" : "Janette",
         "lastName" : "King",
         "title" : "Sales Representative",
         "email" : "JKING",
         "phone" : "011.44.1345.429268",
         "mobile" : "011.44.1345.429268",
         "address" : "Magdalen Centre The Oxford Science Park",
         "city" : "Oxford",
         "state" : "Oxford",
         "country" : "UK",
         "postal" : "OX9 9ZB",
         "twitter" : "Janette",
         "facebook" : "Janette",
         "google" : "Janette",
         "linkedIn" : "Janette",
         "hireDate" : "2010-01-01T00:00:00-08:00",
         "compRatio" : 107,
         "salary" : 10000.0,
         "bonus" : 2500.0,
         "commission" : 3500.0,
         "rating" : 5,
         "potential" : 3,
         "deptId" : 80,
         "mgrId" : 146,
         "deptName" : "Sales",
         "mgrFirstName" : "Karen",
         "mgrLastName" : "Partners",
         "teamAvgRating" : 4.166666666666667,
         "empMeetings" : 0,
         "empEvents" : 0,
         "notifyApproved" : 3,
         "notifyWaiting" : 4,
         "notifyRejected" : 1,
         "groupSize" : 1,
         "groupAvgRating" : 5.0,
         "groupAvgPotential" : 3.0,
         "groupCompRatioAbove" : 0,
         "groupCompRatioIn" : 1,
         "groupCompRatioBelow" : 0,
         "groupMeetings" : 1,
         "groupEvents" : 1,
         "groupTrainings" : 0,
         "groupTimeOff" : 0
      }, {
         "empId" : 158,
         "firstName" : "Allysa",
         "lastName" : "McEwen",
         "title" : "Sales Representative",
         "email" : "AMCEWEN",
         "phone" : "011.44.1345.829268",
         "mobile" : "011.44.1345.829268",
         "address" : "Magdalen Centre The Oxford Science Park",
         "city" : "Oxford",
         "state" : "Oxford",
         "country" : "UK",
         "postal" : "OX9 9ZB",
         "twitter" : "Allysa",
         "facebook" : "Allysa",
         "google" : "Allysa",
         "linkedIn" : "Allysa",
         "hireDate" : "2010-01-01T00:00:00-08:00",
         "compRatio" : 39,
         "salary" : 9000.0,
         "bonus" : 2250.0,
         "commission" : 3500.0,
         "rating" : 5,
         "potential" : 5,
         "deptId" : 80,
         "mgrId" : 146,
         "deptName" : "Sales",
         "mgrFirstName" : "Karen",
         "mgrLastName" : "Partners",
         "teamAvgRating" : 4.166666666666667,
         "empMeetings" : 0,
         "empEvents" : 0,
         "notifyApproved" : 3,
         "notifyWaiting" : 4,
         "notifyRejected" : 1,
         "groupSize" : 1,
         "groupAvgRating" : 5.0,
         "groupAvgPotential" : 5.0,
         "groupCompRatioAbove" : 0,
         "groupCompRatioIn" : 1,
         "groupCompRatioBelow" : 1,
         "groupMeetings" : 0,
         "groupEvents" : 0,
         "groupTrainings" : 0,
         "groupTimeOff" : 2
      }, {
         "empId" : 161,
         "firstName" : "Sarath",
         "lastName" : "Sewall",
         "title" : "Sales Representative",
         "email" : "SSEWALL",
         "phone" : "011.44.1345.529268",
         "mobile" : "011.44.1345.529268",
         "address" : "Magdalen Centre The Oxford Science Park",
         "city" : "Oxford",
         "state" : "Oxford",
         "country" : "UK",
         "postal" : "OX9 9ZB",
         "twitter" : "Sarath",
         "facebook" : "Sarath",
         "google" : "Sarath",
         "linkedIn" : "Sarath",
         "hireDate" : "2009-03-01T00:00:00-08:00",
         "compRatio" : 13,
         "salary" : 7000.0,
         "bonus" : 1750.0,
         "commission" : 2500.0,
         "rating" : 5,
         "potential" : 3,
         "deptId" : 80,
         "mgrId" : 146,
         "deptName" : "Sales",
         "mgrFirstName" : "Karen",
         "mgrLastName" : "Partners",
         "teamAvgRating" : 4.166666666666667,
         "empMeetings" : 0,
         "empEvents" : 0,
         "notifyApproved" : 3,
         "notifyWaiting" : 4,
         "notifyRejected" : 1,
         "groupSize" : 1,
         "groupAvgRating" : 5.0,
         "groupAvgPotential" : 3.0,
         "groupCompRatioAbove" : 0,
         "groupCompRatioIn" : 1,
         "groupCompRatioBelow" : 1,
         "groupMeetings" : 1,
         "groupEvents" : 0,
         "groupTrainings" : 1,
         "groupTimeOff" : 1
      }, {
         "empId" : 159,
         "firstName" : "Lindsey",
         "lastName" : "Smith",
         "title" : "Sales Representative",
         "email" : "LSMITH",
         "phone" : "011.44.1345.729268",
         "mobile" : "011.44.1345.729268",
         "address" : "Magdalen Centre The Oxford Science Park",
         "city" : "Oxford",
         "state" : "Oxford",
         "country" : "UK",
         "postal" : "OX9 9ZB",
         "twitter" : "Lindsey",
         "facebook" : "Lindsey",
         "google" : "Lindsey",
         "linkedIn" : "Lindsey",
         "hireDate" : "2008-02-14T00:00:00-08:00",
         "compRatio" : 88,
         "salary" : 8000.0,
         "bonus" : 2000.0,
         "commission" : 3000.0,
         "rating" : 5,
         "potential" : 5,
         "deptId" : 80,
         "mgrId" : 146,
         "deptName" : "Sales",
         "mgrFirstName" : "Karen",
         "mgrLastName" : "Partners",
         "teamAvgRating" : 4.166666666666667,
         "empMeetings" : 0,
         "empEvents" : 0,
         "notifyApproved" : 3,
         "notifyWaiting" : 4,
         "notifyRejected" : 1,
         "groupSize" : 1,
         "groupAvgRating" : 5.0,
         "groupAvgPotential" : 5.0,
         "groupCompRatioAbove" : 0,
         "groupCompRatioIn" : 1,
         "groupCompRatioBelow" : 1,
         "groupMeetings" : 1,
         "groupEvents" : 0,
         "groupTrainings" : 1,
         "groupTimeOff" : 0
      }, {
         "empId" : 157,
         "firstName" : "Patrice",
         "lastName" : "Sully",
         "title" : "Sales Representative",
         "email" : "PSULLY",
         "phone" : "011.44.1345.929268",
         "mobile" : "011.44.1345.929268",
         "address" : "Magdalen Centre The Oxford Science Park",
         "city" : "Oxford",
         "state" : "Oxford",
         "country" : "UK",
         "postal" : "OX9 9ZB",
         "twitter" : "Patrice",
         "facebook" : "Patrice",
         "google" : "Patrice",
         "linkedIn" : "Patrice",
         "hireDate" : "2006-07-14T00:00:00-07:00",
         "compRatio" : 50,
         "salary" : 9500.0,
         "bonus" : 2375.0,
         "commission" : 3500.0,
         "rating" : 2,
         "potential" : 2,
         "deptId" : 80,
         "mgrId" : 146,
         "deptName" : "Sales",
         "mgrFirstName" : "Karen",
         "mgrLastName" : "Partners",
         "teamAvgRating" : 4.166666666666667,
         "empMeetings" : 0,
         "empEvents" : 0,
         "notifyApproved" : 3,
         "notifyWaiting" : 4,
         "notifyRejected" : 1,
         "groupSize" : 1,
         "groupAvgRating" : 2.0,
         "groupAvgPotential" : 2.0,
         "groupCompRatioAbove" : 0,
         "groupCompRatioIn" : 1,
         "groupCompRatioBelow" : 1,
         "groupMeetings" : 0,
         "groupEvents" : 1,
         "groupTrainings" : 2,
         "groupTimeOff" : 1
      }, {
         "empId" : 160,
         "firstName" : "Louise",
         "lastName" : "Doran",
         "title" : "Sales Representative",
         "email" : "LDORAN",
         "phone" : "011.44.1345.629268",
         "mobile" : "011.44.1345.629268",
         "address" : "Magdalen Centre The Oxford Science Park",
         "city" : "Oxford",
         "state" : "Oxford",
         "country" : "UK",
         "postal" : "OX9 9ZB",
         "twitter" : "Louise",
         "facebook" : "Louise",
         "google" : "Louise",
         "linkedIn" : "Louise",
         "hireDate" : "2004-09-14T00:00:00-07:00",
         "compRatio" : 8,
         "salary" : 11500.0,
         "bonus" : 1875.0,
         "commission" : 3000.0,
         "rating" : 3,
         "potential" : 2,
         "deptId" : 80,
         "mgrId" : 146,
         "deptName" : "Sales",
         "mgrFirstName" : "Karen",
         "mgrLastName" : "Partners",
         "teamAvgRating" : 4.166666666666667,
         "empMeetings" : 0,
         "empEvents" : 0,
         "notifyApproved" : 3,
         "notifyWaiting" : 4,
         "notifyRejected" : 1,
         "groupSize" : 1,
         "groupAvgRating" : 3.0,
         "groupAvgPotential" : 2.0,
         "groupCompRatioAbove" : 0,
         "groupCompRatioIn" : 1,
         "groupCompRatioBelow" : 1,
         "groupMeetings" : 0,
         "groupEvents" : 2,
         "groupTrainings" : 0,
         "groupTimeOff" : 1
      } ]
   }