{
   "employees" : [ {
      "empId" : 205,
      "firstName" : "Shelley",
      "lastName" : "Higgins",
      "title" : "Accounting Director",
      "email" : "SHIGGINS",
      "phone" : "515.123.8080",
      "mobile" : "515.123.8080",
      "address" : "2004 Bellevue Ct",
      "city" : "Seattle",
      "state" : "Washington",
      "country" : "US",
      "postal" : "98102",
      "twitter" : "Shelley",
      "facebook" : "Shelley",
      "google" : "Shelley",
      "linkedIn" : "Shelley",
      "hireDate" : "2010-01-01T00:00:00Z",
      "compRatio" : 115,
      "salary" : 12000.0,
      "bonus" : 4000.0,
      "commission" : 0.0,
      "rating" : 5,
      "potential" : 3,
      "deptId" : 110,
      "mgrId" : 101,
      "deptName" : "Accounting",
      "mgrFirstName" : "Neena",
      "mgrLastName" : "Kochhar"
   }, {
      "empId" : 118,
      "firstName" : "Guy",
      "lastName" : "Himuro",
      "title" : "Purchasing Clerk",
      "email" : "GHIMURO",
      "phone" : "515.127.4565",
      "mobile" : "515.127.4565",
      "address" : "2004 Bellevue Ct",
      "city" : "Seattle",
      "state" : "Washington",
      "country" : "US",
      "postal" : "98102",
      "twitter" : "Guy",
      "facebook" : "Guy",
      "google" : "Guy",
      "linkedIn" : "Guy",
      "hireDate" : "2009-03-01T00:00:00Z",
      "compRatio" : 63,
      "salary" : 6600.0,
      "bonus" : 1390.0,
      "commission" : 0.0,
      "rating" : 4,
      "potential" : 4,
      "deptId" : 30,
      "mgrId" : 114,
      "deptName" : "Purchasing",
      "mgrFirstName" : "Deb",
      "mgrLastName" : "Raphaely"
   }, {
      "empId" : 103,
      "firstName" : "Alexander",
      "lastName" : "Hunold",
      "title" : "IT Director",
      "email" : "AHUNOLD",
      "phone" : "590.423.4567",
      "mobile" : "590.423.4567",
      "address" : "2014 Main St",
      "city" : "Southlake",
      "state" : "Texas",
      "country" : "US",
      "postal" : "76034",
      "twitter" : "Alexander",
      "facebook" : "Alexander",
      "google" : "Alexander",
      "linkedIn" : "Alexander",
      "hireDate" : "2006-07-14T00:00:00Z",
      "compRatio" : 65,
      "salary" : 15000.0,
      "bonus" : 7250.0,
      "commission" : 0.0,
      "rating" : 2,
      "potential" : 2,
      "deptId" : 60,
      "mgrId" : 102,
      "deptName" : "IT",
      "mgrFirstName" : "Lex",
      "mgrLastName" : "De Haan"
   }, {
      "empId" : 175,
      "firstName" : "Arthur",
      "lastName" : "Hutton",
      "title" : "Public Relations Reprentative",
      "email" : "AHUTTON",
      "phone" : "011.44.1644.429266",
      "mobile" : "011.44.1644.429266",
      "address" : "Magdalen Centre The Oxford Science Park",
      "city" : "Oxford",
      "state" : "Oxford",
      "country" : "UK",
      "postal" : "OX9 9ZB",
      "twitter" : "Arthur",
      "facebook" : "Arthur",
      "google" : "Arthur",
      "linkedIn" : "Arthur",
      "hireDate" : "2008-02-14T00:00:00Z",
      "compRatio" : 3,
      "salary" : 8800.0,
      "bonus" : 2200.0,
      "commission" : 0.0,
      "rating" : 2,
      "potential" : 4,
      "deptId" : 70,
      "mgrId" : 149,
      "deptName" : "Public Relations",
      "mgrFirstName" : "Eleni",
      "mgrLastName" : "Zlotkey"
   }, {
      "empId" : 179,
      "firstName" : "Charles",
      "lastName" : "Johnson",
      "title" : "Public Relations Reprentative",
      "email" : "CJOHNSON",
      "phone" : "011.44.1644.429262",
      "mobile" : "011.44.1644.429262",
      "address" : "Magdalen Centre The Oxford Science Park",
      "city" : "Oxford",
      "state" : "Oxford",
      "country" : "UK",
      "postal" : "OX9 9ZB",
      "twitter" : "Charles",
      "facebook" : "Charles",
      "google" : "Charles",
      "linkedIn" : "Charles",
      "hireDate" : "2010-01-01T00:00:00Z",
      "compRatio" : 8,
      "salary" : 9200.0,
      "bonus" : 2550.0,
      "commission" : 0.0,
      "rating" : 5,
      "potential" : 2,
      "deptId" : 70,
      "mgrId" : 149,
      "deptName" : "Public Relations",
      "mgrFirstName" : "Eleni",
      "mgrLastName" : "Zlotkey"
   }, {
      "empId" : 195,
      "firstName" : "Vance",
      "lastName" : "Jones",
      "title" : "Shipping Clerk",
      "email" : "VJONES",
      "phone" : "650.501.4876",
      "mobile" : "650.501.4876",
      "address" : "2011 Main Street",
      "city" : "South San Francisco",
      "state" : "California",
      "country" : "US",
      "postal" : "94105",
      "twitter" : "Vance",
      "facebook" : "Vance",
      "google" : "Vance",
      "linkedIn" : "Vance",
      "hireDate" : "2009-03-01T00:00:00Z",
      "compRatio" : 104,
      "salary" : 5800.0,
      "bonus" : 700.0,
      "commission" : 0.0,
      "rating" : 2,
      "potential" : 4,
      "deptId" : 50,
      "mgrId" : 123,
      "deptName" : "Shipping",
      "mgrFirstName" : "Shanta",
      "mgrLastName" : "Vollman"
   }, {
      "empId" : 122,
      "firstName" : "Payam",
      "lastName" : "Kaufling",
      "title" : "Shipping Director",
      "email" : "PKAUFLIN",
      "phone" : "650.123.3234",
      "mobile" : "650.123.3234",
      "address" : "2011 Main Street",
      "city" : "South San Francisco",
      "state" : "California",
      "country" : "US",
      "postal" : "94105",
      "twitter" : "Payam",
      "facebook" : "Payam",
      "google" : "Payam",
      "linkedIn" : "Payam",
      "hireDate" : "2006-07-14T00:00:00Z",
      "compRatio" : 29,
      "salary" : 12900.0,
      "bonus" : 3975.0,
      "commission" : 0.0,
      "rating" : 4,
      "potential" : 3,
      "deptId" : 50,
      "mgrId" : 100,
      "deptName" : "Shipping",
      "mgrFirstName" : "Steven",
      "mgrLastName" : "King"
   }, {
      "empId" : 115,
      "firstName" : "Alexander",
      "lastName" : "Khoo",
      "title" : "Purchasing Clerk",
      "email" : "AKHOO",
      "phone" : "515.127.4562",
      "mobile" : "515.127.4562",
      "address" : "2004 Bellevue Ct",
      "city" : "Seattle",
      "state" : "Washington",
      "country" : "US",
      "postal" : "98102",
      "twitter" : "Alexander",
      "facebook" : "Alexander",
      "google" : "Alexander",
      "linkedIn" : "Alexander",
      "hireDate" : "2004-09-14T00:00:00Z",
      "compRatio" : 97,
      "salary" : 6500.0,
      "bonus" : 1775.0,
      "commission" : 0.0,
      "rating" : 3,
      "potential" : 4,
      "deptId" : 30,
      "mgrId" : 114,
      "deptName" : "Purchasing",
      "mgrFirstName" : "Deb",
      "mgrLastName" : "Raphaely"
   }, {
      "empId" : 156,
      "firstName" : "Janette",
      "lastName" : "King",
      "title" : "Sales Representative",
      "email" : "JKING",
      "phone" : "011.44.1345.429268",
      "mobile" : "011.44.1345.429268",
      "address" : "Magdalen Centre The Oxford Science Park",
      "city" : "Oxford",
      "state" : "Oxford",
      "country" : "UK",
      "postal" : "OX9 9ZB",
      "twitter" : "Janette",
      "facebook" : "Janette",
      "google" : "Janette",
      "linkedIn" : "Janette",
      "hireDate" : "2010-01-01T00:00:00Z",
      "compRatio" : 29,
      "salary" : 10000.0,
      "bonus" : 2500.0,
      "commission" : 3500.0,
      "rating" : 5,
      "potential" : 2,
      "deptId" : 80,
      "mgrId" : 146,
      "deptName" : "Sales",
      "mgrFirstName" : "Karen",
      "mgrLastName" : "Partners"
   }, {
      "empId" : 100,
      "firstName" : "Steven",
      "lastName" : "King",
      "title" : "President",
      "email" : "SKING",
      "phone" : "515.123.4567",
      "mobile" : "515.123.4567",
      "address" : "2004 Bellevue Ct",
      "city" : "Seattle",
      "state" : "Washington",
      "country" : "US",
      "postal" : "98102",
      "twitter" : "Steven",
      "facebook" : "Steven",
      "google" : "Steven",
      "linkedIn" : "Steven",
      "hireDate" : "2009-03-01T00:00:00Z",
      "compRatio" : 115,
      "salary" : 24000.0,
      "bonus" : 6000.0,
      "commission" : 10000.0,
      "rating" : 5,
      "potential" : 2,
      "deptId" : 90,
      "mgrId" : 100,
      "deptName" : "Executive",
      "mgrFirstName" : "Steven",
      "mgrLastName" : "King"
   }, {
      "empId" : 101,
      "firstName" : "Neena",
      "lastName" : "Kochhar",
      "title" : "Administration Vice President",
      "email" : "NKOCHHAR",
      "phone" : "515.123.4568",
      "mobile" : "515.123.4568",
      "address" : "2004 Bellevue Ct",
      "city" : "Seattle",
      "state" : "Washington",
      "country" : "US",
      "postal" : "98102",
      "twitter" : "Neena",
      "facebook" : "Neena",
      "google" : "Neena",
      "linkedIn" : "Neena",
      "hireDate" : "2008-02-14T00:00:00Z",
      "compRatio" : 30,
      "salary" : 17000.0,
      "bonus" : 6250.0,
      "commission" : 0.0,
      "rating" : 5,
      "potential" : 3,
      "deptId" : 90,
      "mgrId" : 100,
      "deptName" : "Executive",
      "mgrFirstName" : "Steven",
      "mgrLastName" : "King"
   }, {
      "empId" : 173,
      "firstName" : "Sandra",
      "lastName" : "Kain",
      "title" : "Sales Representative",
      "email" : "SKAIN",
      "phone" : "011.44.1343.329268",
      "mobile" : "011.44.1343.329268",
      "address" : "Magdalen Centre The Oxford Science Park",
      "city" : "Oxford",
      "state" : "Oxford",
      "country" : "UK",
      "postal" : "OX9 9ZB",
      "twitter" : "Sandra",
      "facebook" : "Sandra",
      "google" : "Sandra",
      "linkedIn" : "Sandra",
      "hireDate" : "2006-07-14T00:00:00Z",
      "compRatio" : 42,
      "salary" : 6100.0,
      "bonus" : 1525.0,
      "commission" : 1000.0,
      "rating" : 3,
      "potential" : 5,
      "deptId" : 80,
      "mgrId" : 148,
      "deptName" : "Sales",
      "mgrFirstName" : "Gerald",
      "mgrLastName" : "Cambrault"
   }, {
      "empId" : 137,
      "firstName" : "Renske",
      "lastName" : "Ladwig",
      "title" : "Stock Clerk",
      "email" : "RLADWIG",
      "phone" : "650.121.1234",
      "mobile" : "650.121.1234",
      "address" : "2011 Main Street",
      "city" : "South San Francisco",
      "state" : "California",
      "country" : "US",
      "postal" : "94105",
      "twitter" : "Renske",
      "facebook" : "Renske",
      "google" : "Renske",
      "linkedIn" : "Renske",
      "hireDate" : "2010-01-01T00:00:00Z",
      "compRatio" : 102,
      "salary" : 5600.0,
      "bonus" : 900.0,
      "commission" : 0.0,
      "rating" : 3,
      "potential" : 5,
      "deptId" : 50,
      "mgrId" : 123,
      "deptName" : "Shipping",
      "mgrFirstName" : "Shanta",
      "mgrLastName" : "Vollman"
   }, {
      "empId" : 127,
      "firstName" : "James",
      "lastName" : "Landry",
      "title" : "Stock Clerk",
      "email" : "JLANDRY",
      "phone" : "650.124.1334",
      "mobile" : "650.124.1334",
      "address" : "2011 Main Street",
      "city" : "South San Francisco",
      "state" : "California",
      "country" : "US",
      "postal" : "94105",
      "twitter" : "James",
      "facebook" : "James",
      "google" : "James",
      "linkedIn" : "James",
      "hireDate" : "2009-03-01T00:00:00Z",
      "compRatio" : 61,
      "salary" : 5400.0,
      "bonus" : 600.0,
      "commission" : 0.0,
      "rating" : 5,
      "potential" : 2,
      "deptId" : 50,
      "mgrId" : 120,
      "deptName" : "Shipping",
      "mgrFirstName" : "Matthew",
      "mgrLastName" : "Weiss"
   }, {
      "empId" : 165,
      "firstName" : "Daria",
      "lastName" : "Lee",
      "title" : "Finance Representative",
      "email" : "DLEE",
      "phone" : "011.44.1346.529268",
      "mobile" : "011.44.1346.529268",
      "address" : "Magdalen Centre The Oxford Science Park",
      "city" : "Oxford",
      "state" : "Oxford",
      "country" : "UK",
      "postal" : "OX9 9ZB",
      "twitter" : "Daria",
      "facebook" : "Daria",
      "google" : "Daria",
      "linkedIn" : "Daria",
      "hireDate" : "2006-07-14T00:00:00Z",
      "compRatio" : 55,
      "salary" : 6800.0,
      "bonus" : 1700.0,
      "commission" : 1000.0,
      "rating" : 4,
      "potential" : 4,
      "deptId" : 100,
      "mgrId" : 147,
      "deptName" : "Finance",
      "mgrFirstName" : "Allison",
      "mgrLastName" : "Errazuriz"
   }, {
      "empId" : 177,
      "firstName" : "Jack",
      "lastName" : "Livingston",
      "title" : "Public Relations Reprentative",
      "email" : "JLIVINGS",
      "phone" : "011.44.1644.429264",
      "mobile" : "011.44.1644.429264",
      "address" : "Magdalen Centre The Oxford Science Park",
      "city" : "Oxford",
      "state" : "Oxford",
      "country" : "UK",
      "postal" : "OX9 9ZB",
      "twitter" : "Jack",
      "facebook" : "Jack",
      "google" : "Jack",
      "linkedIn" : "Jack",
      "hireDate" : "2008-02-14T00:00:00Z",
      "compRatio" : 14,
      "salary" : 8400.0,
      "bonus" : 2100.0,
      "commission" : 0.0,
      "rating" : 5,
      "potential" : 2,
      "deptId" : 70,
      "mgrId" : 149,
      "deptName" : "Public Relations",
      "mgrFirstName" : "Eleni",
      "mgrLastName" : "Zlotkey"
   }, {
      "empId" : 107,
      "firstName" : "Diana",
      "lastName" : "Lorentz",
      "title" : "Programmer",
      "email" : "DLORENTZ",
      "phone" : "590.423.5567",
      "mobile" : "590.423.5567",
      "address" : "2014 Main St",
      "city" : "Southlake",
      "state" : "Texas",
      "country" : "US",
      "postal" : "76034",
      "twitter" : "Diana",
      "facebook" : "Diana",
      "google" : "Diana",
      "linkedIn" : "Diana",
      "hireDate" : "2010-01-01T00:00:00Z",
      "compRatio" : 5,
      "salary" : 9200.0,
      "bonus" : 850.0,
      "commission" : 0.0,
      "rating" : 2,
      "potential" : 2,
      "deptId" : 60,
      "mgrId" : 104,
      "deptName" : "IT",
      "mgrFirstName" : "Bruce",
      "mgrLastName" : "Ernst"
   }, {
      "empId" : 133,
      "firstName" : "Jason",
      "lastName" : "Mallin",
      "title" : "Stock Clerk",
      "email" : "JMALLIN",
      "phone" : "650.127.1934",
      "mobile" : "650.127.1934",
      "address" : "2011 Main Street",
      "city" : "South San Francisco",
      "state" : "California",
      "country" : "US",
      "postal" : "94105",
      "twitter" : "Jason",
      "facebook" : "Jason",
      "google" : "Jason",
      "linkedIn" : "Jason",
      "hireDate" : "2009-03-01T00:00:00Z",
      "compRatio" : 75,
      "salary" : 5300.0,
      "bonus" : 825.0,
      "commission" : 0.0,
      "rating" : 2,
      "potential" : 5,
      "deptId" : 50,
      "mgrId" : 122,
      "deptName" : "Shipping",
      "mgrFirstName" : "Payam",
      "mgrLastName" : "Kaufling"
   }, {
      "empId" : 128,
      "firstName" : "Steven",
      "lastName" : "Markle",
      "title" : "Stock Clerk",
      "email" : "SMARKLE",
      "phone" : "650.124.1434",
      "mobile" : "650.124.1434",
      "address" : "2011 Main Street",
      "city" : "South San Francisco",
      "state" : "California",
      "country" : "US",
      "postal" : "94105",
      "twitter" : "Steven",
      "facebook" : "Steven",
      "google" : "Steven",
      "linkedIn" : "Steven",
      "hireDate" : "2004-09-14T00:00:00Z",
      "compRatio" : 111,
      "salary" : 5200.0,
      "bonus" : 550.0,
      "commission" : 0.0,
      "rating" : 4,
      "potential" : 5,
      "deptId" : 50,
      "mgrId" : 120,
      "deptName" : "Shipping",
      "mgrFirstName" : "Matthew",
      "mgrLastName" : "Weiss"
   }, {
      "empId" : 131,
      "firstName" : "James",
      "lastName" : "Marlow",
      "title" : "Programmer",
      "email" : "JAMRLOW",
      "phone" : "650.124.7234",
      "mobile" : "650.124.7234",
      "address" : "2011 Main Street",
      "city" : "South San Francisco",
      "state" : "California",
      "country" : "US",
      "postal" : "94105",
      "twitter" : "James",
      "facebook" : "James",
      "google" : "James",
      "linkedIn" : "James",
      "hireDate" : "2006-07-14T00:00:00Z",
      "compRatio" : 83,
      "salary" : 9500.0,
      "bonus" : 2625.0,
      "commission" : 0.0,
      "rating" : 4,
      "potential" : 4,
      "deptId" : 60,
      "mgrId" : 121,
      "deptName" : "IT",
      "mgrFirstName" : "Adam",
      "mgrLastName" : "Fripp"
   }, {
      "empId" : 164,
      "firstName" : "Mattea",
      "lastName" : "Marvins",
      "title" : "Finance Representative",
      "email" : "MMARVINS",
      "phone" : "011.44.1346.329268",
      "mobile" : "011.44.1346.329268",
      "address" : "Magdalen Centre The Oxford Science Park",
      "city" : "Oxford",
      "state" : "Oxford",
      "country" : "UK",
      "postal" : "OX9 9ZB",
      "twitter" : "Mattea",
      "facebook" : "Mattea",
      "google" : "Mattea",
      "linkedIn" : "Mattea",
      "hireDate" : "2010-01-01T00:00:00Z",
      "compRatio" : 36,
      "salary" : 7200.0,
      "bonus" : 1800.0,
      "commission" : 1000.0,
      "rating" : 4,
      "potential" : 2,
      "deptId" : 100,
      "mgrId" : 147,
      "deptName" : "Finance",
      "mgrFirstName" : "Allison",
      "mgrLastName" : "Errazuriz"
   }, {
      "empId" : 143,
      "firstName" : "Randall",
      "lastName" : "Matos",
      "title" : "Marketing Representative",
      "email" : "RMATOS",
      "phone" : "650.121.2874",
      "mobile" : "650.121.2874",
      "address" : "2011 Main Street",
      "city" : "South San Francisco",
      "state" : "California",
      "country" : "US",
      "postal" : "94105",
      "twitter" : "Randall",
      "facebook" : "Randall",
      "google" : "Randall",
      "linkedIn" : "Randall",
      "hireDate" : "2009-03-01T00:00:00Z",
      "compRatio" : 106,
      "salary" : 8600.0,
      "bonus" : 1650.0,
      "commission" : 0.0,
      "rating" : 3,
      "potential" : 4,
      "deptId" : 20,
      "mgrId" : 124,
      "deptName" : "Marketing",
      "mgrFirstName" : "Kevin",
      "mgrLastName" : "Mourgos"
   }, {
      "empId" : 194,
      "firstName" : "Samuel",
      "lastName" : "McCain",
      "title" : "Shipping Clerk",
      "email" : "SMCCAIN",
      "phone" : "650.501.3876",
      "mobile" : "650.501.3876",
      "address" : "2011 Main Street",
      "city" : "South San Francisco",
      "state" : "California",
      "country" : "US",
      "postal" : "94105",
      "twitter" : "Samuel",
      "facebook" : "Samuel",
      "google" : "Samuel",
      "linkedIn" : "Samuel",
      "hireDate" : "2006-07-14T00:00:00Z",
      "compRatio" : 75,
      "salary" : 6200.0,
      "bonus" : 800.0,
      "commission" : 0.0,
      "rating" : 4,
      "potential" : 2,
      "deptId" : 50,
      "mgrId" : 123,
      "deptName" : "Shipping",
      "mgrFirstName" : "Shanta",
      "mgrLastName" : "Vollman"
   }, {
      "empId" : 158,
      "firstName" : "Allysa",
      "lastName" : "McEwen",
      "title" : "Sales Representative",
      "email" : "AMCEWEN",
      "phone" : "011.44.1345.829268",
      "mobile" : "011.44.1345.829268",
      "address" : "Magdalen Centre The Oxford Science Park",
      "city" : "Oxford",
      "state" : "Oxford",
      "country" : "UK",
      "postal" : "OX9 9ZB",
      "twitter" : "Allysa",
      "facebook" : "Allysa",
      "google" : "Allysa",
      "linkedIn" : "Allysa",
      "hireDate" : "2010-01-01T00:00:00Z",
      "compRatio" : 87,
      "salary" : 9000.0,
      "bonus" : 2250.0,
      "commission" : 3500.0,
      "rating" : 5,
      "potential" : 3,
      "deptId" : 80,
      "mgrId" : 146,
      "deptName" : "Sales",
      "mgrFirstName" : "Karen",
      "mgrLastName" : "Partners"
   }, {
      "empId" : 126,
      "firstName" : "Irene",
      "lastName" : "Mikkilineni",
      "title" : "Stock Clerk",
      "email" : "IMIKKILI",
      "phone" : "650.124.1224",
      "mobile" : "650.124.1224",
      "address" : "2011 Main Street",
      "city" : "South San Francisco",
      "state" : "California",
      "country" : "US",
      "postal" : "94105",
      "twitter" : "Irene",
      "facebook" : "Irene",
      "google" : "Irene",
      "linkedIn" : "Irene",
      "hireDate" : "2009-03-01T00:00:00Z",
      "compRatio" : 17,
      "salary" : 5700.0,
      "bonus" : 675.0,
      "commission" : 0.0,
      "rating" : 3,
      "potential" : 3,
      "deptId" : 50,
      "mgrId" : 120,
      "deptName" : "Shipping",
      "mgrFirstName" : "Matthew",
      "mgrLastName" : "Weiss"
   }, {
      "empId" : 124,
      "firstName" : "Kevin",
      "lastName" : "Mourgos",
      "title" : "Marketing Manager",
      "email" : "KMOURGOS",
      "phone" : "650.123.5234",
      "mobile" : "650.123.5234",
      "address" : "2011 Main Street",
      "city" : "South San Francisco",
      "state" : "California",
      "country" : "US",
      "postal" : "94105",
      "twitter" : "Kevin",
      "facebook" : "Kevin",
      "google" : "Kevin",
      "linkedIn" : "Kevin",
      "hireDate" : "2004-09-14T00:00:00Z",
      "compRatio" : 60,
      "salary" : 10800.0,
      "bonus" : 5450.0,
      "commission" : 0.0,
      "rating" : 3,
      "potential" : 4,
      "deptId" : 20,
      "mgrId" : 201,
      "deptName" : "Marketing",
      "mgrFirstName" : "Michael",
      "mgrLastName" : "Hartstein"
   }, {
      "empId" : 125,
      "firstName" : "Julia",
      "lastName" : "Nayer",
      "title" : "Stock Clerk",
      "email" : "JNAYER",
      "phone" : "650.124.1214",
      "mobile" : "650.124.1214",
      "address" : "2011 Main Street",
      "city" : "South San Francisco",
      "state" : "California",
      "country" : "US",
      "postal" : "94105",
      "twitter" : "Julia",
      "facebook" : "Julia",
      "google" : "Julia",
      "linkedIn" : "Julia",
      "hireDate" : "2008-02-14T00:00:00Z",
      "compRatio" : 57,
      "salary" : 6200.0,
      "bonus" : 800.0,
      "commission" : 0.0,
      "rating" : 4,
      "potential" : 3,
      "deptId" : 50,
      "mgrId" : 120,
      "deptName" : "Shipping",
      "mgrFirstName" : "Matthew",
      "mgrLastName" : "Weiss"
   }, {
      "empId" : 198,
      "firstName" : "Donald",
      "lastName" : "OConnell",
      "title" : "Marketing Representative",
      "email" : "DOCONNEL",
      "phone" : "650.507.9833",
      "mobile" : "650.507.9833",
      "address" : "2011 Main Street",
      "city" : "South San Francisco",
      "state" : "California",
      "country" : "US",
      "postal" : "94105",
      "twitter" : "Donald",
      "facebook" : "Donald",
      "google" : "Donald",
      "linkedIn" : "Donald",
      "hireDate" : "2010-01-01T00:00:00Z",
      "compRatio" : 8,
      "salary" : 8600.0,
      "bonus" : 2650.0,
      "commission" : 0.0,
      "rating" : 4,
      "potential" : 5,
      "deptId" : 20,
      "mgrId" : 124,
      "deptName" : "Marketing",
      "mgrFirstName" : "Kevin",
      "mgrLastName" : "Mourgos"
   }, {
      "empId" : 153,
      "firstName" : "Christine",
      "lastName" : "Olsen",
      "title" : "Sales Representative",
      "email" : "COLSEN",
      "phone" : "011.44.1344.498718",
      "mobile" : "011.44.1344.498718",
      "address" : "Magdalen Centre The Oxford Science Park",
      "city" : "Oxford",
      "state" : "Oxford",
      "country" : "UK",
      "postal" : "OX9 9ZB",
      "twitter" : "Christine",
      "facebook" : "Christine",
      "google" : "Christine",
      "linkedIn" : "Christine",
      "hireDate" : "2009-03-01T00:00:00Z",
      "compRatio" : 39,
      "salary" : 8000.0,
      "bonus" : 2000.0,
      "commission" : 2000.0,
      "rating" : 3,
      "potential" : 3,
      "deptId" : 80,
      "mgrId" : 145,
      "deptName" : "Sales",
      "mgrFirstName" : "Joanne",
      "mgrLastName" : "Russell"
   }, {
      "empId" : 132,
      "firstName" : "TJ",
      "lastName" : "Olson",
      "title" : "Programmer",
      "email" : "TJOLSON",
      "phone" : "650.124.8234",
      "mobile" : "650.124.8234",
      "address" : "2011 Main Street",
      "city" : "South San Francisco",
      "state" : "California",
      "country" : "US",
      "postal" : "94105",
      "twitter" : "TJ",
      "facebook" : "TJ",
      "google" : "TJ",
      "linkedIn" : "TJ",
      "hireDate" : "2006-07-14T00:00:00Z",
      "compRatio" : 7,
      "salary" : 9100.0,
      "bonus" : 2525.0,
      "commission" : 0.0,
      "rating" : 4,
      "potential" : 5,
      "deptId" : 60,
      "mgrId" : 121,
      "deptName" : "IT",
      "mgrFirstName" : "Adam",
      "mgrLastName" : "Fripp"
   }, {
      "empId" : 168,
      "firstName" : "Lenny",
      "lastName" : "Ozer",
      "title" : "Sales Representative",
      "email" : "LOZER",
      "phone" : "011.44.1343.929268",
      "mobile" : "011.44.1343.929268",
      "address" : "Magdalen Centre The Oxford Science Park",
      "city" : "Oxford",
      "state" : "Oxford",
      "country" : "UK",
      "postal" : "OX9 9ZB",
      "twitter" : "Lenny",
      "facebook" : "Lenny",
      "google" : "Lenny",
      "linkedIn" : "Lenny",
      "hireDate" : "2006-07-14T00:00:00Z",
      "compRatio" : 10,
      "salary" : 11500.0,
      "bonus" : 2875.0,
      "commission" : 2500.0,
      "rating" : 2,
      "potential" : 3,
      "deptId" : 80,
      "mgrId" : 148,
      "deptName" : "Sales",
      "mgrFirstName" : "Gerald",
      "mgrLastName" : "Cambrault"
   }, {
      "empId" : 146,
      "firstName" : "Karen",
      "lastName" : "Partners",
      "title" : "Sales Manager",
      "email" : "KPARTNER",
      "phone" : "011.44.1344.467268",
      "mobile" : "011.44.1344.467268",
      "address" : "Magdalen Centre The Oxford Science Park",
      "city" : "Oxford",
      "state" : "Oxford",
      "country" : "UK",
      "postal" : "OX9 9ZB",
      "twitter" : "Karen",
      "facebook" : "Karen",
      "google" : "Karen",
      "linkedIn" : "Karen",
      "hireDate" : "2010-01-01T00:00:00Z",
      "compRatio" : 114,
      "salary" : 13500.0,
      "bonus" : 3375.0,
      "commission" : 3000.0,
      "rating" : 5,
      "potential" : 3,
      "deptId" : 80,
      "mgrId" : 148,
      "deptName" : "Sales",
      "mgrFirstName" : "Gerald",
      "mgrLastName" : "Cambrault"
   }, {
      "empId" : 106,
      "firstName" : "Valli",
      "lastName" : "Pataballa",
      "title" : "Programmer",
      "email" : "VPATABAL",
      "phone" : "590.423.4560",
      "mobile" : "590.423.4560",
      "address" : "2014 Main St",
      "city" : "Southlake",
      "state" : "Texas",
      "country" : "US",
      "postal" : "76034",
      "twitter" : "Valli",
      "facebook" : "Valli",
      "google" : "Valli",
      "linkedIn" : "Valli",
      "hireDate" : "2009-03-01T00:00:00Z",
      "compRatio" : 37,
      "salary" : 9800.0,
      "bonus" : 1200.0,
      "commission" : 0.0,
      "rating" : 4,
      "potential" : 3,
      "deptId" : 60,
      "mgrId" : 104,
      "deptName" : "IT",
      "mgrFirstName" : "Bruce",
      "mgrLastName" : "Ernst"
   }, {
      "empId" : 140,
      "firstName" : "Joshua",
      "lastName" : "Patel",
      "title" : "Stock Clerk",
      "email" : "JPATEL",
      "phone" : "650.121.1834",
      "mobile" : "650.121.1834",
      "address" : "2011 Main Street",
      "city" : "South San Francisco",
      "state" : "California",
      "country" : "US",
      "postal" : "94105",
      "twitter" : "Joshua",
      "facebook" : "Joshua",
      "google" : "Joshua",
      "linkedIn" : "Joshua",
      "hireDate" : "2008-02-14T00:00:00Z",
      "compRatio" : 83,
      "salary" : 5500.0,
      "bonus" : 625.0,
      "commission" : 0.0,
      "rating" : 5,
      "potential" : 2,
      "deptId" : 50,
      "mgrId" : 123,
      "deptName" : "Shipping",
      "mgrFirstName" : "Shanta",
      "mgrLastName" : "Vollman"
   }, {
      "empId" : 191,
      "firstName" : "Randall",
      "lastName" : "Perkins",
      "title" : "Human Resources Representative",
      "email" : "RPERKINS",
      "phone" : "650.505.4876",
      "mobile" : "650.505.4876",
      "address" : "2011 Main Street",
      "city" : "South San Francisco",
      "state" : "California",
      "country" : "US",
      "postal" : "94105",
      "twitter" : "Randall",
      "facebook" : "Randall",
      "google" : "Randall",
      "linkedIn" : "Randall",
      "hireDate" : "2004-09-14T00:00:00Z",
      "compRatio" : 36,
      "salary" : 6500.0,
      "bonus" : 625.0,
      "commission" : 0.0,
      "rating" : 4,
      "potential" : 3,
      "deptId" : 40,
      "mgrId" : 203,
      "deptName" : "Human Resources",
      "mgrFirstName" : "Susan",
      "mgrLastName" : "Mavris"
   }, {
      "empId" : 136,
      "firstName" : "Hazel",
      "lastName" : "Philtanker",
      "title" : "Human Resources Representative",
      "email" : "HPHILTAN",
      "phone" : "650.127.1634",
      "mobile" : "650.127.1634",
      "address" : "2011 Main Street",
      "city" : "South San Francisco",
      "state" : "California",
      "country" : "US",
      "postal" : "94105",
      "twitter" : "Hazel",
      "facebook" : "Hazel",
      "google" : "Hazel",
      "linkedIn" : "Hazel",
      "hireDate" : "2010-01-01T00:00:00Z",
      "compRatio" : 89,
      "salary" : 6200.0,
      "bonus" : 550.0,
      "commission" : 0.0,
      "rating" : 3,
      "potential" : 5,
      "deptId" : 40,
      "mgrId" : 203,
      "deptName" : "Human Resources",
      "mgrFirstName" : "Susan",
      "mgrLastName" : "Mavris"
   }, {
      "empId" : 113,
      "firstName" : "Luis",
      "lastName" : "Popp",
      "title" : "Accountant",
      "email" : "LPOPP",
      "phone" : "515.124.4567",
      "mobile" : "515.124.4567",
      "address" : "2004 Bellevue Ct",
      "city" : "Seattle",
      "state" : "Washington",
      "country" : "US",
      "postal" : "98102",
      "twitter" : "Luis",
      "facebook" : "Luis",
      "google" : "Luis",
      "linkedIn" : "Luis",
      "hireDate" : "2009-03-01T00:00:00Z",
      "compRatio" : 10,
      "salary" : 6900.0,
      "bonus" : 1625.0,
      "commission" : 0.0,
      "rating" : 4,
      "potential" : 5,
      "deptId" : 100,
      "mgrId" : 109,
      "deptName" : "Finance",
      "mgrFirstName" : "Daniel",
      "mgrLastName" : "Faviet"
   }, {
      "empId" : 141,
      "firstName" : "Trenna",
      "lastName" : "Rajs",
      "title" : "Marketing Representative",
      "email" : "TRAJS",
      "phone" : "650.121.8009",
      "mobile" : "650.121.8009",
      "address" : "2011 Main Street",
      "city" : "South San Francisco",
      "state" : "California",
      "country" : "US",
      "postal" : "94105",
      "twitter" : "Trenna",
      "facebook" : "Trenna",
      "google" : "Trenna",
      "linkedIn" : "Trenna",
      "hireDate" : "2006-07-14T00:00:00Z",
      "compRatio" : 30,
      "salary" : 8500.0,
      "bonus" : 1875.0,
      "commission" : 0.0,
      "rating" : 3,
      "potential" : 3,
      "deptId" : 20,
      "mgrId" : 124,
      "deptName" : "Marketing",
      "mgrFirstName" : "Kevin",
      "mgrLastName" : "Mourgos"
   }, {
      "empId" : 114,
      "firstName" : "Deb",
      "lastName" : "Raphaely",
      "title" : "Purchasing Director",
      "email" : "DRAPHEAL",
      "phone" : "515.127.4561",
      "mobile" : "515.127.4561",
      "address" : "2004 Bellevue Ct",
      "city" : "Seattle",
      "state" : "Washington",
      "country" : "US",
      "postal" : "98102",
      "twitter" : "Deb",
      "facebook" : "Deb",
      "google" : "Deb",
      "linkedIn" : "Deb",
      "hireDate" : "2008-02-14T00:00:00Z",
      "compRatio" : 32,
      "salary" : 12000.0,
      "bonus" : 3750.0,
      "commission" : 0.0,
      "rating" : 2,
      "potential" : 4,
      "deptId" : 30,
      "mgrId" : 101,
      "deptName" : "Purchasing",
      "mgrFirstName" : "Neena",
      "mgrLastName" : "Kochhar"
   }, {
      "empId" : 134,
      "firstName" : "Michael",
      "lastName" : "Rogers",
      "title" : "Human Resources Representative",
      "email" : "MROGERS",
      "phone" : "650.127.1834",
      "mobile" : "650.127.1834",
      "address" : "2011 Main Street",
      "city" : "South San Francisco",
      "state" : "California",
      "country" : "US",
      "postal" : "94105",
      "twitter" : "Michael",
      "facebook" : "Michael",
      "google" : "Michael",
      "linkedIn" : "Michael",
      "hireDate" : "2010-01-01T00:00:00Z",
      "compRatio" : 66,
      "salary" : 6900.0,
      "bonus" : 725.0,
      "commission" : 0.0,
      "rating" : 4,
      "potential" : 2,
      "deptId" : 40,
      "mgrId" : 203,
      "deptName" : "Human Resources",
      "mgrFirstName" : "Susan",
      "mgrLastName" : "Mavris"
   }, {
      "empId" : 145,
      "firstName" : "Joanne",
      "lastName" : "Russell",
      "title" : "Sales Manager",
      "email" : "JRUSSEL",
      "phone" : "011.44.1344.429268",
      "mobile" : "011.44.1344.429268",
      "address" : "Magdalen Centre The Oxford Science Park",
      "city" : "Oxford",
      "state" : "Oxford",
      "country" : "UK",
      "postal" : "OX9 9ZB",
      "twitter" : "Joanne",
      "facebook" : "Joanne",
      "google" : "Joanne",
      "linkedIn" : "Joanne",
      "hireDate" : "2009-03-01T00:00:00Z",
      "compRatio" : 76,
      "salary" : 14000.0,
      "bonus" : 3500.0,
      "commission" : 4000.0,
      "rating" : 3,
      "potential" : 3,
      "deptId" : 80,
      "mgrId" : 148,
      "deptName" : "Sales",
      "mgrFirstName" : "Gerald",
      "mgrLastName" : "Cambrault"
   }, {
      "empId" : 139,
      "firstName" : "John",
      "lastName" : "Seo",
      "title" : "Stock Clerk",
      "email" : "JSEO",
      "phone" : "650.121.2019",
      "mobile" : "650.121.2019",
      "address" : "2011 Main Street",
      "city" : "South San Francisco",
      "state" : "California",
      "country" : "US",
      "postal" : "94105",
      "twitter" : "John",
      "facebook" : "John",
      "google" : "John",
      "linkedIn" : "John",
      "hireDate" : "2010-01-01T00:00:00Z",
      "compRatio" : 47,
      "salary" : 5700.0,
      "bonus" : 675.0,
      "commission" : 0.0,
      "rating" : 3,
      "potential" : 5,
      "deptId" : 50,
      "mgrId" : 123,
      "deptName" : "Shipping",
      "mgrFirstName" : "Shanta",
      "mgrLastName" : "Vollman"
   }, {
      "empId" : 161,
      "firstName" : "Sarath",
      "lastName" : "Sewall",
      "title" : "Sales Representative",
      "email" : "SSEWALL",
      "phone" : "011.44.1345.529268",
      "mobile" : "011.44.1345.529268",
      "address" : "Magdalen Centre The Oxford Science Park",
      "city" : "Oxford",
      "state" : "Oxford",
      "country" : "UK",
      "postal" : "OX9 9ZB",
      "twitter" : "Sarath",
      "facebook" : "Sarath",
      "google" : "Sarath",
      "linkedIn" : "Sarath",
      "hireDate" : "2009-03-01T00:00:00Z",
      "compRatio" : 75,
      "salary" : 7000.0,
      "bonus" : 1750.0,
      "commission" : 2500.0,
      "rating" : 2,
      "potential" : 4,
      "deptId" : 80,
      "mgrId" : 146,
      "deptName" : "Sales",
      "mgrFirstName" : "Karen",
      "mgrLastName" : "Partners"
   }, {
      "empId" : 159,
      "firstName" : "Lindsey",
      "lastName" : "Smith",
      "title" : "Sales Representative",
      "email" : "LSMITH",
      "phone" : "011.44.1345.729268",
      "mobile" : "011.44.1345.729268",
      "address" : "Magdalen Centre The Oxford Science Park",
      "city" : "Oxford",
      "state" : "Oxford",
      "country" : "UK",
      "postal" : "OX9 9ZB",
      "twitter" : "Lindsey",
      "facebook" : "Lindsey",
      "google" : "Lindsey",
      "linkedIn" : "Lindsey",
      "hireDate" : "2008-02-14T00:00:00Z",
      "compRatio" : 104,
      "salary" : 8000.0,
      "bonus" : 2000.0,
      "commission" : 3000.0,
      "rating" : 3,
      "potential" : 2,
      "deptId" : 80,
      "mgrId" : 146,
      "deptName" : "Sales",
      "mgrFirstName" : "Karen",
      "mgrLastName" : "Partners"
   }, {
      "empId" : 171,
      "firstName" : "William",
      "lastName" : "Smith",
      "title" : "Sales Representative",
      "email" : "WSMITH",
      "phone" : "011.44.1343.629268",
      "mobile" : "011.44.1343.629268",
      "address" : "Magdalen Centre The Oxford Science Park",
      "city" : "Oxford",
      "state" : "Oxford",
      "country" : "UK",
      "postal" : "OX9 9ZB",
      "twitter" : "William",
      "facebook" : "William",
      "google" : "William",
      "linkedIn" : "William",
      "hireDate" : "2006-07-14T00:00:00Z",
      "compRatio" : 112,
      "salary" : 7400.0,
      "bonus" : 1850.0,
      "commission" : 1500.0,
      "rating" : 3,
      "potential" : 5,
      "deptId" : 80,
      "mgrId" : 148,
      "deptName" : "Sales",
      "mgrFirstName" : "Gerald",
      "mgrLastName" : "Cambrault"
   }, {
      "empId" : 138,
      "firstName" : "Stephen",
      "lastName" : "Stiles",
      "title" : "Stock Clerk",
      "email" : "SSTILES",
      "phone" : "650.121.2034",
      "mobile" : "650.121.2034",
      "address" : "2011 Main Street",
      "city" : "South San Francisco",
      "state" : "California",
      "country" : "US",
      "postal" : "94105",
      "twitter" : "Stephen",
      "facebook" : "Stephen",
      "google" : "Stephen",
      "linkedIn" : "Stephen",
      "hireDate" : "2010-01-01T00:00:00Z",
      "compRatio" : 98,
      "salary" : 5200.0,
      "bonus" : 800.0,
      "commission" : 0.0,
      "rating" : 3,
      "potential" : 3,
      "deptId" : 50,
      "mgrId" : 123,
      "deptName" : "Shipping",
      "mgrFirstName" : "Shanta",
      "mgrLastName" : "Vollman"
   }, {
      "empId" : 182,
      "firstName" : "Martha",
      "lastName" : "Sullivan",
      "title" : "Shipping Clerk",
      "email" : "MSULLIVA",
      "phone" : "650.507.9878",
      "mobile" : "650.507.9878",
      "address" : "2011 Main Street",
      "city" : "South San Francisco",
      "state" : "California",
      "country" : "US",
      "postal" : "94105",
      "twitter" : "Martha",
      "facebook" : "Martha",
      "google" : "Martha",
      "linkedIn" : "Martha",
      "hireDate" : "2009-03-01T00:00:00Z",
      "compRatio" : 49,
      "salary" : 5500.0,
      "bonus" : 625.0,
      "commission" : 0.0,
      "rating" : 4,
      "potential" : 5,
      "deptId" : 50,
      "mgrId" : 120,
      "deptName" : "Shipping",
      "mgrFirstName" : "Matthew",
      "mgrLastName" : "Weiss"
   }, {
      "empId" : 157,
      "firstName" : "Patrice",
      "lastName" : "Sully",
      "title" : "Sales Representative",
      "email" : "PSULLY",
      "phone" : "011.44.1345.929268",
      "mobile" : "011.44.1345.929268",
      "address" : "Magdalen Centre The Oxford Science Park",
      "city" : "Oxford",
      "state" : "Oxford",
      "country" : "UK",
      "postal" : "OX9 9ZB",
      "twitter" : "Patrice",
      "facebook" : "Patrice",
      "google" : "Patrice",
      "linkedIn" : "Patrice",
      "hireDate" : "2006-07-14T00:00:00Z",
      "compRatio" : 77,
      "salary" : 9500.0,
      "bonus" : 2375.0,
      "commission" : 3500.0,
      "rating" : 3,
      "potential" : 2,
      "deptId" : 80,
      "mgrId" : 146,
      "deptName" : "Sales",
      "mgrFirstName" : "Karen",
      "mgrLastName" : "Partners"
   }, {
      "empId" : 176,
      "firstName" : "Judy",
      "lastName" : "Taylor",
      "title" : "Public Relations Reprentative",
      "email" : "JTAYLOR",
      "phone" : "011.44.1644.429265",
      "mobile" : "011.44.1644.429265",
      "address" : "Magdalen Centre The Oxford Science Park",
      "city" : "Oxford",
      "state" : "Oxford",
      "country" : "UK",
      "postal" : "OX9 9ZB",
      "twitter" : "Judy",
      "facebook" : "Judy",
      "google" : "Judy",
      "linkedIn" : "Judy",
      "hireDate" : "2008-02-14T00:00:00Z",
      "compRatio" : 97,
      "salary" : 8600.0,
      "bonus" : 2150.0,
      "commission" : 0.0,
      "rating" : 4,
      "potential" : 2,
      "deptId" : 70,
      "mgrId" : 149,
      "deptName" : "Public Relations",
      "mgrFirstName" : "Eleni",
      "mgrLastName" : "Zlotkey"
   }, {
      "empId" : 180,
      "firstName" : "Winston",
      "lastName" : "Taylor",
      "title" : "Shipping Clerk",
      "email" : "WTAYLOR",
      "phone" : "650.507.9876",
      "mobile" : "650.507.9876",
      "address" : "2011 Main Street",
      "city" : "South San Francisco",
      "state" : "California",
      "country" : "US",
      "postal" : "94105",
      "twitter" : "Winston",
      "facebook" : "Winston",
      "google" : "Winston",
      "linkedIn" : "Winston",
      "hireDate" : "2010-01-01T00:00:00Z",
      "compRatio" : 94,
      "salary" : 6200.0,
      "bonus" : 800.0,
      "commission" : 0.0,
      "rating" : 5,
      "potential" : 5,
      "deptId" : 50,
      "mgrId" : 120,
      "deptName" : "Shipping",
      "mgrFirstName" : "Matthew",
      "mgrLastName" : "Weiss"
   }, {
      "empId" : 117,
      "firstName" : "Sigal",
      "lastName" : "Tobias",
      "title" : "Purchasing Clerk",
      "email" : "STOBIAS",
      "phone" : "515.127.4564",
      "mobile" : "515.127.4564",
      "address" : "2004 Bellevue Ct",
      "city" : "Seattle",
      "state" : "Washington",
      "country" : "US",
      "postal" : "98102",
      "twitter" : "Sigal",
      "facebook" : "Sigal",
      "google" : "Sigal",
      "linkedIn" : "Sigal",
      "hireDate" : "2009-03-01T00:00:00Z",
      "compRatio" : 88,
      "salary" : 5800.0,
      "bonus" : 550.0,
      "commission" : 0.0,
      "rating" : 5,
      "potential" : 5,
      "deptId" : 30,
      "mgrId" : 114,
      "deptName" : "Purchasing",
      "mgrFirstName" : "Deb",
      "mgrLastName" : "Raphaely"
   }, {
      "empId" : 150,
      "firstName" : "Polly",
      "lastName" : "Tucker",
      "title" : "Sales Representative",
      "email" : "PTUCKER",
      "phone" : "011.44.1344.129268",
      "mobile" : "011.44.1344.129268",
      "address" : "Magdalen Centre The Oxford Science Park",
      "city" : "Oxford",
      "state" : "Oxford",
      "country" : "UK",
      "postal" : "OX9 9ZB",
      "twitter" : "Polly",
      "facebook" : "Polly",
      "google" : "Polly",
      "linkedIn" : "Polly",
      "hireDate" : "2004-09-14T00:00:00Z",
      "compRatio" : 70,
      "salary" : 10000.0,
      "bonus" : 2500.0,
      "commission" : 3000.0,
      "rating" : 2,
      "potential" : 2,
      "deptId" : 80,
      "mgrId" : 145,
      "deptName" : "Sales",
      "mgrFirstName" : "Joanne",
      "mgrLastName" : "Russell"
   }, {
      "empId" : 155,
      "firstName" : "Ophelia",
      "lastName" : "Tuvault",
      "title" : "Sales Representative",
      "email" : "OTUVAULT",
      "phone" : "011.44.1344.486508",
      "mobile" : "011.44.1344.486508",
      "address" : "Magdalen Centre The Oxford Science Park",
      "city" : "Oxford",
      "state" : "Oxford",
      "country" : "UK",
      "postal" : "OX9 9ZB",
      "twitter" : "Ophelia",
      "facebook" : "Ophelia",
      "google" : "Ophelia",
      "linkedIn" : "Ophelia",
      "hireDate" : "2006-07-14T00:00:00Z",
      "compRatio" : 30,
      "salary" : 7000.0,
      "bonus" : 1750.0,
      "commission" : 1500.0,
      "rating" : 2,
      "potential" : 5,
      "deptId" : 80,
      "mgrId" : 145,
      "deptName" : "Sales",
      "mgrFirstName" : "Joanne",
      "mgrLastName" : "Russell"
   }, {
      "empId" : 112,
      "firstName" : "Jose Manuel",
      "lastName" : "Urman",
      "title" : "Accountant",
      "email" : "JMURMAN",
      "phone" : "515.124.4469",
      "mobile" : "515.124.4469",
      "address" : "2004 Bellevue Ct",
      "city" : "Seattle",
      "state" : "Washington",
      "country" : "US",
      "postal" : "98102",
      "twitter" : "Jose Manuel",
      "facebook" : "Jose Manuel",
      "google" : "Jose Manuel",
      "linkedIn" : "Jose Manuel",
      "hireDate" : "2010-01-01T00:00:00Z",
      "compRatio" : 90,
      "salary" : 8800.0,
      "bonus" : 1950.0,
      "commission" : 0.0,
      "rating" : 5,
      "potential" : 4,
      "deptId" : 100,
      "mgrId" : 109,
      "deptName" : "Finance",
      "mgrFirstName" : "Daniel",
      "mgrLastName" : "Faviet"
   }, {
      "empId" : 144,
      "firstName" : "Perly",
      "lastName" : "Vargas",
      "title" : "Marketing Representative",
      "email" : "PVARGAS",
      "phone" : "650.121.2004",
      "mobile" : "650.121.2004",
      "address" : "2011 Main Street",
      "city" : "South San Francisco",
      "state" : "California",
      "country" : "US",
      "postal" : "94105",
      "twitter" : "Perly",
      "facebook" : "Perly",
      "google" : "Perly",
      "linkedIn" : "Perly",
      "hireDate" : "2009-03-01T00:00:00Z",
      "compRatio" : 70,
      "salary" : 8500.0,
      "bonus" : 1625.0,
      "commission" : 0.0,
      "rating" : 3,
      "potential" : 4,
      "deptId" : 20,
      "mgrId" : 124,
      "deptName" : "Marketing",
      "mgrFirstName" : "Kevin",
      "mgrLastName" : "Mourgos"
   }, {
      "empId" : 162,
      "firstName" : "Clarence",
      "lastName" : "Vishney",
      "title" : "Finance Representative",
      "email" : "CVISHNEY",
      "phone" : "011.44.1346.129268",
      "mobile" : "011.44.1346.129268",
      "address" : "Magdalen Centre The Oxford Science Park",
      "city" : "Oxford",
      "state" : "Oxford",
      "country" : "UK",
      "postal" : "OX9 9ZB",
      "twitter" : "Clarence",
      "facebook" : "Clarence",
      "google" : "Clarence",
      "linkedIn" : "Clarence",
      "hireDate" : "2008-02-14T00:00:00Z",
      "compRatio" : 33,
      "salary" : 10500.0,
      "bonus" : 2625.0,
      "commission" : 2500.0,
      "rating" : 2,
      "potential" : 2,
      "deptId" : 100,
      "mgrId" : 147,
      "deptName" : "Finance",
      "mgrFirstName" : "Allison",
      "mgrLastName" : "Errazuriz"
   }, {
      "empId" : 123,
      "firstName" : "Shanta",
      "lastName" : "Vollman",
      "title" : "Stock Manager",
      "email" : "SVOLLMAN",
      "phone" : "650.123.4234",
      "mobile" : "650.123.4234",
      "address" : "2011 Main Street",
      "city" : "South San Francisco",
      "state" : "California",
      "country" : "US",
      "postal" : "94105",
      "twitter" : "Shanta",
      "facebook" : "Shanta",
      "google" : "Shanta",
      "linkedIn" : "Shanta",
      "hireDate" : "2006-07-14T00:00:00Z",
      "compRatio" : 35,
      "salary" : 6500.0,
      "bonus" : 1625.0,
      "commission" : 0.0,
      "rating" : 3,
      "potential" : 5,
      "deptId" : 50,
      "mgrId" : 122,
      "deptName" : "Shipping",
      "mgrFirstName" : "Payam",
      "mgrLastName" : "Kaufling"
   }, {
      "empId" : 196,
      "firstName" : "Alana",
      "lastName" : "Walsh",
      "title" : "Marketing Representative",
      "email" : "AWALSH",
      "phone" : "650.507.9811",
      "mobile" : "650.507.9811",
      "address" : "2011 Main Street",
      "city" : "South San Francisco",
      "state" : "California",
      "country" : "US",
      "postal" : "94105",
      "twitter" : "Alana",
      "facebook" : "Alana",
      "google" : "Alana",
      "linkedIn" : "Alana",
      "hireDate" : "2010-01-01T00:00:00Z",
      "compRatio" : 99,
      "salary" : 8100.0,
      "bonus" : 1775.0,
      "commission" : 0.0,
      "rating" : 3,
      "potential" : 3,
      "deptId" : 20,
      "mgrId" : 124,
      "deptName" : "Marketing",
      "mgrFirstName" : "Kevin",
      "mgrLastName" : "Mourgos"
   }, {
      "empId" : 120,
      "firstName" : "Matthew",
      "lastName" : "Weiss",
      "title" : "Stock Manager",
      "email" : "MWEISS",
      "phone" : "650.123.1234",
      "mobile" : "650.123.1234",
      "address" : "2011 Main Street",
      "city" : "South San Francisco",
      "state" : "California",
      "country" : "US",
      "postal" : "94105",
      "twitter" : "Matthew",
      "facebook" : "Matthew",
      "google" : "Matthew",
      "linkedIn" : "Matthew",
      "hireDate" : "2009-03-01T00:00:00Z",
      "compRatio" : 19,
      "salary" : 8000.0,
      "bonus" : 2000.0,
      "commission" : 0.0,
      "rating" : 2,
      "potential" : 2,
      "deptId" : 50,
      "mgrId" : 122,
      "deptName" : "Shipping",
      "mgrFirstName" : "Payam",
      "mgrLastName" : "Kaufling"
   }, {
      "empId" : 200,
      "firstName" : "Jennifer",
      "lastName" : "Whalen",
      "title" : "Administration Assistant",
      "email" : "JWHALEN",
      "phone" : "515.123.4444",
      "mobile" : "515.123.4444",
      "address" : "2004 Bellevue Ct",
      "city" : "Seattle",
      "state" : "Washington",
      "country" : "US",
      "postal" : "98102",
      "twitter" : "Jennifer",
      "facebook" : "Jennifer",
      "google" : "Jennifer",
      "linkedIn" : "Jennifer",
      "hireDate" : "2004-09-14T00:00:00Z",
      "compRatio" : 42,
      "salary" : 4400.0,
      "bonus" : 1100.0,
      "commission" : 0.0,
      "rating" : 5,
      "potential" : 2,
      "deptId" : 10,
      "mgrId" : 101,
      "deptName" : "Administrative",
      "mgrFirstName" : "Neena",
      "mgrLastName" : "Kochhar"
   }, {
      "empId" : 149,
      "firstName" : "Eleni",
      "lastName" : "Zlotkey",
      "title" : "Public Relations Manager",
      "email" : "EZLOTKEY",
      "phone" : "011.44.1344.429018",
      "mobile" : "011.44.1344.429018",
      "address" : "Magdalen Centre The Oxford Science Park",
      "city" : "Oxford",
      "state" : "Oxford",
      "country" : "UK",
      "postal" : "OX9 9ZB",
      "twitter" : "Eleni",
      "facebook" : "Eleni",
      "google" : "Eleni",
      "linkedIn" : "Eleni",
      "hireDate" : "2008-02-14T00:00:00Z",
      "compRatio" : 17,
      "salary" : 10500.0,
      "bonus" : 2625.0,
      "commission" : 0.0,
      "rating" : 4,
      "potential" : 3,
      "deptId" : 70,
      "mgrId" : 204,
      "deptName" : "Public Relations",
      "mgrFirstName" : "Hermann",
      "mgrLastName" : "Baer"
   }, {
      "empId" : 203,
      "firstName" : "Susan",
      "lastName" : "Mavris",
      "title" : "Human Resources Director",
      "email" : "SMAVRIS",
      "phone" : "515.123.7777",
      "mobile" : "515.123.7777",
      "address" : "8204 Arthur St",
      "city" : "London",
      "state" : "London",
      "country" : "UK",
      "postal" : "23123",
      "twitter" : "Susan",
      "facebook" : "Susan",
      "google" : "Susan",
      "linkedIn" : "Susan",
      "hireDate" : "2008-02-14T00:00:00Z",
      "compRatio" : 114,
      "salary" : 9500.0,
      "bonus" : 1625.0,
      "commission" : 0.0,
      "rating" : 5,
      "potential" : 2,
      "deptId" : 40,
      "mgrId" : 101,
      "deptName" : "Human Resources",
      "mgrFirstName" : "Neena",
      "mgrLastName" : "Kochhar"
   }, {
      "empId" : 184,
      "firstName" : "Norm",
      "lastName" : "Sarchand",
      "title" : "Programmer",
      "email" : "NSARCHAN",
      "phone" : "650.509.1876",
      "mobile" : "650.509.1876",
      "address" : "2011 Main Street",
      "city" : "South San Francisco",
      "state" : "California",
      "country" : "US",
      "postal" : "94105",
      "twitter" : "Norm",
      "facebook" : "Norm",
      "google" : "Norm",
      "linkedIn" : "Norm",
      "hireDate" : "2006-07-14T00:00:00Z",
      "compRatio" : 98,
      "salary" : 9200.0,
      "bonus" : 4050.0,
      "commission" : 0.0,
      "rating" : 3,
      "potential" : 5,
      "deptId" : 60,
      "mgrId" : 121,
      "deptName" : "IT",
      "mgrFirstName" : "Adam",
      "mgrLastName" : "Fripp"
   }, {
      "empId" : 111,
      "firstName" : "Ismael",
      "lastName" : "Sciarra",
      "title" : "Accountant",
      "email" : "ISCIARRA",
      "phone" : "515.124.4369",
      "mobile" : "515.124.4369",
      "address" : "2004 Bellevue Ct",
      "city" : "Seattle",
      "state" : "Washington",
      "country" : "US",
      "postal" : "98102",
      "twitter" : "Ismael",
      "facebook" : "Ismael",
      "google" : "Ismael",
      "linkedIn" : "Ismael",
      "hireDate" : "2004-09-14T00:00:00Z",
      "compRatio" : 76,
      "salary" : 7900.0,
      "bonus" : 1925.0,
      "commission" : 0.0,
      "rating" : 4,
      "potential" : 2,
      "deptId" : 100,
      "mgrId" : 109,
      "deptName" : "Finance",
      "mgrFirstName" : "Daniel",
      "mgrLastName" : "Faviet"
   }, {
      "empId" : 130,
      "firstName" : "Mary",
      "lastName" : "Atkinson",
      "title" : "Programmer",
      "email" : "MATKINSO",
      "phone" : "650.124.6234",
      "mobile" : "650.124.6234",
      "address" : "2011 Main Street",
      "city" : "South San Francisco",
      "state" : "California",
      "country" : "US",
      "postal" : "94105",
      "twitter" : "Mary",
      "facebook" : "Mary",
      "google" : "Mary",
      "linkedIn" : "Mary",
      "hireDate" : "2009-03-01T00:00:00Z",
      "compRatio" : 8,
      "salary" : 9800.0,
      "bonus" : 7700.0,
      "commission" : 0.0,
      "rating" : 4,
      "potential" : 3,
      "deptId" : 60,
      "mgrId" : 121,
      "deptName" : "IT",
      "mgrFirstName" : "Adam",
      "mgrLastName" : "Fripp"
   }, {
      "empId" : 105,
      "firstName" : "David",
      "lastName" : "Austin",
      "title" : "Programmer",
      "email" : "DAUSTIN",
      "phone" : "590.423.4569",
      "mobile" : "590.423.4569",
      "address" : "2014 Main St",
      "city" : "Southlake",
      "state" : "Texas",
      "country" : "US",
      "postal" : "76034",
      "twitter" : "David",
      "facebook" : "David",
      "google" : "David",
      "linkedIn" : "David",
      "hireDate" : "2008-02-14T00:00:00Z",
      "compRatio" : 53,
      "salary" : 9800.0,
      "bonus" : 1200.0,
      "commission" : 0.0,
      "rating" : 3,
      "potential" : 2,
      "deptId" : 60,
      "mgrId" : 104,
      "deptName" : "IT",
      "mgrFirstName" : "Bruce",
      "mgrLastName" : "Ernst"
   }, {
      "empId" : 204,
      "firstName" : "Hermann",
      "lastName" : "Baer",
      "title" : "Public Relations Director",
      "email" : "HBAER",
      "phone" : "515.123.8888",
      "mobile" : "515.123.8888",
      "address" : "Schwanthalerstr. 7031",
      "city" : "Munich",
      "state" : "Bavaria",
      "country" : "DE",
      "postal" : "80925",
      "twitter" : "Hermann",
      "facebook" : "Hermann",
      "google" : "Hermann",
      "linkedIn" : "Hermann",
      "hireDate" : "2006-07-14T00:00:00Z",
      "compRatio" : 63,
      "salary" : 14000.0,
      "bonus" : 7500.0,
      "commission" : 0.0,
      "rating" : 3,
      "potential" : 4,
      "deptId" : 70,
      "mgrId" : 101,
      "deptName" : "Public Relations",
      "mgrFirstName" : "Neena",
      "mgrLastName" : "Kochhar"
   }, {
      "empId" : 116,
      "firstName" : "Shelli",
      "lastName" : "Baida",
      "title" : "Purchasing Clerk",
      "email" : "SBAIDA",
      "phone" : "515.127.4563",
      "mobile" : "515.127.4563",
      "address" : "2004 Bellevue Ct",
      "city" : "Seattle",
      "state" : "Washington",
      "country" : "US",
      "postal" : "98102",
      "twitter" : "Shelli",
      "facebook" : "Shelli",
      "google" : "Shelli",
      "linkedIn" : "Shelli",
      "hireDate" : "2010-01-01T00:00:00Z",
      "compRatio" : 4,
      "salary" : 5900.0,
      "bonus" : 725.0,
      "commission" : 0.0,
      "rating" : 2,
      "potential" : 4,
      "deptId" : 30,
      "mgrId" : 114,
      "deptName" : "Purchasing",
      "mgrFirstName" : "Deb",
      "mgrLastName" : "Raphaely"
   }, {
      "empId" : 167,
      "firstName" : "Amit",
      "lastName" : "Banda",
      "title" : "Finance Representative",
      "email" : "ABANDA",
      "phone" : "011.44.1346.729268",
      "mobile" : "011.44.1346.729268",
      "address" : "Magdalen Centre The Oxford Science Park",
      "city" : "Oxford",
      "state" : "Oxford",
      "country" : "UK",
      "postal" : "OX9 9ZB",
      "twitter" : "Amit",
      "facebook" : "Amit",
      "google" : "Amit",
      "linkedIn" : "Amit",
      "hireDate" : "2009-03-01T00:00:00Z",
      "compRatio" : 93,
      "salary" : 10200.0,
      "bonus" : 3550.0,
      "commission" : 1000.0,
      "rating" : 3,
      "potential" : 4,
      "deptId" : 100,
      "mgrId" : 147,
      "deptName" : "Finance",
      "mgrFirstName" : "Allison",
      "mgrLastName" : "Errazuriz"
   }, {
      "empId" : 172,
      "firstName" : "Elizabeth",
      "lastName" : "Bates",
      "title" : "Sales Representative",
      "email" : "EBATES",
      "phone" : "011.44.1343.529268",
      "mobile" : "011.44.1343.529268",
      "address" : "Magdalen Centre The Oxford Science Park",
      "city" : "Oxford",
      "state" : "Oxford",
      "country" : "UK",
      "postal" : "OX9 9ZB",
      "twitter" : "Elizabeth",
      "facebook" : "Elizabeth",
      "google" : "Elizabeth",
      "linkedIn" : "Elizabeth",
      "hireDate" : "2006-07-14T00:00:00Z",
      "compRatio" : 85,
      "salary" : 13300.0,
      "bonus" : 3825.0,
      "commission" : 2500.0,
      "rating" : 2,
      "potential" : 4,
      "deptId" : 80,
      "mgrId" : 148,
      "deptName" : "Sales",
      "mgrFirstName" : "Gerald",
      "mgrLastName" : "Cambrault"
   }, {
      "empId" : 192,
      "firstName" : "Sarah",
      "lastName" : "Bell",
      "title" : "Shipping Clerk",
      "email" : "SBELL",
      "phone" : "650.501.1876",
      "mobile" : "650.501.1876",
      "address" : "2011 Main Street",
      "city" : "South San Francisco",
      "state" : "California",
      "country" : "US",
      "postal" : "94105",
      "twitter" : "Sarah",
      "facebook" : "Sarah",
      "google" : "Sarah",
      "linkedIn" : "Sarah",
      "hireDate" : "2008-02-14T00:00:00Z",
      "compRatio" : 5,
      "salary" : 6000.0,
      "bonus" : 1000.0,
      "commission" : 0.0,
      "rating" : 4,
      "potential" : 4,
      "deptId" : 50,
      "mgrId" : 123,
      "deptName" : "Shipping",
      "mgrFirstName" : "Shanta",
      "mgrLastName" : "Vollman"
   }, {
      "empId" : 151,
      "firstName" : "Dannica",
      "lastName" : "Bernstein",
      "title" : "Sales Representative",
      "email" : "DBERNSTE",
      "phone" : "011.44.1344.345268",
      "mobile" : "011.44.1344.345268",
      "address" : "Magdalen Centre The Oxford Science Park",
      "city" : "Oxford",
      "state" : "Oxford",
      "country" : "UK",
      "postal" : "OX9 9ZB",
      "twitter" : "Dannica",
      "facebook" : "Dannica",
      "google" : "Dannica",
      "linkedIn" : "Dannica",
      "hireDate" : "2010-01-01T00:00:00Z",
      "compRatio" : 61,
      "salary" : 10500.0,
      "bonus" : 3275.0,
      "commission" : 2500.0,
      "rating" : 2,
      "potential" : 5,
      "deptId" : 80,
      "mgrId" : 145,
      "deptName" : "Sales",
      "mgrFirstName" : "Joanne",
      "mgrLastName" : "Russell"
   }, {
      "empId" : 129,
      "firstName" : "Laura",
      "lastName" : "Bissot",
      "title" : "Programmer",
      "email" : "LBISSOT",
      "phone" : "650.124.5234",
      "mobile" : "650.124.5234",
      "address" : "2011 Main Street",
      "city" : "South San Francisco",
      "state" : "California",
      "country" : "US",
      "postal" : "94105",
      "twitter" : "Laura",
      "facebook" : "Laura",
      "google" : "Laura",
      "linkedIn" : "Laura",
      "hireDate" : "2009-03-01T00:00:00Z",
      "compRatio" : 11,
      "salary" : 9300.0,
      "bonus" : 5825.0,
      "commission" : 0.0,
      "rating" : 3,
      "potential" : 3,
      "deptId" : 60,
      "mgrId" : 121,
      "deptName" : "IT",
      "mgrFirstName" : "Adam",
      "mgrLastName" : "Fripp"
   }, {
      "empId" : 169,
      "firstName" : "Harrison",
      "lastName" : "Bloom",
      "title" : "Sales Representative",
      "email" : "HBLOOM",
      "phone" : "011.44.1343.829268",
      "mobile" : "011.44.1343.829268",
      "address" : "Magdalen Centre The Oxford Science Park",
      "city" : "Oxford",
      "state" : "Oxford",
      "country" : "UK",
      "postal" : "OX9 9ZB",
      "twitter" : "Harrison",
      "facebook" : "Harrison",
      "google" : "Harrison",
      "linkedIn" : "Harrison",
      "hireDate" : "2006-07-14T00:00:00Z",
      "compRatio" : 71,
      "salary" : 10000.0,
      "bonus" : 2500.0,
      "commission" : 2000.0,
      "rating" : 2,
      "potential" : 5,
      "deptId" : 80,
      "mgrId" : 148,
      "deptName" : "Sales",
      "mgrFirstName" : "Gerald",
      "mgrLastName" : "Cambrault"
   }, {
      "empId" : 185,
      "firstName" : "Alex",
      "lastName" : "Bull",
      "title" : "Programmer",
      "email" : "ABULL",
      "phone" : "650.509.2876",
      "mobile" : "650.509.2876",
      "address" : "2011 Main Street",
      "city" : "South San Francisco",
      "state" : "California",
      "country" : "US",
      "postal" : "94105",
      "twitter" : "Alex",
      "facebook" : "Alex",
      "google" : "Alex",
      "linkedIn" : "Alex",
      "hireDate" : "2004-09-14T00:00:00Z",
      "compRatio" : 3,
      "salary" : 9100.0,
      "bonus" : 4025.0,
      "commission" : 0.0,
      "rating" : 3,
      "potential" : 5,
      "deptId" : 60,
      "mgrId" : 121,
      "deptName" : "IT",
      "mgrFirstName" : "Adam",
      "mgrLastName" : "Fripp"
   }, {
      "empId" : 187,
      "firstName" : "Anthony",
      "lastName" : "Cabrio",
      "title" : "Programmer",
      "email" : "ACABRIO",
      "phone" : "650.509.4876",
      "mobile" : "650.509.4876",
      "address" : "2011 Main Street",
      "city" : "South San Francisco",
      "state" : "California",
      "country" : "US",
      "postal" : "94105",
      "twitter" : "Anthony",
      "facebook" : "Anthony",
      "google" : "Anthony",
      "linkedIn" : "Anthony",
      "hireDate" : "2010-01-01T00:00:00Z",
      "compRatio" : 65,
      "salary" : 9000.0,
      "bonus" : 2750.0,
      "commission" : 0.0,
      "rating" : 2,
      "potential" : 3,
      "deptId" : 60,
      "mgrId" : 121,
      "deptName" : "IT",
      "mgrFirstName" : "Adam",
      "mgrLastName" : "Fripp"
   }, {
      "empId" : 148,
      "firstName" : "Gerald",
      "lastName" : "Cambrault",
      "title" : "Sales Director",
      "email" : "GCAMBRAU",
      "phone" : "011.44.1344.619268",
      "mobile" : "011.44.1344.619268",
      "address" : "Magdalen Centre The Oxford Science Park",
      "city" : "Oxford",
      "state" : "Oxford",
      "country" : "UK",
      "postal" : "OX9 9ZB",
      "twitter" : "Gerald",
      "facebook" : "Gerald",
      "google" : "Gerald",
      "linkedIn" : "Gerald",
      "hireDate" : "2009-03-01T00:00:00Z",
      "compRatio" : 15,
      "salary" : 19000.0,
      "bonus" : 12750.0,
      "commission" : 9000.0,
      "rating" : 5,
      "potential" : 4,
      "deptId" : 80,
      "mgrId" : 101,
      "deptName" : "Sales",
      "mgrFirstName" : "Neena",
      "mgrLastName" : "Kochhar"
   }, {
      "empId" : 154,
      "firstName" : "Nina",
      "lastName" : "Cambrault",
      "title" : "Sales Representative",
      "email" : "NCAMBRAU",
      "phone" : "011.44.1344.987668",
      "mobile" : "011.44.1344.987668",
      "address" : "Magdalen Centre The Oxford Science Park",
      "city" : "Oxford",
      "state" : "Oxford",
      "country" : "UK",
      "postal" : "OX9 9ZB",
      "twitter" : "Nina",
      "facebook" : "Nina",
      "google" : "Nina",
      "linkedIn" : "Nina",
      "hireDate" : "2008-02-14T00:00:00Z",
      "compRatio" : 62,
      "salary" : 9500.0,
      "bonus" : 1875.0,
      "commission" : 1000.0,
      "rating" : 3,
      "potential" : 3,
      "deptId" : 80,
      "mgrId" : 145,
      "deptName" : "Sales",
      "mgrFirstName" : "Joanne",
      "mgrLastName" : "Russell"
   }, {
      "empId" : 110,
      "firstName" : "John",
      "lastName" : "Chen",
      "title" : "Accountant",
      "email" : "JCHEN",
      "phone" : "515.124.4269",
      "mobile" : "515.124.4269",
      "address" : "2004 Bellevue Ct",
      "city" : "Seattle",
      "state" : "Washington",
      "country" : "US",
      "postal" : "98102",
      "twitter" : "John",
      "facebook" : "John",
      "google" : "John",
      "linkedIn" : "John",
      "hireDate" : "2006-07-14T00:00:00Z",
      "compRatio" : 113,
      "salary" : 8200.0,
      "bonus" : 1950.0,
      "commission" : 0.0,
      "rating" : 4,
      "potential" : 5,
      "deptId" : 100,
      "mgrId" : 109,
      "deptName" : "Finance",
      "mgrFirstName" : "Daniel",
      "mgrLastName" : "Faviet"
   }, {
      "empId" : 188,
      "firstName" : "Kelly",
      "lastName" : "Chung",
      "title" : "Human Resources Representative",
      "email" : "KCHUNG",
      "phone" : "650.505.1876",
      "mobile" : "650.505.1876",
      "address" : "2011 Main Street",
      "city" : "South San Francisco",
      "state" : "California",
      "country" : "US",
      "postal" : "94105",
      "twitter" : "Kelly",
      "facebook" : "Kelly",
      "google" : "Kelly",
      "linkedIn" : "Kelly",
      "hireDate" : "2010-01-01T00:00:00Z",
      "compRatio" : 58,
      "salary" : 6800.0,
      "bonus" : 950.0,
      "commission" : 0.0,
      "rating" : 5,
      "potential" : 4,
      "deptId" : 40,
      "mgrId" : 203,
      "deptName" : "Human Resources",
      "mgrFirstName" : "Susan",
      "mgrLastName" : "Mavris"
   }, {
      "empId" : 119,
      "firstName" : "Karen",
      "lastName" : "Colmenares",
      "title" : "Purchasing Clerk",
      "email" : "KCOLMENA",
      "phone" : "515.127.4566",
      "mobile" : "515.127.4566",
      "address" : "2004 Bellevue Ct",
      "city" : "Seattle",
      "state" : "Washington",
      "country" : "US",
      "postal" : "98102",
      "twitter" : "Karen",
      "facebook" : "Karen",
      "google" : "Karen",
      "linkedIn" : "Karen",
      "hireDate" : "2009-03-01T00:00:00Z",
      "compRatio" : 18,
      "salary" : 6500.0,
      "bonus" : 325.0,
      "commission" : 0.0,
      "rating" : 3,
      "potential" : 4,
      "deptId" : 30,
      "mgrId" : 114,
      "deptName" : "Purchasing",
      "mgrFirstName" : "Deb",
      "mgrLastName" : "Raphaely"
   }, {
      "empId" : 142,
      "firstName" : "Curtis",
      "lastName" : "Davies",
      "title" : "Marketing Representative",
      "email" : "CDAVIES",
      "phone" : "650.121.2994",
      "mobile" : "650.121.2994",
      "address" : "2011 Main Street",
      "city" : "South San Francisco",
      "state" : "California",
      "country" : "US",
      "postal" : "94105",
      "twitter" : "Curtis",
      "facebook" : "Curtis",
      "google" : "Curtis",
      "linkedIn" : "Curtis",
      "hireDate" : "2006-07-14T00:00:00Z",
      "compRatio" : 11,
      "salary" : 8100.0,
      "bonus" : 1775.0,
      "commission" : 0.0,
      "rating" : 2,
      "potential" : 2,
      "deptId" : 20,
      "mgrId" : 124,
      "deptName" : "Marketing",
      "mgrFirstName" : "Kevin",
      "mgrLastName" : "Mourgos"
   }, {
      "empId" : 102,
      "firstName" : "Lex",
      "lastName" : "De Haan",
      "title" : "Administration Vice President",
      "email" : "LDEHAAN",
      "phone" : "515.123.4569",
      "mobile" : "515.123.4569",
      "address" : "2004 Bellevue Ct",
      "city" : "Seattle",
      "state" : "Washington",
      "country" : "US",
      "postal" : "98102",
      "twitter" : "Lex",
      "facebook" : "Lex",
      "google" : "Lex",
      "linkedIn" : "Lex",
      "hireDate" : "2008-02-14T00:00:00Z",
      "compRatio" : 59,
      "salary" : 17000.0,
      "bonus" : 4250.0,
      "commission" : 0.0,
      "rating" : 5,
      "potential" : 4,
      "deptId" : 90,
      "mgrId" : 100,
      "deptName" : "Executive",
      "mgrFirstName" : "Steven",
      "mgrLastName" : "King"
   }, {
      "empId" : 186,
      "firstName" : "Julia",
      "lastName" : "Dellinger",
      "title" : "Programmer",
      "email" : "JDELLING",
      "phone" : "650.509.3876",
      "mobile" : "650.509.3876",
      "address" : "2011 Main Street",
      "city" : "South San Francisco",
      "state" : "California",
      "country" : "US",
      "postal" : "94105",
      "twitter" : "Julia",
      "facebook" : "Julia",
      "google" : "Julia",
      "linkedIn" : "Julia",
      "hireDate" : "2010-01-01T00:00:00Z",
      "compRatio" : 2,
      "salary" : 9400.0,
      "bonus" : 3850.0,
      "commission" : 0.0,
      "rating" : 4,
      "potential" : 5,
      "deptId" : 60,
      "mgrId" : 121,
      "deptName" : "IT",
      "mgrFirstName" : "Adam",
      "mgrLastName" : "Fripp"
   }, {
      "empId" : 189,
      "firstName" : "Jennifer",
      "lastName" : "Dilly",
      "title" : "Human Resources Representative",
      "email" : "JDILLY",
      "phone" : "650.505.2876",
      "mobile" : "650.505.2876",
      "address" : "2011 Main Street",
      "city" : "South San Francisco",
      "state" : "California",
      "country" : "US",
      "postal" : "94105",
      "twitter" : "Jennifer",
      "facebook" : "Jennifer",
      "google" : "Jennifer",
      "linkedIn" : "Jennifer",
      "hireDate" : "2009-03-01T00:00:00Z",
      "compRatio" : 33,
      "salary" : 6600.0,
      "bonus" : 900.0,
      "commission" : 0.0,
      "rating" : 5,
      "potential" : 5,
      "deptId" : 40,
      "mgrId" : 203,
      "deptName" : "Human Resources",
      "mgrFirstName" : "Susan",
      "mgrLastName" : "Mavris"
   }, {
      "empId" : 160,
      "firstName" : "Louise",
      "lastName" : "Doran",
      "title" : "Sales Representative",
      "email" : "LDORAN",
      "phone" : "011.44.1345.629268",
      "mobile" : "011.44.1345.629268",
      "address" : "Magdalen Centre The Oxford Science Park",
      "city" : "Oxford",
      "state" : "Oxford",
      "country" : "UK",
      "postal" : "OX9 9ZB",
      "twitter" : "Louise",
      "facebook" : "Louise",
      "google" : "Louise",
      "linkedIn" : "Louise",
      "hireDate" : "2004-09-14T00:00:00Z",
      "compRatio" : 44,
      "salary" : 11500.0,
      "bonus" : 1875.0,
      "commission" : 3000.0,
      "rating" : 4,
      "potential" : 3,
      "deptId" : 80,
      "mgrId" : 146,
      "deptName" : "Sales",
      "mgrFirstName" : "Karen",
      "mgrLastName" : "Partners"
   }, {
      "empId" : 104,
      "firstName" : "Bruce",
      "lastName" : "Ernst",
      "title" : "IT Manager",
      "email" : "BERNST",
      "phone" : "590.423.4568",
      "mobile" : "590.423.4568",
      "address" : "2014 Main St",
      "city" : "Southlake",
      "state" : "Texas",
      "country" : "US",
      "postal" : "76034",
      "twitter" : "Bruce",
      "facebook" : "Bruce",
      "google" : "Bruce",
      "linkedIn" : "Bruce",
      "hireDate" : "2006-07-14T00:00:00Z",
      "compRatio" : 15,
      "salary" : 10500.0,
      "bonus" : 900.0,
      "commission" : 0.0,
      "rating" : 5,
      "potential" : 4,
      "deptId" : 60,
      "mgrId" : 103,
      "deptName" : "IT",
      "mgrFirstName" : "Alexander",
      "mgrLastName" : "Hunold"
   }, {
      "empId" : 174,
      "firstName" : "Ernest",
      "lastName" : "Abel",
      "title" : "Public Relations Reprentative",
      "email" : "EABEL",
      "phone" : "011.44.1644.429267",
      "mobile" : "011.44.1644.429267",
      "address" : "Magdalen Centre The Oxford Science Park",
      "city" : "Oxford",
      "state" : "Oxford",
      "country" : "UK",
      "postal" : "OX9 9ZB",
      "twitter" : "Ernest",
      "facebook" : "Ernest",
      "google" : "Ernest",
      "linkedIn" : "Ernest",
      "hireDate" : "2010-01-01T00:00:00Z",
      "compRatio" : 80,
      "salary" : 11000.0,
      "bonus" : 2750.0,
      "commission" : 0.0,
      "rating" : 4,
      "potential" : 4,
      "deptId" : 70,
      "mgrId" : 149,
      "deptName" : "Public Relations",
      "mgrFirstName" : "Eleni",
      "mgrLastName" : "Zlotkey"
   }, {
      "empId" : 166,
      "firstName" : "Sundar",
      "lastName" : "Ande",
      "title" : "Finance Representative",
      "email" : "SANDE",
      "phone" : "011.44.1346.629268",
      "mobile" : "011.44.1346.629268",
      "address" : "Magdalen Centre The Oxford Science Park",
      "city" : "Oxford",
      "state" : "Oxford",
      "country" : "UK",
      "postal" : "OX9 9ZB",
      "twitter" : "Sundar",
      "facebook" : "Sundar",
      "google" : "Sundar",
      "linkedIn" : "Sundar",
      "hireDate" : "2004-09-14T00:00:00Z",
      "compRatio" : 52,
      "salary" : 8200.0,
      "bonus" : 1200.0,
      "commission" : 1000.0,
      "rating" : 3,
      "potential" : 3,
      "deptId" : 100,
      "mgrId" : 147,
      "deptName" : "Finance",
      "mgrFirstName" : "Allison",
      "mgrLastName" : "Errazuriz"
   }, {
      "empId" : 147,
      "firstName" : "Allison",
      "lastName" : "Errazuriz",
      "title" : "Finance Manager",
      "email" : "AERRAZUR",
      "phone" : "011.44.1344.429278",
      "mobile" : "011.44.1344.429278",
      "address" : "Magdalen Centre The Oxford Science Park",
      "city" : "Oxford",
      "state" : "Oxford",
      "country" : "UK",
      "postal" : "OX9 9ZB",
      "twitter" : "Allison",
      "facebook" : "Allison",
      "google" : "Allison",
      "linkedIn" : "Allison",
      "hireDate" : "2010-01-01T00:00:00Z",
      "compRatio" : 25,
      "salary" : 12000.0,
      "bonus" : 3000.0,
      "commission" : 3000.0,
      "rating" : 4,
      "potential" : 4,
      "deptId" : 100,
      "mgrId" : 108,
      "deptName" : "Finance",
      "mgrFirstName" : "Nancy",
      "mgrLastName" : "Greenberg"
   }, {
      "empId" : 193,
      "firstName" : "Britney",
      "lastName" : "Everett",
      "title" : "Shipping Clerk",
      "email" : "BEVERETT",
      "phone" : "650.501.2876",
      "mobile" : "650.501.2876",
      "address" : "2011 Main Street",
      "city" : "South San Francisco",
      "state" : "California",
      "country" : "US",
      "postal" : "94105",
      "twitter" : "Britney",
      "facebook" : "Britney",
      "google" : "Britney",
      "linkedIn" : "Britney",
      "hireDate" : "2009-03-01T00:00:00Z",
      "compRatio" : 43,
      "salary" : 5900.0,
      "bonus" : 975.0,
      "commission" : 0.0,
      "rating" : 5,
      "potential" : 3,
      "deptId" : 50,
      "mgrId" : 123,
      "deptName" : "Shipping",
      "mgrFirstName" : "Shanta",
      "mgrLastName" : "Vollman"
   }, {
      "empId" : 109,
      "firstName" : "Daniel",
      "lastName" : "Faviet",
      "title" : "Finance Manager",
      "email" : "DFAVIET",
      "phone" : "515.124.4169",
      "mobile" : "515.124.4169",
      "address" : "2004 Bellevue Ct",
      "city" : "Seattle",
      "state" : "Washington",
      "country" : "US",
      "postal" : "98102",
      "twitter" : "Daniel",
      "facebook" : "Daniel",
      "google" : "Daniel",
      "linkedIn" : "Daniel",
      "hireDate" : "2008-02-14T00:00:00Z",
      "compRatio" : 42,
      "salary" : 11500.0,
      "bonus" : 2550.0,
      "commission" : 0.0,
      "rating" : 3,
      "potential" : 5,
      "deptId" : 100,
      "mgrId" : 108,
      "deptName" : "Finance",
      "mgrFirstName" : "Nancy",
      "mgrLastName" : "Greenberg"
   }, {
      "empId" : 202,
      "firstName" : "Pat",
      "lastName" : "Fay",
      "title" : "Marketing Representative",
      "email" : "PFAY",
      "phone" : "603.123.6666",
      "mobile" : "603.123.6666",
      "address" : "147 Spadina Ave",
      "city" : "Toronto",
      "state" : "Ontario",
      "country" : "CA",
      "postal" : "M5V 2L7",
      "twitter" : "Pat",
      "facebook" : "Pat",
      "google" : "Pat",
      "linkedIn" : "Pat",
      "hireDate" : "2006-07-14T00:00:00Z",
      "compRatio" : 20,
      "salary" : 12000.0,
      "bonus" : 6500.0,
      "commission" : 0.0,
      "rating" : 2,
      "potential" : 2,
      "deptId" : 20,
      "mgrId" : 201,
      "deptName" : "Marketing",
      "mgrFirstName" : "Michael",
      "mgrLastName" : "Hartstein"
   }, {
      "empId" : 197,
      "firstName" : "Kevin",
      "lastName" : "Feeney",
      "title" : "Marketing Representative",
      "email" : "KFEENEY",
      "phone" : "650.507.9822",
      "mobile" : "650.507.9822",
      "address" : "2011 Main Street",
      "city" : "South San Francisco",
      "state" : "California",
      "country" : "US",
      "postal" : "94105",
      "twitter" : "Kevin",
      "facebook" : "Kevin",
      "google" : "Kevin",
      "linkedIn" : "Kevin",
      "hireDate" : "2010-01-01T00:00:00Z",
      "compRatio" : 49,
      "salary" : 8000.0,
      "bonus" : 1750.0,
      "commission" : 0.0,
      "rating" : 3,
      "potential" : 2,
      "deptId" : 20,
      "mgrId" : 124,
      "deptName" : "Marketing",
      "mgrFirstName" : "Kevin",
      "mgrLastName" : "Mourgos"
   }, {
      "empId" : 170,
      "firstName" : "Tayler",
      "lastName" : "Fox",
      "title" : "Sales Representative",
      "email" : "TFOX",
      "phone" : "011.44.1343.729268",
      "mobile" : "011.44.1343.729268",
      "address" : "Magdalen Centre The Oxford Science Park",
      "city" : "Oxford",
      "state" : "Oxford",
      "country" : "UK",
      "postal" : "OX9 9ZB",
      "twitter" : "Tayler",
      "facebook" : "Tayler",
      "google" : "Tayler",
      "linkedIn" : "Tayler",
      "hireDate" : "2009-03-01T00:00:00Z",
      "compRatio" : 95,
      "salary" : 9600.0,
      "bonus" : 2400.0,
      "commission" : 2000.0,
      "rating" : 5,
      "potential" : 5,
      "deptId" : 80,
      "mgrId" : 148,
      "deptName" : "Sales",
      "mgrFirstName" : "Gerald",
      "mgrLastName" : "Cambrault"
   }, {
      "empId" : 121,
      "firstName" : "Adam",
      "lastName" : "Fripp",
      "title" : "IT Manager",
      "email" : "AFRIPP",
      "phone" : "650.123.2234",
      "mobile" : "650.123.2234",
      "address" : "2011 Main Street",
      "city" : "South San Francisco",
      "state" : "California",
      "country" : "US",
      "postal" : "94105",
      "twitter" : "Adam",
      "facebook" : "Adam",
      "google" : "Adam",
      "linkedIn" : "Adam",
      "hireDate" : "2004-09-14T00:00:00Z",
      "compRatio" : 61,
      "salary" : 10800.0,
      "bonus" : 8050.0,
      "commission" : 0.0,
      "rating" : 5,
      "potential" : 5,
      "deptId" : 60,
      "mgrId" : 103,
      "deptName" : "IT",
      "mgrFirstName" : "Alexander",
      "mgrLastName" : "Hunold"
   }, {
      "empId" : 190,
      "firstName" : "Timothy",
      "lastName" : "Gates",
      "title" : "Human Resources Representative",
      "email" : "TGATES",
      "phone" : "650.505.3876",
      "mobile" : "650.505.3876",
      "address" : "2011 Main Street",
      "city" : "South San Francisco",
      "state" : "California",
      "country" : "US",
      "postal" : "94105",
      "twitter" : "Timothy",
      "facebook" : "Timothy",
      "google" : "Timothy",
      "linkedIn" : "Timothy",
      "hireDate" : "2008-02-14T00:00:00Z",
      "compRatio" : 85,
      "salary" : 7900.0,
      "bonus" : 725.0,
      "commission" : 0.0,
      "rating" : 5,
      "potential" : 3,
      "deptId" : 40,
      "mgrId" : 203,
      "deptName" : "Human Resources",
      "mgrFirstName" : "Susan",
      "mgrLastName" : "Mavris"
   }, {
      "empId" : 135,
      "firstName" : "Ki",
      "lastName" : "Gee",
      "title" : "Human Resources Representative",
      "email" : "KGEE",
      "phone" : "650.127.1734",
      "mobile" : "650.127.1734",
      "address" : "2011 Main Street",
      "city" : "South San Francisco",
      "state" : "California",
      "country" : "US",
      "postal" : "94105",
      "twitter" : "Ki",
      "facebook" : "Ki",
      "google" : "Ki",
      "linkedIn" : "Ki",
      "hireDate" : "2010-01-01T00:00:00Z",
      "compRatio" : 107,
      "salary" : 6400.0,
      "bonus" : 600.0,
      "commission" : 0.0,
      "rating" : 3,
      "potential" : 4,
      "deptId" : 40,
      "mgrId" : 203,
      "deptName" : "Human Resources",
      "mgrFirstName" : "Susan",
      "mgrLastName" : "Mavris"
   }, {
      "empId" : 183,
      "firstName" : "Girard",
      "lastName" : "Geoni",
      "title" : "Shipping Clerk",
      "email" : "GGEONI",
      "phone" : "650.507.9879",
      "mobile" : "650.507.9879",
      "address" : "2011 Main Street",
      "city" : "South San Francisco",
      "state" : "California",
      "country" : "US",
      "postal" : "94105",
      "twitter" : "Girard",
      "facebook" : "Girard",
      "google" : "Girard",
      "linkedIn" : "Girard",
      "hireDate" : "2009-03-01T00:00:00Z",
      "compRatio" : 83,
      "salary" : 5800.0,
      "bonus" : 700.0,
      "commission" : 0.0,
      "rating" : 2,
      "potential" : 3,
      "deptId" : 50,
      "mgrId" : 120,
      "deptName" : "Shipping",
      "mgrFirstName" : "Matthew",
      "mgrLastName" : "Weiss"
   }, {
      "empId" : 206,
      "firstName" : "William",
      "lastName" : "Gietz",
      "title" : "Public Accountant",
      "email" : "WGIETZ",
      "phone" : "515.123.8181",
      "mobile" : "515.123.8181",
      "address" : "2004 Bellevue Ct",
      "city" : "Seattle",
      "state" : "Washington",
      "country" : "US",
      "postal" : "98102",
      "twitter" : "William",
      "facebook" : "William",
      "google" : "William",
      "linkedIn" : "William",
      "hireDate" : "2006-07-14T00:00:00Z",
      "compRatio" : 65,
      "salary" : 8300.0,
      "bonus" : 2075.0,
      "commission" : 0.0,
      "rating" : 3,
      "potential" : 3,
      "deptId" : 110,
      "mgrId" : 205,
      "deptName" : "Accounting",
      "mgrFirstName" : "Shelley",
      "mgrLastName" : "Higgins"
   }, {
      "empId" : 199,
      "firstName" : "Douglas",
      "lastName" : "Grant",
      "title" : "Marketing Representative",
      "email" : "DGRANT",
      "phone" : "650.507.9844",
      "mobile" : "650.507.9844",
      "address" : "2011 Main Street",
      "city" : "South San Francisco",
      "state" : "California",
      "country" : "US",
      "postal" : "94105",
      "twitter" : "Douglas",
      "facebook" : "Douglas",
      "google" : "Douglas",
      "linkedIn" : "Douglas",
      "hireDate" : "2006-07-14T00:00:00Z",
      "compRatio" : 45,
      "salary" : 8600.0,
      "bonus" : 2650.0,
      "commission" : 0.0,
      "rating" : 4,
      "potential" : 3,
      "deptId" : 20,
      "mgrId" : 124,
      "deptName" : "Marketing",
      "mgrFirstName" : "Kevin",
      "mgrLastName" : "Mourgos"
   }, {
      "empId" : 108,
      "firstName" : "Nancy",
      "lastName" : "Greenberg",
      "title" : "Finance Director",
      "email" : "NGREENBE",
      "phone" : "515.124.4569",
      "mobile" : "515.124.4569",
      "address" : "2004 Bellevue Ct",
      "city" : "Seattle",
      "state" : "Washington",
      "country" : "US",
      "postal" : "98102",
      "twitter" : "Nancy",
      "facebook" : "Nancy",
      "google" : "Nancy",
      "linkedIn" : "Nancy",
      "hireDate" : "2010-01-01T00:00:00Z",
      "compRatio" : 86,
      "salary" : 14000.0,
      "bonus" : 4100.0,
      "commission" : 0.0,
      "rating" : 5,
      "potential" : 3,
      "deptId" : 100,
      "mgrId" : 101,
      "deptName" : "Finance",
      "mgrFirstName" : "Neena",
      "mgrLastName" : "Kochhar"
   }, {
      "empId" : 163,
      "firstName" : "Daniel",
      "lastName" : "Greene",
      "title" : "Finance Representative",
      "email" : "DGREENE",
      "phone" : "011.44.1346.229268",
      "mobile" : "011.44.1346.229268",
      "address" : "Magdalen Centre The Oxford Science Park",
      "city" : "Oxford",
      "state" : "Oxford",
      "country" : "UK",
      "postal" : "OX9 9ZB",
      "twitter" : "Daniel",
      "facebook" : "Daniel",
      "google" : "Daniel",
      "linkedIn" : "Daniel",
      "hireDate" : "2009-03-01T00:00:00Z",
      "compRatio" : 87,
      "salary" : 9500.0,
      "bonus" : 2375.0,
      "commission" : 1500.0,
      "rating" : 5,
      "potential" : 2,
      "deptId" : 100,
      "mgrId" : 147,
      "deptName" : "Finance",
      "mgrFirstName" : "Allison",
      "mgrLastName" : "Errazuriz"
   }, {
      "empId" : 152,
      "firstName" : "Patricia",
      "lastName" : "Hall",
      "title" : "Sales Representative",
      "email" : "PHALL",
      "phone" : "011.44.1344.478968",
      "mobile" : "011.44.1344.478968",
      "address" : "Magdalen Centre The Oxford Science Park",
      "city" : "Oxford",
      "state" : "Oxford",
      "country" : "UK",
      "postal" : "OX9 9ZB",
      "twitter" : "Patricia",
      "facebook" : "Patricia",
      "google" : "Patricia",
      "linkedIn" : "Patricia",
      "hireDate" : "2008-02-14T00:00:00Z",
      "compRatio" : 116,
      "salary" : 9000.0,
      "bonus" : 2250.0,
      "commission" : 2500.0,
      "rating" : 2,
      "potential" : 2,
      "deptId" : 80,
      "mgrId" : 145,
      "deptName" : "Sales",
      "mgrFirstName" : "Joanne",
      "mgrLastName" : "Russell"
   }, {
      "empId" : 201,
      "firstName" : "Michael",
      "lastName" : "Hartstein",
      "title" : "Marketing Director",
      "email" : "MHARTSTE",
      "phone" : "515.123.5555",
      "mobile" : "515.123.5555",
      "address" : "147 Spadina Ave",
      "city" : "Toronto",
      "state" : "Ontario",
      "country" : "CA",
      "postal" : "M5V 2L7",
      "twitter" : "Michael",
      "facebook" : "Michael",
      "google" : "Michael",
      "linkedIn" : "Michael",
      "hireDate" : "2004-09-14T00:00:00Z",
      "compRatio" : 26,
      "salary" : 16000.0,
      "bonus" : 8250.0,
      "commission" : 0.0,
      "rating" : 4,
      "potential" : 2,
      "deptId" : 20,
      "mgrId" : 101,
      "deptName" : "Marketing",
      "mgrFirstName" : "Neena",
      "mgrLastName" : "Kochhar"
   } ]
}