{
      "empId" : 111,
      "firstName" : "Ismael",
      "lastName" : "Sciarra",
      "title" : "Accountant",
      "email" : "ISCIARRA",
      "phone" : "515.124.4369",
      "mobile" : "515.124.4369",
      "address" : "2004 Bellevue Ct",
      "city" : "Seattle",
      "state" : "Washington",
      "country" : "US",
      "postal" : "98102",
      "twitter" : "Ismael",
      "facebook" : "Ismael",
      "google" : "Ismael",
      "linkedIn" : "Ismael",
      "hireDate" : "2004-09-14T00:00:00-07:00",
      "compRatio" : 112,
      "salary" : 7900.0,
      "bonus" : 1925.0,
      "commission" : 0.0,
      "rating" : 2,
      "potential" : 3,
      "deptId" : 100,
      "mgrId" : 109,
      "deptName" : "Finance",
      "mgrFirstName" : "Daniel",
      "mgrLastName" : "Faviet",
      "teamAvgRating" : 3.5,
      "empMeetings" : 0,
      "empEvents" : 0,
      "notifyApproved" : 3,
      "notifyWaiting" : 4,
      "notifyRejected" : 1,
      "groupSize" : 1,
      "groupAvgRating" : 2.0,
      "groupAvgPotential" : 3.0,
      "groupCompRatioAbove" : 1,
      "groupCompRatioIn" : 0,
      "groupCompRatioBelow" : 0,
      "groupMeetings" : 1,
      "groupEvents" : 0,
      "groupTrainings" : 1,
      "groupTimeOff" : 2,
      "comps" : [ {
         "bonus" : 1925,
         "comission" : 0,
         "compId" : 49940,
         "compRatio" : 112,
         "compSalary" : 7900,
         "effective" : "2015-05-15T00:00:00-07:00"
      }, {
         "bonus" : 1809.5,
         "comission" : 0,
         "compId" : 49941,
         "compRatio" : 112,
         "compSalary" : 7505,
         "effective" : "2014-12-18T00:00:00-08:00"
      }, {
         "bonus" : 1664.74,
         "comission" : 0,
         "compId" : 49942,
         "compRatio" : 97,
         "compSalary" : 7204.8,
         "effective" : "2013-10-05T00:00:00-07:00"
      }, {
         "bonus" : 1531.5608,
         "comission" : 0,
         "compId" : 49943,
         "compRatio" : 84,
         "compSalary" : 6916.608,
         "effective" : "2012-05-11T00:00:00-07:00"
      }, {
         "bonus" : 1439.667152,
         "comission" : 0,
         "compId" : 49944,
         "compRatio" : 27,
         "compSalary" : 6709.10976,
         "effective" : "2011-08-04T00:00:00-07:00"
      }, {
         "bonus" : 1410.87380896,
         "comission" : 0,
         "compId" : 49945,
         "compRatio" : 57,
         "compSalary" : 6574.9275648,
         "effective" : "2010-07-15T00:00:00-07:00"
      }, {
         "bonus" : 1298.0039042432,
         "comission" : 0,
         "compId" : 49946,
         "compRatio" : 77,
         "compSalary" : 6246.18118656,
         "effective" : "2009-04-05T00:00:00-07:00"
      }, {
         "bonus" : 1233.10370903104,
         "comission" : 0,
         "compId" : 49947,
         "compRatio" : 58,
         "compSalary" : 5933.872127232,
         "effective" : "2008-01-13T00:00:00-08:00"
      }, {
         "bonus" : 1159.1174864891776,
         "comission" : 0,
         "compId" : 49948,
         "compRatio" : 35,
         "compSalary" : 5637.1785208704,
         "effective" : "2007-05-25T00:00:00-07:00"
      }, {
         "bonus" : 1112.752787029610496,
         "comission" : 0,
         "compId" : 49949,
         "compRatio" : 81,
         "compSalary" : 5468.063165244288,
         "effective" : "2006-01-02T00:00:00-08:00"
      }, {
         "bonus" : 1090.49773128901828608,
         "comission" : 0,
         "compId" : 49950,
         "compRatio" : 23,
         "compSalary" : 5413.38253359184512,
         "effective" : "2005-02-14T00:00:00-08:00"
      }, {
         "bonus" : 1014.1628900987870060544,
         "comission" : 0,
         "compId" : 49951,
         "compRatio" : 40,
         "compSalary" : 5250.9810575840897664,
         "effective" : "2004-12-02T00:00:00-08:00"
      } ],
      "perfs" : [ {
         "effective" : "2004-06-16T00:00:00-07:00",
         "perfId" : 41681,
         "potential" : 5,
         "rating" : 2
      }, {
         "effective" : "2005-02-25T00:00:00-08:00",
         "perfId" : 41682,
         "potential" : 4,
         "rating" : 2
      }, {
         "effective" : "2006-05-15T00:00:00-07:00",
         "perfId" : 41683,
         "potential" : 4,
         "rating" : 4
      }, {
         "effective" : "2007-09-23T00:00:00-07:00",
         "perfId" : 41684,
         "potential" : 4,
         "rating" : 3
      }, {
         "effective" : "2008-08-10T00:00:00-07:00",
         "perfId" : 41685,
         "potential" : 4,
         "rating" : 4
      }, {
         "effective" : "2009-10-01T00:00:00-07:00",
         "perfId" : 41686,
         "potential" : 4,
         "rating" : 5
      }, {
         "effective" : "2010-06-15T00:00:00-07:00",
         "perfId" : 41687,
         "potential" : 4,
         "rating" : 2
      }, {
         "effective" : "2011-06-03T00:00:00-07:00",
         "perfId" : 41688,
         "potential" : 4,
         "rating" : 4
      }, {
         "effective" : "2012-10-11T00:00:00-07:00",
         "perfId" : 41689,
         "potential" : 4,
         "rating" : 3
      }, {
         "effective" : "2013-12-02T00:00:00-08:00",
         "perfId" : 41690,
         "potential" : 2,
         "rating" : 3
      }, {
         "effective" : "2014-12-05T00:00:00-08:00",
         "perfId" : 41691,
         "potential" : 2,
         "rating" : 2
      }, {
         "effective" : "2015-11-23T00:00:00-08:00",
         "perfId" : 41692,
         "potential" : 3,
         "rating" : 2
      } ],
      "skills" : [ {
         "empskillassignId" : 80724,
         "empskillassignRating" : 4,
         "skill" : {
            "skill" : "Bookeeping",
            "skillDescription" : "Bookeeping",
            "skillId" : 1
         }
      }, {
         "empskillassignId" : 80725,
         "empskillassignRating" : 4,
         "skill" : {
            "skill" : "Management",
            "skillId" : 14
         }
      }, {
         "empskillassignId" : 80726,
         "empskillassignRating" : 3,
         "skill" : {
            "skill" : "Corporate Tax",
            "skillDescription" : "Corporate Tax",
            "skillId" : 2
         }
      }, {
         "empskillassignId" : 80727,
         "empskillassignRating" : 1,
         "skill" : {
            "skill" : "Statistics",
            "skillId" : 5
         }
      }, {
         "empskillassignId" : 80728,
         "empskillassignRating" : 1,
         "skill" : {
            "skill" : "Engineering",
            "skillId" : 19
         }
      }, {
         "empskillassignId" : 80729,
         "empskillassignRating" : 4,
         "skill" : {
            "skill" : "Human Resources",
            "skillId" : 18
         }
      }, {
         "empskillassignId" : 80730,
         "empskillassignRating" : 5,
         "skill" : {
            "skill" : "HCM",
            "skillId" : 17
         }
      }, {
         "empskillassignId" : 80731,
         "empskillassignRating" : 5,
         "skill" : {
            "skill" : "Outsourcing",
            "skillId" : 20
         }
      }, {
         "empskillassignId" : 80732,
         "empskillassignRating" : 4,
         "skill" : {
            "skill" : "Java",
            "skillId" : 7
         }
      }, {
         "empskillassignId" : 80733,
         "empskillassignRating" : 1,
         "skill" : {
            "skill" : "Estimation",
            "skillId" : 23
         }
      }, {
         "empskillassignId" : 80734,
         "empskillassignRating" : 2,
         "skill" : {
            "skill" : "Staffing",
            "skillId" : 24
         }
      }, {
         "empskillassignId" : 80735,
         "empskillassignRating" : 2,
         "skill" : {
            "skill" : "Excel",
            "skillId" : 3
         }
      }, {
         "empskillassignId" : 80736,
         "empskillassignRating" : 3,
         "skill" : {
            "skill" : "Acquistions",
            "skillId" : 10
         }
      }, {
         "empskillassignId" : 80737,
         "empskillassignRating" : 4,
         "skill" : {
            "skill" : "Javascript",
            "skillId" : 6
         }
      }, {
         "empskillassignId" : 80738,
         "empskillassignRating" : 5,
         "skill" : {
            "skill" : "Testing",
            "skillId" : 9
         }
      }, {
         "empskillassignId" : 80739,
         "empskillassignRating" : 5,
         "skill" : {
            "skill" : "Word",
            "skillId" : 4
         }
      }, {
         "empskillassignId" : 80740,
         "empskillassignRating" : 3,
         "skill" : {
            "skill" : "Budgeting",
            "skillId" : 25
         }
      }, {
         "empskillassignId" : 80741,
         "empskillassignRating" : 3,
         "skill" : {
            "skill" : "Procurement",
            "skillId" : 21
         }
      }, {
         "empskillassignId" : 80742,
         "empskillassignRating" : 3,
         "skill" : {
            "skill" : "Analytics",
            "skillId" : 8
         }
      }, {
         "empskillassignId" : 80743,
         "empskillassignRating" : 2,
         "skill" : {
            "skill" : "Strategy",
            "skillId" : 22
         }
      }, {
         "empskillassignId" : 80744,
         "empskillassignRating" : 2,
         "skill" : {
            "skill" : "Project Planning",
            "skillId" : 11
         }
      }, {
         "empskillassignId" : 80745,
         "empskillassignRating" : 1,
         "skill" : {
            "skill" : "Financials",
            "skillId" : 15
         }
      } ],
      "events" : [ {
         "color" : "#ed813e",
         "description" : "StockHolder's Meeting",
         "end" : "2012-02-11T00:00:00-08:00",
         "eventId" : 147008,
         "name" : "Event",
         "start" : "2012-02-07T00:00:00-08:00",
         "type" : "2"
      }, {
         "color" : "#fbce4a",
         "description" : "Mgr Essentials",
         "end" : "2012-08-23T00:00:00-07:00",
         "eventId" : 147009,
         "name" : "Training",
         "start" : "2012-08-19T00:00:00-07:00",
         "type" : "3"
      }, {
         "color" : "#309fdb",
         "description" : "Oracle",
         "end" : "2013-02-11T00:00:00-08:00",
         "eventId" : 147010,
         "name" : "Customer Meeting",
         "start" : "2013-02-06T00:00:00-08:00",
         "type" : "1"
      }, {
         "color" : "#fbce4a",
         "description" : "Public Speaking",
         "end" : "2013-04-11T00:00:00-07:00",
         "eventId" : 147011,
         "name" : "Training",
         "start" : "2013-04-09T00:00:00-07:00",
         "type" : "3"
      }, {
         "color" : "#81bb5f",
         "description" : "Sick",
         "end" : "2014-10-14T00:00:00-07:00",
         "eventId" : 147012,
         "name" : "Time Off",
         "start" : "2014-10-11T00:00:00-07:00",
         "type" : "4"
      }, {
         "color" : "#ed813e",
         "description" : "Winner's Circle",
         "end" : "2014-09-23T00:00:00-07:00",
         "eventId" : 147013,
         "name" : "Event",
         "start" : "2014-09-19T00:00:00-07:00",
         "type" : "2"
      }, {
         "color" : "#81bb5f",
         "description" : "Sick",
         "end" : "2014-05-29T00:00:00-07:00",
         "eventId" : 147014,
         "name" : "Time Off",
         "start" : "2014-05-26T00:00:00-07:00",
         "type" : "4"
      }, {
         "color" : "#81bb5f",
         "description" : "Vacation",
         "end" : "2014-06-16T00:00:00-07:00",
         "eventId" : 147015,
         "name" : "Time Off",
         "start" : "2014-06-15T00:00:00-07:00",
         "type" : "4"
      }, {
         "color" : "#81bb5f",
         "description" : "Vacation",
         "end" : "2015-07-20T04:00:04-07:00",
         "eventId" : 147016,
         "name" : "Time Off",
         "start" : "2015-07-18T04:00:04-07:00",
         "type" : "4"
      }, {
         "color" : "#fbce4a",
         "description" : "Mobility",
         "end" : "2015-07-27T04:00:04-07:00",
         "eventId" : 147017,
         "name" : "Training",
         "start" : "2015-07-25T04:00:04-07:00",
         "type" : "3"
      }, {
         "color" : "#81bb5f",
         "description" : "Sick",
         "end" : "2015-06-10T04:00:04-07:00",
         "eventId" : 147018,
         "name" : "Time Off",
         "start" : "2015-06-05T04:00:04-07:00",
         "type" : "4"
      }, {
         "color" : "#309fdb",
         "description" : "XYZ Systems",
         "end" : "2015-06-19T04:00:04-07:00",
         "eventId" : 147019,
         "name" : "Customer Meeting",
         "start" : "2015-06-16T04:00:04-07:00",
         "type" : "1"
      }, {
         "color" : "#fbce4a",
         "description" : "Security",
         "end" : "2004-07-08T00:00:00-07:00",
         "eventId" : 146983,
         "name" : "Training",
         "start" : "2004-07-07T00:00:00-07:00",
         "type" : "3"
      }, {
         "color" : "#81bb5f",
         "description" : "Sick",
         "end" : "2004-07-11T00:00:00-07:00",
         "eventId" : 146984,
         "name" : "Time Off",
         "start" : "2004-07-08T00:00:00-07:00",
         "type" : "4"
      }, {
         "color" : "#309fdb",
         "description" : "AAA Inc",
         "end" : "2005-02-22T00:00:00-08:00",
         "eventId" : 146985,
         "name" : "Customer Meeting",
         "start" : "2005-02-20T00:00:00-08:00",
         "type" : "1"
      }, {
         "color" : "#fbce4a",
         "description" : "Effective Mgmt",
         "end" : "2005-08-10T00:00:00-07:00",
         "eventId" : 146986,
         "name" : "Training",
         "start" : "2005-08-09T00:00:00-07:00",
         "type" : "3"
      }, {
         "color" : "#ed813e",
         "description" : "Feedback Session",
         "end" : "2005-09-27T00:00:00-07:00",
         "eventId" : 146987,
         "name" : "Event",
         "start" : "2005-09-23T00:00:00-07:00",
         "type" : "2"
      }, {
         "color" : "#ed813e",
         "description" : "Winner's Circle",
         "end" : "2006-06-15T00:00:00-07:00",
         "eventId" : 146988,
         "name" : "Event",
         "start" : "2006-06-10T00:00:00-07:00",
         "type" : "2"
      }, {
         "color" : "#ed813e",
         "description" : "Winner's Circle",
         "end" : "2006-04-28T00:00:00-07:00",
         "eventId" : 146989,
         "name" : "Event",
         "start" : "2006-04-27T00:00:00-07:00",
         "type" : "2"
      }, {
         "color" : "#fbce4a",
         "description" : "Security",
         "end" : "2007-12-06T00:00:00-08:00",
         "eventId" : 146990,
         "name" : "Training",
         "start" : "2007-12-02T00:00:00-08:00",
         "type" : "3"
      }, {
         "color" : "#81bb5f",
         "description" : "Vacation",
         "end" : "2007-12-15T00:00:00-08:00",
         "eventId" : 146991,
         "name" : "Time Off",
         "start" : "2007-12-12T00:00:00-08:00",
         "type" : "4"
      }, {
         "color" : "#81bb5f",
         "description" : "Vacation",
         "end" : "2007-06-17T00:00:00-07:00",
         "eventId" : 146992,
         "name" : "Time Off",
         "start" : "2007-06-12T00:00:00-07:00",
         "type" : "4"
      }, {
         "color" : "#309fdb",
         "description" : "Acme Ent",
         "end" : "2007-07-22T00:00:00-07:00",
         "eventId" : 146993,
         "name" : "Customer Meeting",
         "start" : "2007-07-18T00:00:00-07:00",
         "type" : "1"
      }, {
         "color" : "#fbce4a",
         "description" : "Ethics",
         "end" : "2008-01-14T00:00:00-08:00",
         "eventId" : 146994,
         "name" : "Training",
         "start" : "2008-01-10T00:00:00-08:00",
         "type" : "3"
      }, {
         "color" : "#81bb5f",
         "description" : "Sick",
         "end" : "2008-01-18T00:00:00-08:00",
         "eventId" : 146995,
         "name" : "Time Off",
         "start" : "2008-01-13T00:00:00-08:00",
         "type" : "4"
      }, {
         "color" : "#ed813e",
         "description" : "Development Convention",
         "end" : "2008-09-25T00:00:00-07:00",
         "eventId" : 146996,
         "name" : "Event",
         "start" : "2008-09-23T00:00:00-07:00",
         "type" : "2"
      }, {
         "color" : "#ed813e",
         "description" : "Sales Convention",
         "end" : "2009-06-11T00:00:00-07:00",
         "eventId" : 146997,
         "name" : "Event",
         "start" : "2009-06-07T00:00:00-07:00",
         "type" : "2"
      }, {
         "color" : "#81bb5f",
         "description" : "Sick",
         "end" : "2009-10-14T00:00:00-07:00",
         "eventId" : 146998,
         "name" : "Time Off",
         "start" : "2009-10-11T00:00:00-07:00",
         "type" : "4"
      }, {
         "color" : "#ed813e",
         "description" : "Sales Convention",
         "end" : "2010-01-26T00:00:00-08:00",
         "eventId" : 146999,
         "name" : "Event",
         "start" : "2010-01-23T00:00:00-08:00",
         "type" : "2"
      }, {
         "color" : "#ed813e",
         "description" : "Customer Advisory Board",
         "end" : "2010-01-25T00:00:00-08:00",
         "eventId" : 147000,
         "name" : "Event",
         "start" : "2010-01-20T00:00:00-08:00",
         "type" : "2"
      }, {
         "color" : "#fbce4a",
         "description" : "Effective Mgmt",
         "end" : "2010-05-09T00:00:00-07:00",
         "eventId" : 147001,
         "name" : "Training",
         "start" : "2010-05-07T00:00:00-07:00",
         "type" : "3"
      }, {
         "color" : "#309fdb",
         "description" : "DEF Inc",
         "end" : "2011-05-24T00:00:00-07:00",
         "eventId" : 147002,
         "name" : "Customer Meeting",
         "start" : "2011-05-19T00:00:00-07:00",
         "type" : "1"
      }, {
         "color" : "#309fdb",
         "description" : "BBB Ltd",
         "end" : "2011-04-12T00:00:00-07:00",
         "eventId" : 147003,
         "name" : "Customer Meeting",
         "start" : "2011-04-09T00:00:00-07:00",
         "type" : "1"
      }, {
         "color" : "#309fdb",
         "description" : "AAA Inc",
         "end" : "2011-12-24T00:00:00-08:00",
         "eventId" : 147004,
         "name" : "Customer Meeting",
         "start" : "2011-12-21T00:00:00-08:00",
         "type" : "1"
      }, {
         "color" : "#81bb5f",
         "description" : "Bereavement",
         "end" : "2011-12-17T00:00:00-08:00",
         "eventId" : 147005,
         "name" : "Time Off",
         "start" : "2011-12-14T00:00:00-08:00",
         "type" : "4"
      }, {
         "color" : "#fbce4a",
         "description" : "ava Development",
         "end" : "2012-01-18T00:00:00-08:00",
         "eventId" : 147006,
         "name" : "Training",
         "start" : "2012-01-15T00:00:00-08:00",
         "type" : "3"
      }, {
         "color" : "#309fdb",
         "description" : "CCC Enterprises",
         "end" : "2012-08-17T00:00:00-07:00",
         "eventId" : 147007,
         "name" : "Customer Meeting",
         "start" : "2012-08-16T00:00:00-07:00",
         "type" : "1"
      } ],
      "colleaguePerfs" : [ {
         "effective" : "2015-10-01T00:00:00-07:00",
         "perfId" : 41470,
         "potential" : 4,
         "rating" : 3
      }, {
         "effective" : "2015-12-03T00:00:00-08:00",
         "perfId" : 41604,
         "potential" : 4,
         "rating" : 4
      }, {
         "effective" : "2015-11-23T00:00:00-08:00",
         "perfId" : 41692,
         "potential" : 3,
         "rating" : 2
      }, {
         "effective" : "2015-08-13T00:00:00-07:00",
         "perfId" : 41814,
         "potential" : 4,
         "rating" : 5
      } ],
      "reports" : [ ]
   }