{
      "empId" : 120,
      "firstName" : "Matthew",
      "lastName" : "Weiss",
      "title" : "Stock Manager",
      "email" : "MWEISS",
      "phone" : "650.123.1234",
      "mobile" : "650.123.1234",
      "address" : "2011 Main Street",
      "city" : "South San Francisco",
      "state" : "California",
      "country" : "US",
      "postal" : "94105",
      "twitter" : "Matthew",
      "facebook" : "Matthew",
      "google" : "Matthew",
      "linkedIn" : "Matthew",
      "hireDate" : "2009-03-01T00:00:00-08:00",
      "compRatio" : 58,
      "salary" : 8000.0,
      "bonus" : 2000.0,
      "commission" : 0.0,
      "rating" : 2,
      "potential" : 5,
      "deptId" : 50,
      "mgrId" : 122,
      "deptName" : "Shipping",
      "mgrFirstName" : "Payam",
      "mgrLastName" : "Kaufling",
      "teamAvgRating" : 3.0,
      "empMeetings" : 0,
      "empEvents" : 0,
      "notifyApproved" : 3,
      "notifyWaiting" : 4,
      "notifyRejected" : 1,
      "groupSize" : 7,
      "groupAvgRating" : 3.2857142857142856,
      "groupAvgPotential" : 3.857142857142857,
      "groupCompRatioAbove" : 0,
      "groupCompRatioIn" : 8,
      "groupCompRatioBelow" : 8,
      "groupMeetings" : 9,
      "groupEvents" : 5,
      "groupTrainings" : 7,
      "groupTimeOff" : 4,
      "comps" : [ {
         "bonus" : 2000,
         "comission" : 0,
         "compId" : 49895,
         "compRatio" : 58,
         "compSalary" : 8000,
         "effective" : "2015-04-13T00:00:00-07:00"
      }, {
         "bonus" : 1880,
         "comission" : 0,
         "compId" : 49896,
         "compRatio" : 92,
         "compSalary" : 7680,
         "effective" : "2014-01-07T00:00:00-08:00"
      }, {
         "bonus" : 1804.8,
         "comission" : 0,
         "compId" : 49897,
         "compRatio" : 95,
         "compSalary" : 7603.2,
         "effective" : "2013-06-23T00:00:00-07:00"
      }, {
         "bonus" : 1750.656,
         "comission" : 0,
         "compId" : 49898,
         "compRatio" : 40,
         "compSalary" : 7375.104,
         "effective" : "2012-09-20T00:00:00-07:00"
      }, {
         "bonus" : 1628.11008,
         "comission" : 0,
         "compId" : 49899,
         "compRatio" : 65,
         "compSalary" : 7227.60192,
         "effective" : "2011-10-15T00:00:00-07:00"
      }, {
         "bonus" : 1481.5801728,
         "comission" : 0,
         "compId" : 49900,
         "compRatio" : 75,
         "compSalary" : 7083.0498816,
         "effective" : "2010-03-21T00:00:00-07:00"
      }, {
         "bonus" : 1377.869560704,
         "comission" : 0,
         "compId" : 49901,
         "compRatio" : 71,
         "compSalary" : 6870.558385152,
         "effective" : "2009-08-26T00:00:00-07:00"
      } ],
      "perfs" : [ {
         "effective" : "2009-04-20T00:00:00-07:00",
         "perfId" : 41636,
         "potential" : 5,
         "rating" : 4
      }, {
         "effective" : "2010-11-25T00:00:00-08:00",
         "perfId" : 41637,
         "potential" : 5,
         "rating" : 5
      }, {
         "effective" : "2011-10-17T00:00:00-07:00",
         "perfId" : 41638,
         "potential" : 5,
         "rating" : 3
      }, {
         "effective" : "2012-07-02T00:00:00-07:00",
         "perfId" : 41639,
         "potential" : 5,
         "rating" : 2
      }, {
         "effective" : "2013-11-25T00:00:00-08:00",
         "perfId" : 41640,
         "potential" : 2,
         "rating" : 3
      }, {
         "effective" : "2014-11-27T00:00:00-08:00",
         "perfId" : 41641,
         "potential" : 3,
         "rating" : 2
      }, {
         "effective" : "2015-04-25T00:00:00-07:00",
         "perfId" : 41642,
         "potential" : 5,
         "rating" : 2
      } ],
      "skills" : [ {
         "empskillassignId" : 80644,
         "empskillassignRating" : 4,
         "skill" : {
            "skill" : "CRM",
            "skillId" : 16
         }
      }, {
         "empskillassignId" : 80645,
         "empskillassignRating" : 5,
         "skill" : {
            "skill" : "Statistics",
            "skillId" : 5
         }
      }, {
         "empskillassignId" : 80646,
         "empskillassignRating" : 5,
         "skill" : {
            "skill" : "Project Planning",
            "skillId" : 11
         }
      }, {
         "empskillassignId" : 80647,
         "empskillassignRating" : 4,
         "skill" : {
            "skill" : "Estimation",
            "skillId" : 23
         }
      }, {
         "empskillassignId" : 80648,
         "empskillassignRating" : 3,
         "skill" : {
            "skill" : "HCM",
            "skillId" : 17
         }
      }, {
         "empskillassignId" : 80649,
         "empskillassignRating" : 4,
         "skill" : {
            "skill" : "Recruiting",
            "skillId" : 13
         }
      }, {
         "empskillassignId" : 80650,
         "empskillassignRating" : 2,
         "skill" : {
            "skill" : "Corporate Tax",
            "skillDescription" : "Corporate Tax",
            "skillId" : 2
         }
      }, {
         "empskillassignId" : 80651,
         "empskillassignRating" : 2,
         "skill" : {
            "skill" : "Human Resources",
            "skillId" : 18
         }
      }, {
         "empskillassignId" : 80652,
         "empskillassignRating" : 4,
         "skill" : {
            "skill" : "Procurement",
            "skillId" : 21
         }
      }, {
         "empskillassignId" : 80653,
         "empskillassignRating" : 3,
         "skill" : {
            "skill" : "Bookeeping",
            "skillDescription" : "Bookeeping",
            "skillId" : 1
         }
      }, {
         "empskillassignId" : 80654,
         "empskillassignRating" : 2,
         "skill" : {
            "skill" : "Analytics",
            "skillId" : 8
         }
      }, {
         "empskillassignId" : 80655,
         "empskillassignRating" : 5,
         "skill" : {
            "skill" : "Javascript",
            "skillId" : 6
         }
      } ],
      "events" : [ {
         "color" : "#fbce4a",
         "description" : "Sales",
         "end" : "2009-04-25T00:00:00-07:00",
         "eventId" : 146849,
         "name" : "Training",
         "start" : "2009-04-23T00:00:00-07:00",
         "type" : "3"
      }, {
         "color" : "#fbce4a",
         "description" : "ava Development",
         "end" : "2009-08-06T00:00:00-07:00",
         "eventId" : 146850,
         "name" : "Training",
         "start" : "2009-08-02T00:00:00-07:00",
         "type" : "3"
      }, {
         "color" : "#fbce4a",
         "description" : "Sales",
         "end" : "2010-12-08T00:00:00-08:00",
         "eventId" : 146851,
         "name" : "Training",
         "start" : "2010-12-06T00:00:00-08:00",
         "type" : "3"
      }, {
         "color" : "#ed813e",
         "description" : "User Group Meetup",
         "end" : "2010-08-19T00:00:00-07:00",
         "eventId" : 146852,
         "name" : "Event",
         "start" : "2010-08-17T00:00:00-07:00",
         "type" : "2"
      }, {
         "color" : "#309fdb",
         "description" : "AAA Inc",
         "end" : "2011-12-13T00:00:00-08:00",
         "eventId" : 146853,
         "name" : "Customer Meeting",
         "start" : "2011-12-12T00:00:00-08:00",
         "type" : "1"
      }, {
         "color" : "#309fdb",
         "description" : "CCC Enterprises",
         "end" : "2011-12-26T00:00:00-08:00",
         "eventId" : 146854,
         "name" : "Customer Meeting",
         "start" : "2011-12-25T00:00:00-08:00",
         "type" : "1"
      }, {
         "color" : "#fbce4a",
         "description" : "Mgr Essentials",
         "end" : "2011-03-19T00:00:00-07:00",
         "eventId" : 146855,
         "name" : "Training",
         "start" : "2011-03-14T00:00:00-07:00",
         "type" : "3"
      }, {
         "color" : "#fbce4a",
         "description" : "Public Speaking",
         "end" : "2011-12-20T00:00:00-08:00",
         "eventId" : 146856,
         "name" : "Training",
         "start" : "2011-12-19T00:00:00-08:00",
         "type" : "3"
      }, {
         "color" : "#81bb5f",
         "description" : "Sick",
         "end" : "2012-07-10T00:00:00-07:00",
         "eventId" : 146857,
         "name" : "Time Off",
         "start" : "2012-07-08T00:00:00-07:00",
         "type" : "4"
      }, {
         "color" : "#ed813e",
         "description" : "Feedback Session",
         "end" : "2012-11-12T00:00:00-08:00",
         "eventId" : 146858,
         "name" : "Event",
         "start" : "2012-11-07T00:00:00-08:00",
         "type" : "2"
      }, {
         "color" : "#fbce4a",
         "description" : "iOS Development",
         "end" : "2013-11-11T00:00:00-08:00",
         "eventId" : 146859,
         "name" : "Training",
         "start" : "2013-11-10T00:00:00-08:00",
         "type" : "3"
      }, {
         "color" : "#81bb5f",
         "description" : "Sick",
         "end" : "2013-06-27T00:00:00-07:00",
         "eventId" : 146860,
         "name" : "Time Off",
         "start" : "2013-06-23T00:00:00-07:00",
         "type" : "4"
      }, {
         "color" : "#ed813e",
         "description" : "Trade Show",
         "end" : "2014-06-16T00:00:00-07:00",
         "eventId" : 146861,
         "name" : "Event",
         "start" : "2014-06-15T00:00:00-07:00",
         "type" : "2"
      }, {
         "color" : "#ed813e",
         "description" : "Sales Convention",
         "end" : "2014-06-28T00:00:00-07:00",
         "eventId" : 146862,
         "name" : "Event",
         "start" : "2014-06-25T00:00:00-07:00",
         "type" : "2"
      }, {
         "color" : "#fbce4a",
         "description" : "Mobility",
         "end" : "2014-04-18T00:00:00-07:00",
         "eventId" : 146863,
         "name" : "Training",
         "start" : "2014-04-16T00:00:00-07:00",
         "type" : "3"
      }, {
         "color" : "#ed813e",
         "description" : "Business Meeting",
         "end" : "2014-06-17T00:00:00-07:00",
         "eventId" : 146864,
         "name" : "Event",
         "start" : "2014-06-15T00:00:00-07:00",
         "type" : "2"
      }, {
         "color" : "#81bb5f",
         "description" : "Sick",
         "end" : "2015-06-04T04:00:04-07:00",
         "eventId" : 146865,
         "name" : "Time Off",
         "start" : "2015-06-02T04:00:04-07:00",
         "type" : "4"
      }, {
         "color" : "#ed813e",
         "description" : "Design Awards",
         "end" : "2015-04-16T04:00:04-07:00",
         "eventId" : 146866,
         "name" : "Event",
         "start" : "2015-04-12T04:00:04-07:00",
         "type" : "2"
      }, {
         "color" : "#fbce4a",
         "description" : "Mobility",
         "end" : "2015-06-09T04:00:04-07:00",
         "eventId" : 146867,
         "name" : "Training",
         "start" : "2015-06-07T04:00:04-07:00",
         "type" : "3"
      } ],
      "colleaguePerfs" : [ {
         "effective" : "2015-05-20T00:00:00-07:00",
         "perfId" : 41313,
         "potential" : 4,
         "rating" : 4
      }, {
         "effective" : "2015-07-23T00:00:00-07:00",
         "perfId" : 41629,
         "potential" : 4,
         "rating" : 3
      }, {
         "effective" : "2015-04-25T00:00:00-07:00",
         "perfId" : 41642,
         "potential" : 5,
         "rating" : 2
      } ],
      "reports" : [ {
         "empId" : 127,
         "firstName" : "James",
         "lastName" : "Landry",
         "title" : "Stock Clerk",
         "email" : "JLANDRY",
         "phone" : "650.124.1334",
         "mobile" : "650.124.1334",
         "address" : "2011 Main Street",
         "city" : "South San Francisco",
         "state" : "California",
         "country" : "US",
         "postal" : "94105",
         "twitter" : "James",
         "facebook" : "James",
         "google" : "James",
         "linkedIn" : "James",
         "hireDate" : "2009-03-01T00:00:00-08:00",
         "compRatio" : 7,
         "salary" : 5400.0,
         "bonus" : 600.0,
         "commission" : 0.0,
         "rating" : 2,
         "potential" : 2,
         "deptId" : 50,
         "mgrId" : 120,
         "deptName" : "Shipping",
         "mgrFirstName" : "Matthew",
         "mgrLastName" : "Weiss",
         "teamAvgRating" : 3.0,
         "empMeetings" : 0,
         "empEvents" : 0,
         "notifyApproved" : 3,
         "notifyWaiting" : 4,
         "notifyRejected" : 1,
         "groupSize" : 1,
         "groupAvgRating" : 2.0,
         "groupAvgPotential" : 2.0,
         "groupCompRatioAbove" : 0,
         "groupCompRatioIn" : 1,
         "groupCompRatioBelow" : 1,
         "groupMeetings" : 1,
         "groupEvents" : 0,
         "groupTrainings" : 1,
         "groupTimeOff" : 0
      }, {
         "empId" : 128,
         "firstName" : "Steven",
         "lastName" : "Markle",
         "title" : "Stock Clerk",
         "email" : "SMARKLE",
         "phone" : "650.124.1434",
         "mobile" : "650.124.1434",
         "address" : "2011 Main Street",
         "city" : "South San Francisco",
         "state" : "California",
         "country" : "US",
         "postal" : "94105",
         "twitter" : "Steven",
         "facebook" : "Steven",
         "google" : "Steven",
         "linkedIn" : "Steven",
         "hireDate" : "2004-09-14T00:00:00-07:00",
         "compRatio" : 25,
         "salary" : 5200.0,
         "bonus" : 550.0,
         "commission" : 0.0,
         "rating" : 5,
         "potential" : 2,
         "deptId" : 50,
         "mgrId" : 120,
         "deptName" : "Shipping",
         "mgrFirstName" : "Matthew",
         "mgrLastName" : "Weiss",
         "teamAvgRating" : 3.0,
         "empMeetings" : 0,
         "empEvents" : 0,
         "notifyApproved" : 3,
         "notifyWaiting" : 4,
         "notifyRejected" : 1,
         "groupSize" : 1,
         "groupAvgRating" : 5.0,
         "groupAvgPotential" : 2.0,
         "groupCompRatioAbove" : 0,
         "groupCompRatioIn" : 1,
         "groupCompRatioBelow" : 1,
         "groupMeetings" : 0,
         "groupEvents" : 0,
         "groupTrainings" : 1,
         "groupTimeOff" : 1
      }, {
         "empId" : 126,
         "firstName" : "Irene",
         "lastName" : "Mikkilineni",
         "title" : "Stock Clerk",
         "email" : "IMIKKILI",
         "phone" : "650.124.1224",
         "mobile" : "650.124.1224",
         "address" : "2011 Main Street",
         "city" : "South San Francisco",
         "state" : "California",
         "country" : "US",
         "postal" : "94105",
         "twitter" : "Irene",
         "facebook" : "Irene",
         "google" : "Irene",
         "linkedIn" : "Irene",
         "hireDate" : "2009-03-01T00:00:00-08:00",
         "compRatio" : 37,
         "salary" : 5700.0,
         "bonus" : 675.0,
         "commission" : 0.0,
         "rating" : 2,
         "potential" : 5,
         "deptId" : 50,
         "mgrId" : 120,
         "deptName" : "Shipping",
         "mgrFirstName" : "Matthew",
         "mgrLastName" : "Weiss",
         "teamAvgRating" : 3.0,
         "empMeetings" : 0,
         "empEvents" : 0,
         "notifyApproved" : 3,
         "notifyWaiting" : 4,
         "notifyRejected" : 1,
         "groupSize" : 1,
         "groupAvgRating" : 2.0,
         "groupAvgPotential" : 5.0,
         "groupCompRatioAbove" : 0,
         "groupCompRatioIn" : 1,
         "groupCompRatioBelow" : 1,
         "groupMeetings" : 2,
         "groupEvents" : 0,
         "groupTrainings" : 0,
         "groupTimeOff" : 1
      }, {
         "empId" : 125,
         "firstName" : "Julia",
         "lastName" : "Nayer",
         "title" : "Stock Clerk",
         "email" : "JNAYER",
         "phone" : "650.124.1214",
         "mobile" : "650.124.1214",
         "address" : "2011 Main Street",
         "city" : "South San Francisco",
         "state" : "California",
         "country" : "US",
         "postal" : "94105",
         "twitter" : "Julia",
         "facebook" : "Julia",
         "google" : "Julia",
         "linkedIn" : "Julia",
         "hireDate" : "2008-02-14T00:00:00-08:00",
         "compRatio" : 52,
         "salary" : 6200.0,
         "bonus" : 800.0,
         "commission" : 0.0,
         "rating" : 3,
         "potential" : 2,
         "deptId" : 50,
         "mgrId" : 120,
         "deptName" : "Shipping",
         "mgrFirstName" : "Matthew",
         "mgrLastName" : "Weiss",
         "teamAvgRating" : 3.0,
         "empMeetings" : 0,
         "empEvents" : 0,
         "notifyApproved" : 3,
         "notifyWaiting" : 4,
         "notifyRejected" : 1,
         "groupSize" : 1,
         "groupAvgRating" : 3.0,
         "groupAvgPotential" : 2.0,
         "groupCompRatioAbove" : 0,
         "groupCompRatioIn" : 1,
         "groupCompRatioBelow" : 1,
         "groupMeetings" : 1,
         "groupEvents" : 1,
         "groupTrainings" : 2,
         "groupTimeOff" : 0
      }, {
         "empId" : 182,
         "firstName" : "Martha",
         "lastName" : "Sullivan",
         "title" : "Shipping Clerk",
         "email" : "MSULLIVA",
         "phone" : "650.507.9878",
         "mobile" : "650.507.9878",
         "address" : "2011 Main Street",
         "city" : "South San Francisco",
         "state" : "California",
         "country" : "US",
         "postal" : "94105",
         "twitter" : "Martha",
         "facebook" : "Martha",
         "google" : "Martha",
         "linkedIn" : "Martha",
         "hireDate" : "2009-03-01T00:00:00-08:00",
         "compRatio" : 58,
         "salary" : 5500.0,
         "bonus" : 625.0,
         "commission" : 0.0,
         "rating" : 2,
         "potential" : 2,
         "deptId" : 50,
         "mgrId" : 120,
         "deptName" : "Shipping",
         "mgrFirstName" : "Matthew",
         "mgrLastName" : "Weiss",
         "teamAvgRating" : 3.0,
         "empMeetings" : 0,
         "empEvents" : 0,
         "notifyApproved" : 3,
         "notifyWaiting" : 4,
         "notifyRejected" : 1,
         "groupSize" : 1,
         "groupAvgRating" : 2.0,
         "groupAvgPotential" : 2.0,
         "groupCompRatioAbove" : 0,
         "groupCompRatioIn" : 1,
         "groupCompRatioBelow" : 1,
         "groupMeetings" : 3,
         "groupEvents" : 0,
         "groupTrainings" : 0,
         "groupTimeOff" : 1
      }, {
         "empId" : 180,
         "firstName" : "Winston",
         "lastName" : "Taylor",
         "title" : "Shipping Clerk",
         "email" : "WTAYLOR",
         "phone" : "650.507.9876",
         "mobile" : "650.507.9876",
         "address" : "2011 Main Street",
         "city" : "South San Francisco",
         "state" : "California",
         "country" : "US",
         "postal" : "94105",
         "twitter" : "Winston",
         "facebook" : "Winston",
         "google" : "Winston",
         "linkedIn" : "Winston",
         "hireDate" : "2010-01-01T00:00:00-08:00",
         "compRatio" : 84,
         "salary" : 6200.0,
         "bonus" : 800.0,
         "commission" : 0.0,
         "rating" : 3,
         "potential" : 5,
         "deptId" : 50,
         "mgrId" : 120,
         "deptName" : "Shipping",
         "mgrFirstName" : "Matthew",
         "mgrLastName" : "Weiss",
         "teamAvgRating" : 3.0,
         "empMeetings" : 0,
         "empEvents" : 0,
         "notifyApproved" : 3,
         "notifyWaiting" : 4,
         "notifyRejected" : 1,
         "groupSize" : 1,
         "groupAvgRating" : 3.0,
         "groupAvgPotential" : 5.0,
         "groupCompRatioAbove" : 0,
         "groupCompRatioIn" : 1,
         "groupCompRatioBelow" : 1,
         "groupMeetings" : 2,
         "groupEvents" : 1,
         "groupTrainings" : 1,
         "groupTimeOff" : 0
      }, {
         "empId" : 183,
         "firstName" : "Girard",
         "lastName" : "Geoni",
         "title" : "Shipping Clerk",
         "email" : "GGEONI",
         "phone" : "650.507.9879",
         "mobile" : "650.507.9879",
         "address" : "2011 Main Street",
         "city" : "South San Francisco",
         "state" : "California",
         "country" : "US",
         "postal" : "94105",
         "twitter" : "Girard",
         "facebook" : "Girard",
         "google" : "Girard",
         "linkedIn" : "Girard",
         "hireDate" : "2009-03-01T00:00:00-08:00",
         "compRatio" : 89,
         "salary" : 5800.0,
         "bonus" : 700.0,
         "commission" : 0.0,
         "rating" : 4,
         "potential" : 4,
         "deptId" : 50,
         "mgrId" : 120,
         "deptName" : "Shipping",
         "mgrFirstName" : "Matthew",
         "mgrLastName" : "Weiss",
         "teamAvgRating" : 3.0,
         "empMeetings" : 0,
         "empEvents" : 0,
         "notifyApproved" : 3,
         "notifyWaiting" : 4,
         "notifyRejected" : 1,
         "groupSize" : 1,
         "groupAvgRating" : 4.0,
         "groupAvgPotential" : 4.0,
         "groupCompRatioAbove" : 0,
         "groupCompRatioIn" : 1,
         "groupCompRatioBelow" : 1,
         "groupMeetings" : 0,
         "groupEvents" : 2,
         "groupTrainings" : 1,
         "groupTimeOff" : 0
      } ]
   }