{
      "empId" : 189,
      "firstName" : "Jennifer",
      "lastName" : "Dilly",
      "title" : "Human Resources Representative",
      "email" : "JDILLY",
      "phone" : "650.505.2876",
      "mobile" : "650.505.2876",
      "address" : "2011 Main Street",
      "city" : "South San Francisco",
      "state" : "California",
      "country" : "US",
      "postal" : "94105",
      "twitter" : "Jennifer",
      "facebook" : "Jennifer",
      "google" : "Jennifer",
      "linkedIn" : "Jennifer",
      "hireDate" : "2009-03-01T00:00:00-08:00",
      "compRatio" : 5,
      "salary" : 6600.0,
      "bonus" : 900.0,
      "commission" : 0.0,
      "rating" : 5,
      "potential" : 4,
      "deptId" : 40,
      "mgrId" : 203,
      "deptName" : "Human Resources",
      "mgrFirstName" : "Susan",
      "mgrLastName" : "Mavris",
      "teamAvgRating" : 3.5714285714285716,
      "empMeetings" : 0,
      "empEvents" : 0,
      "notifyApproved" : 3,
      "notifyWaiting" : 4,
      "notifyRejected" : 1,
      "groupSize" : 1,
      "groupAvgRating" : 5.0,
      "groupAvgPotential" : 4.0,
      "groupCompRatioAbove" : 0,
      "groupCompRatioIn" : 1,
      "groupCompRatioBelow" : 1,
      "groupMeetings" : 1,
      "groupEvents" : 1,
      "groupTrainings" : 0,
      "groupTimeOff" : 0,
      "comps" : [ {
         "bonus" : 900,
         "comission" : 0,
         "compId" : 50111,
         "compRatio" : 5,
         "compSalary" : 6600,
         "effective" : "2015-01-08T00:00:00-08:00"
      }, {
         "bonus" : 873,
         "comission" : 0,
         "compId" : 50112,
         "compRatio" : 80,
         "compSalary" : 6336,
         "effective" : "2014-10-27T00:00:00-07:00"
      }, {
         "bonus" : 794.43,
         "comission" : 0,
         "compId" : 50113,
         "compRatio" : 9,
         "compSalary" : 6145.92,
         "effective" : "2013-01-04T00:00:00-08:00"
      }, {
         "bonus" : 770.5971,
         "comission" : 0,
         "compId" : 50114,
         "compRatio" : 73,
         "compSalary" : 6084.4608,
         "effective" : "2012-05-23T00:00:00-07:00"
      }, {
         "bonus" : 693.53739,
         "comission" : 0,
         "compId" : 50115,
         "compRatio" : 95,
         "compSalary" : 5901.926976,
         "effective" : "2011-04-03T00:00:00-07:00"
      }, {
         "bonus" : 658.8605205,
         "comission" : 0,
         "compId" : 50116,
         "compRatio" : 53,
         "compSalary" : 5606.8306272,
         "effective" : "2010-09-10T00:00:00-07:00"
      }, {
         "bonus" : 639.094704885,
         "comission" : 0,
         "compId" : 50117,
         "compRatio" : 26,
         "compSalary" : 5382.557402112,
         "effective" : "2009-03-24T00:00:00-07:00"
      } ],
      "perfs" : [ {
         "effective" : "2009-02-11T00:00:00-08:00",
         "perfId" : 41852,
         "potential" : 5,
         "rating" : 4
      }, {
         "effective" : "2010-07-01T00:00:00-07:00",
         "perfId" : 41853,
         "potential" : 5,
         "rating" : 3
      }, {
         "effective" : "2011-12-05T00:00:00-08:00",
         "perfId" : 41854,
         "potential" : 4,
         "rating" : 3
      }, {
         "effective" : "2012-12-12T00:00:00-08:00",
         "perfId" : 41855,
         "potential" : 5,
         "rating" : 2
      }, {
         "effective" : "2013-11-15T00:00:00-08:00",
         "perfId" : 41856,
         "potential" : 3,
         "rating" : 4
      }, {
         "effective" : "2014-07-27T00:00:00-07:00",
         "perfId" : 41857,
         "potential" : 2,
         "rating" : 2
      }, {
         "effective" : "2015-01-23T00:00:00-08:00",
         "perfId" : 41858,
         "potential" : 4,
         "rating" : 5
      } ],
      "skills" : [ {
         "empskillassignId" : 80957,
         "empskillassignRating" : 1,
         "skill" : {
            "skill" : "Bookeeping",
            "skillDescription" : "Bookeeping",
            "skillId" : 1
         }
      }, {
         "empskillassignId" : 80958,
         "empskillassignRating" : 2,
         "skill" : {
            "skill" : "Testing",
            "skillId" : 9
         }
      }, {
         "empskillassignId" : 80959,
         "empskillassignRating" : 4,
         "skill" : {
            "skill" : "Procurement",
            "skillId" : 21
         }
      }, {
         "empskillassignId" : 80960,
         "empskillassignRating" : 5,
         "skill" : {
            "skill" : "Javascript",
            "skillId" : 6
         }
      }, {
         "empskillassignId" : 80961,
         "empskillassignRating" : 1,
         "skill" : {
            "skill" : "Budgeting",
            "skillId" : 25
         }
      }, {
         "empskillassignId" : 80962,
         "empskillassignRating" : 1,
         "skill" : {
            "skill" : "Analytics",
            "skillId" : 8
         }
      }, {
         "empskillassignId" : 80963,
         "empskillassignRating" : 4,
         "skill" : {
            "skill" : "Management",
            "skillId" : 14
         }
      }, {
         "empskillassignId" : 80964,
         "empskillassignRating" : 2,
         "skill" : {
            "skill" : "Strategy",
            "skillId" : 22
         }
      }, {
         "empskillassignId" : 80965,
         "empskillassignRating" : 4,
         "skill" : {
            "skill" : "Financials",
            "skillId" : 15
         }
      }, {
         "empskillassignId" : 80966,
         "empskillassignRating" : 2,
         "skill" : {
            "skill" : "Outsourcing",
            "skillId" : 20
         }
      }, {
         "empskillassignId" : 80967,
         "empskillassignRating" : 3,
         "skill" : {
            "skill" : "HCM",
            "skillId" : 17
         }
      }, {
         "empskillassignId" : 80968,
         "empskillassignRating" : 2,
         "skill" : {
            "skill" : "Human Resources",
            "skillId" : 18
         }
      } ],
      "events" : [ {
         "color" : "#81bb5f",
         "description" : "Vacation",
         "end" : "2009-07-15T00:00:00-07:00",
         "eventId" : 147514,
         "name" : "Time Off",
         "start" : "2009-07-10T00:00:00-07:00",
         "type" : "4"
      }, {
         "color" : "#ed813e",
         "description" : "Design Awards",
         "end" : "2009-04-06T00:00:00-07:00",
         "eventId" : 147515,
         "name" : "Event",
         "start" : "2009-04-04T00:00:00-07:00",
         "type" : "2"
      }, {
         "color" : "#81bb5f",
         "description" : "Vacation",
         "end" : "2009-10-26T00:00:00-07:00",
         "eventId" : 147516,
         "name" : "Time Off",
         "start" : "2009-10-25T00:00:00-07:00",
         "type" : "4"
      }, {
         "color" : "#309fdb",
         "description" : "ABC LLC",
         "end" : "2009-12-28T00:00:00-08:00",
         "eventId" : 147517,
         "name" : "Customer Meeting",
         "start" : "2009-12-27T00:00:00-08:00",
         "type" : "1"
      }, {
         "color" : "#81bb5f",
         "description" : "Bereavement",
         "end" : "2010-05-13T00:00:00-07:00",
         "eventId" : 147518,
         "name" : "Time Off",
         "start" : "2010-05-10T00:00:00-07:00",
         "type" : "4"
      }, {
         "color" : "#309fdb",
         "description" : "CCC Enterprises",
         "end" : "2010-10-06T00:00:00-07:00",
         "eventId" : 147519,
         "name" : "Customer Meeting",
         "start" : "2010-10-01T00:00:00-07:00",
         "type" : "1"
      }, {
         "color" : "#309fdb",
         "description" : "XYZ Systems",
         "end" : "2010-03-20T00:00:00-07:00",
         "eventId" : 147520,
         "name" : "Customer Meeting",
         "start" : "2010-03-16T00:00:00-07:00",
         "type" : "1"
      }, {
         "color" : "#309fdb",
         "description" : "AAA Inc",
         "end" : "2010-11-22T00:00:00-08:00",
         "eventId" : 147521,
         "name" : "Customer Meeting",
         "start" : "2010-11-21T00:00:00-08:00",
         "type" : "1"
      }, {
         "color" : "#81bb5f",
         "description" : "Sick",
         "end" : "2011-05-14T00:00:00-07:00",
         "eventId" : 147522,
         "name" : "Time Off",
         "start" : "2011-05-13T00:00:00-07:00",
         "type" : "4"
      }, {
         "color" : "#81bb5f",
         "description" : "Sick",
         "end" : "2011-06-06T00:00:00-07:00",
         "eventId" : 147523,
         "name" : "Time Off",
         "start" : "2011-06-05T00:00:00-07:00",
         "type" : "4"
      }, {
         "color" : "#fbce4a",
         "description" : "Sexual Harrassment",
         "end" : "2012-03-25T00:00:00-07:00",
         "eventId" : 147524,
         "name" : "Training",
         "start" : "2012-03-22T00:00:00-07:00",
         "type" : "3"
      }, {
         "color" : "#309fdb",
         "description" : "ABC LLC",
         "end" : "2012-04-18T00:00:00-07:00",
         "eventId" : 147525,
         "name" : "Customer Meeting",
         "start" : "2012-04-15T00:00:00-07:00",
         "type" : "1"
      }, {
         "color" : "#309fdb",
         "description" : "BBB Ltd",
         "end" : "2012-06-24T00:00:00-07:00",
         "eventId" : 147526,
         "name" : "Customer Meeting",
         "start" : "2012-06-19T00:00:00-07:00",
         "type" : "1"
      }, {
         "color" : "#ed813e",
         "description" : "Feedback Session",
         "end" : "2012-12-25T00:00:00-08:00",
         "eventId" : 147527,
         "name" : "Event",
         "start" : "2012-12-23T00:00:00-08:00",
         "type" : "2"
      }, {
         "color" : "#81bb5f",
         "description" : "Vacation",
         "end" : "2013-05-03T00:00:00-07:00",
         "eventId" : 147528,
         "name" : "Time Off",
         "start" : "2013-05-02T00:00:00-07:00",
         "type" : "4"
      }, {
         "color" : "#81bb5f",
         "description" : "Vacation",
         "end" : "2013-03-24T00:00:00-07:00",
         "eventId" : 147529,
         "name" : "Time Off",
         "start" : "2013-03-20T00:00:00-07:00",
         "type" : "4"
      }, {
         "color" : "#fbce4a",
         "description" : "Security",
         "end" : "2013-05-26T00:00:00-07:00",
         "eventId" : 147530,
         "name" : "Training",
         "start" : "2013-05-22T00:00:00-07:00",
         "type" : "3"
      }, {
         "color" : "#fbce4a",
         "description" : "Mobility",
         "end" : "2013-06-27T00:00:00-07:00",
         "eventId" : 147531,
         "name" : "Training",
         "start" : "2013-06-25T00:00:00-07:00",
         "type" : "3"
      }, {
         "color" : "#fbce4a",
         "description" : "Effective Mgmt",
         "end" : "2014-06-24T00:00:00-07:00",
         "eventId" : 147532,
         "name" : "Training",
         "start" : "2014-06-20T00:00:00-07:00",
         "type" : "3"
      }, {
         "color" : "#ed813e",
         "description" : "Sales Convention",
         "end" : "2014-08-22T00:00:00-07:00",
         "eventId" : 147533,
         "name" : "Event",
         "start" : "2014-08-20T00:00:00-07:00",
         "type" : "2"
      }, {
         "color" : "#309fdb",
         "description" : "Bar Inc",
         "end" : "2014-04-23T00:00:00-07:00",
         "eventId" : 147534,
         "name" : "Customer Meeting",
         "start" : "2014-04-21T00:00:00-07:00",
         "type" : "1"
      }, {
         "color" : "#309fdb",
         "description" : "ABC LLC",
         "end" : "2014-10-24T00:00:00-07:00",
         "eventId" : 147535,
         "name" : "Customer Meeting",
         "start" : "2014-10-21T00:00:00-07:00",
         "type" : "1"
      }, {
         "color" : "#ed813e",
         "description" : "Customer Advisory Board",
         "end" : "2015-07-31T04:00:04-07:00",
         "eventId" : 147536,
         "name" : "Event",
         "start" : "2015-07-29T04:00:04-07:00",
         "type" : "2"
      }, {
         "color" : "#309fdb",
         "description" : "Acme Ent",
         "end" : "2015-06-03T04:00:04-07:00",
         "eventId" : 147537,
         "name" : "Customer Meeting",
         "start" : "2015-06-01T04:00:04-07:00",
         "type" : "1"
      } ],
      "colleaguePerfs" : [ {
         "effective" : "2015-05-22T00:00:00-07:00",
         "perfId" : 41457,
         "potential" : 4,
         "rating" : 3
      }, {
         "effective" : "2015-09-26T00:00:00-07:00",
         "perfId" : 41463,
         "potential" : 4,
         "rating" : 4
      }, {
         "effective" : "2015-08-11T00:00:00-07:00",
         "perfId" : 41494,
         "potential" : 3,
         "rating" : 2
      }, {
         "effective" : "2015-05-27T00:00:00-07:00",
         "perfId" : 41820,
         "potential" : 4,
         "rating" : 4
      }, {
         "effective" : "2015-01-23T00:00:00-08:00",
         "perfId" : 41858,
         "potential" : 4,
         "rating" : 5
      }, {
         "effective" : "2015-08-09T00:00:00-07:00",
         "perfId" : 41962,
         "potential" : 5,
         "rating" : 2
      }, {
         "effective" : "2015-02-06T00:00:00-08:00",
         "perfId" : 41968,
         "potential" : 4,
         "rating" : 5
      } ],
      "reports" : [ ]
   }