{
      "empId" : 135,
      "firstName" : "Ki",
      "lastName" : "Gee",
      "title" : "Human Resources Representative",
      "email" : "KGEE",
      "phone" : "650.127.1734",
      "mobile" : "650.127.1734",
      "address" : "2011 Main Street",
      "city" : "South San Francisco",
      "state" : "California",
      "country" : "US",
      "postal" : "94105",
      "twitter" : "Ki",
      "facebook" : "Ki",
      "google" : "Ki",
      "linkedIn" : "Ki",
      "hireDate" : "2010-01-01T00:00:00-08:00",
      "compRatio" : 52,
      "salary" : 6400.0,
      "bonus" : 600.0,
      "commission" : 0.0,
      "rating" : 5,
      "potential" : 4,
      "deptId" : 40,
      "mgrId" : 203,
      "deptName" : "Human Resources",
      "mgrFirstName" : "Susan",
      "mgrLastName" : "Mavris",
      "teamAvgRating" : 3.5714285714285716,
      "empMeetings" : 1,
      "empEvents" : 1,
      "notifyApproved" : 3,
      "notifyWaiting" : 4,
      "notifyRejected" : 1,
      "groupSize" : 1,
      "groupAvgRating" : 5.0,
      "groupAvgPotential" : 4.0,
      "groupCompRatioAbove" : 0,
      "groupCompRatioIn" : 1,
      "groupCompRatioBelow" : 1,
      "groupMeetings" : 2,
      "groupEvents" : 1,
      "groupTrainings" : 0,
      "groupTimeOff" : 0,
      "comps" : [ {
         "bonus" : 600,
         "comission" : 0,
         "compId" : 50222,
         "compRatio" : 52,
         "compSalary" : 6400,
         "effective" : "2015-08-09T00:00:00-07:00"
      }, {
         "bonus" : 576,
         "comission" : 0,
         "compId" : 50223,
         "compRatio" : 114,
         "compSalary" : 6144,
         "effective" : "2014-09-19T00:00:00-07:00"
      }, {
         "bonus" : 558.72,
         "comission" : 0,
         "compId" : 50224,
         "compRatio" : 83,
         "compSalary" : 5836.8,
         "effective" : "2013-10-17T00:00:00-07:00"
      }, {
         "bonus" : 553.1328,
         "comission" : 0,
         "compId" : 50225,
         "compRatio" : 13,
         "compSalary" : 5603.328,
         "effective" : "2012-01-15T00:00:00-08:00"
      }, {
         "bonus" : 503.350848,
         "comission" : 0,
         "compId" : 50226,
         "compRatio" : 42,
         "compSalary" : 5435.22816,
         "effective" : "2011-04-09T00:00:00-07:00"
      }, {
         "bonus" : 488.25032256,
         "comission" : 0,
         "compId" : 50227,
         "compRatio" : 42,
         "compSalary" : 5163.466752,
         "effective" : "2010-09-24T00:00:00-07:00"
      } ],
      "perfs" : [ {
         "effective" : "2010-06-19T00:00:00-07:00",
         "perfId" : 41963,
         "potential" : 3,
         "rating" : 5
      }, {
         "effective" : "2011-01-11T00:00:00-08:00",
         "perfId" : 41964,
         "potential" : 3,
         "rating" : 4
      }, {
         "effective" : "2012-05-26T00:00:00-07:00",
         "perfId" : 41965,
         "potential" : 4,
         "rating" : 4
      }, {
         "effective" : "2013-10-25T00:00:00-07:00",
         "perfId" : 41966,
         "potential" : 3,
         "rating" : 2
      }, {
         "effective" : "2014-03-01T00:00:00-08:00",
         "perfId" : 41967,
         "potential" : 5,
         "rating" : 4
      }, {
         "effective" : "2015-02-06T00:00:00-08:00",
         "perfId" : 41968,
         "potential" : 4,
         "rating" : 5
      } ],
      "skills" : [ {
         "empskillassignId" : 81111,
         "empskillassignRating" : 4,
         "skill" : {
            "skill" : "Acquistions",
            "skillId" : 10
         }
      }, {
         "empskillassignId" : 81112,
         "empskillassignRating" : 1,
         "skill" : {
            "skill" : "Recruiting",
            "skillId" : 13
         }
      }, {
         "empskillassignId" : 81113,
         "empskillassignRating" : 5,
         "skill" : {
            "skill" : "Estimation",
            "skillId" : 23
         }
      }, {
         "empskillassignId" : 81114,
         "empskillassignRating" : 2,
         "skill" : {
            "skill" : "Management",
            "skillId" : 14
         }
      }, {
         "empskillassignId" : 81115,
         "empskillassignRating" : 5,
         "skill" : {
            "skill" : "Bookeeping",
            "skillDescription" : "Bookeeping",
            "skillId" : 1
         }
      } ],
      "events" : [ {
         "color" : "#ed813e",
         "description" : "Business Meeting",
         "end" : "2010-08-07T00:00:00-07:00",
         "eventId" : 147850,
         "name" : "Event",
         "start" : "2010-08-05T00:00:00-07:00",
         "type" : "2"
      }, {
         "color" : "#309fdb",
         "description" : "DEF Inc",
         "end" : "2010-01-04T00:00:00-08:00",
         "eventId" : 147851,
         "name" : "Customer Meeting",
         "start" : "2010-01-03T00:00:00-08:00",
         "type" : "1"
      }, {
         "color" : "#81bb5f",
         "description" : "Vacation",
         "end" : "2010-12-13T00:00:00-08:00",
         "eventId" : 147852,
         "name" : "Time Off",
         "start" : "2010-12-10T00:00:00-08:00",
         "type" : "4"
      }, {
         "color" : "#ed813e",
         "description" : "Trade Show",
         "end" : "2011-12-26T00:00:00-08:00",
         "eventId" : 147853,
         "name" : "Event",
         "start" : "2011-12-21T00:00:00-08:00",
         "type" : "2"
      }, {
         "color" : "#ed813e",
         "description" : "StockHolder's Meeting",
         "end" : "2011-09-05T00:00:00-07:00",
         "eventId" : 147854,
         "name" : "Event",
         "start" : "2011-09-03T00:00:00-07:00",
         "type" : "2"
      }, {
         "color" : "#309fdb",
         "description" : "Oracle",
         "end" : "2012-12-15T00:00:00-08:00",
         "eventId" : 147855,
         "name" : "Customer Meeting",
         "start" : "2012-12-14T00:00:00-08:00",
         "type" : "1"
      }, {
         "color" : "#309fdb",
         "description" : "Oracle",
         "end" : "2012-03-13T00:00:00-07:00",
         "eventId" : 147856,
         "name" : "Customer Meeting",
         "start" : "2012-03-09T00:00:00-08:00",
         "type" : "1"
      }, {
         "color" : "#fbce4a",
         "description" : "Security",
         "end" : "2013-10-21T00:00:00-07:00",
         "eventId" : 147857,
         "name" : "Training",
         "start" : "2013-10-20T00:00:00-07:00",
         "type" : "3"
      }, {
         "color" : "#309fdb",
         "description" : "Bar Inc",
         "end" : "2013-10-09T00:00:00-07:00",
         "eventId" : 147858,
         "name" : "Customer Meeting",
         "start" : "2013-10-04T00:00:00-07:00",
         "type" : "1"
      }, {
         "color" : "#81bb5f",
         "description" : "Sick",
         "end" : "2014-05-31T00:00:00-07:00",
         "eventId" : 147859,
         "name" : "Time Off",
         "start" : "2014-05-27T00:00:00-07:00",
         "type" : "4"
      }, {
         "color" : "#ed813e",
         "description" : "Winner's Circle",
         "end" : "2014-02-23T00:00:00-08:00",
         "eventId" : 147860,
         "name" : "Event",
         "start" : "2014-02-21T00:00:00-08:00",
         "type" : "2"
      }, {
         "color" : "#fbce4a",
         "description" : "Sexual Harrassment",
         "end" : "2014-05-05T00:00:00-07:00",
         "eventId" : 147861,
         "name" : "Training",
         "start" : "2014-05-04T00:00:00-07:00",
         "type" : "3"
      }, {
         "color" : "#309fdb",
         "description" : "AAA Inc",
         "end" : "2015-06-23T04:00:04-07:00",
         "eventId" : 147862,
         "name" : "Customer Meeting",
         "start" : "2015-06-20T04:00:04-07:00",
         "type" : "1"
      }, {
         "color" : "#ed813e",
         "description" : "Trade Show",
         "end" : "2015-05-03T04:00:04-07:00",
         "eventId" : 147863,
         "name" : "Event",
         "start" : "2015-04-28T04:00:04-07:00",
         "type" : "2"
      }, {
         "color" : "#309fdb",
         "description" : "DEF Inc",
         "end" : "2015-05-02T04:00:04-07:00",
         "eventId" : 147864,
         "name" : "Customer Meeting",
         "start" : "2015-05-01T04:00:04-07:00",
         "type" : "1"
      } ],
      "colleaguePerfs" : [ {
         "effective" : "2015-05-22T00:00:00-07:00",
         "perfId" : 41457,
         "potential" : 4,
         "rating" : 3
      }, {
         "effective" : "2015-09-26T00:00:00-07:00",
         "perfId" : 41463,
         "potential" : 4,
         "rating" : 4
      }, {
         "effective" : "2015-08-11T00:00:00-07:00",
         "perfId" : 41494,
         "potential" : 3,
         "rating" : 2
      }, {
         "effective" : "2015-05-27T00:00:00-07:00",
         "perfId" : 41820,
         "potential" : 4,
         "rating" : 4
      }, {
         "effective" : "2015-01-23T00:00:00-08:00",
         "perfId" : 41858,
         "potential" : 4,
         "rating" : 5
      }, {
         "effective" : "2015-08-09T00:00:00-07:00",
         "perfId" : 41962,
         "potential" : 5,
         "rating" : 2
      }, {
         "effective" : "2015-02-06T00:00:00-08:00",
         "perfId" : 41968,
         "potential" : 4,
         "rating" : 5
      } ],
      "reports" : [ ]
   }