{
      "empId" : 188,
      "firstName" : "Kelly",
      "lastName" : "Chung",
      "title" : "Human Resources Representative",
      "email" : "KCHUNG",
      "phone" : "650.505.1876",
      "mobile" : "650.505.1876",
      "address" : "2011 Main Street",
      "city" : "South San Francisco",
      "state" : "California",
      "country" : "US",
      "postal" : "94105",
      "twitter" : "Kelly",
      "facebook" : "Kelly",
      "google" : "Kelly",
      "linkedIn" : "Kelly",
      "hireDate" : "2010-01-01T00:00:00-08:00",
      "compRatio" : 77,
      "salary" : 6800.0,
      "bonus" : 950.0,
      "commission" : 0.0,
      "rating" : 4,
      "potential" : 4,
      "deptId" : 40,
      "mgrId" : 203,
      "deptName" : "Human Resources",
      "mgrFirstName" : "Susan",
      "mgrLastName" : "Mavris",
      "teamAvgRating" : 3.5714285714285716,
      "empMeetings" : 0,
      "empEvents" : 0,
      "notifyApproved" : 3,
      "notifyWaiting" : 4,
      "notifyRejected" : 1,
      "groupSize" : 1,
      "groupAvgRating" : 4.0,
      "groupAvgPotential" : 4.0,
      "groupCompRatioAbove" : 0,
      "groupCompRatioIn" : 1,
      "groupCompRatioBelow" : 1,
      "groupMeetings" : 1,
      "groupEvents" : 0,
      "groupTrainings" : 1,
      "groupTimeOff" : 0,
      "comps" : [ {
         "bonus" : 950,
         "comission" : 0,
         "compId" : 50074,
         "compRatio" : 77,
         "compSalary" : 6800,
         "effective" : "2015-04-25T00:00:00-07:00"
      }, {
         "bonus" : 874,
         "comission" : 0,
         "compId" : 50075,
         "compRatio" : 115,
         "compSalary" : 6528,
         "effective" : "2014-03-13T00:00:00-07:00"
      }, {
         "bonus" : 821.56,
         "comission" : 0,
         "compId" : 50076,
         "compRatio" : 49,
         "compSalary" : 6266.88,
         "effective" : "2013-01-24T00:00:00-08:00"
      }, {
         "bonus" : 788.6976,
         "comission" : 0,
         "compId" : 50077,
         "compRatio" : 92,
         "compSalary" : 6078.8736,
         "effective" : "2012-10-16T00:00:00-07:00"
      }, {
         "bonus" : 749.26272,
         "comission" : 0,
         "compId" : 50078,
         "compRatio" : 66,
         "compSalary" : 5835.718656,
         "effective" : "2011-04-24T00:00:00-07:00"
      }, {
         "bonus" : 681.8290752,
         "comission" : 0,
         "compId" : 50079,
         "compRatio" : 80,
         "compSalary" : 5602.28990976,
         "effective" : "2010-08-22T00:00:00-07:00"
      } ],
      "perfs" : [ {
         "effective" : "2010-10-13T00:00:00-07:00",
         "perfId" : 41815,
         "potential" : 2,
         "rating" : 3
      }, {
         "effective" : "2011-05-07T00:00:00-07:00",
         "perfId" : 41816,
         "potential" : 2,
         "rating" : 4
      }, {
         "effective" : "2012-10-14T00:00:00-07:00",
         "perfId" : 41817,
         "potential" : 4,
         "rating" : 2
      }, {
         "effective" : "2013-07-16T00:00:00-07:00",
         "perfId" : 41818,
         "potential" : 5,
         "rating" : 4
      }, {
         "effective" : "2014-06-25T00:00:00-07:00",
         "perfId" : 41819,
         "potential" : 5,
         "rating" : 2
      }, {
         "effective" : "2015-05-27T00:00:00-07:00",
         "perfId" : 41820,
         "potential" : 4,
         "rating" : 4
      } ],
      "skills" : [ {
         "empskillassignId" : 80898,
         "empskillassignRating" : 2,
         "skill" : {
            "skill" : "Management",
            "skillId" : 14
         }
      }, {
         "empskillassignId" : 80899,
         "empskillassignRating" : 2,
         "skill" : {
            "skill" : "Word",
            "skillId" : 4
         }
      }, {
         "empskillassignId" : 80900,
         "empskillassignRating" : 5,
         "skill" : {
            "skill" : "Estimation",
            "skillId" : 23
         }
      }, {
         "empskillassignId" : 80901,
         "empskillassignRating" : 2,
         "skill" : {
            "skill" : "Statistics",
            "skillId" : 5
         }
      }, {
         "empskillassignId" : 80902,
         "empskillassignRating" : 4,
         "skill" : {
            "skill" : "Strategy",
            "skillId" : 22
         }
      }, {
         "empskillassignId" : 80903,
         "empskillassignRating" : 4,
         "skill" : {
            "skill" : "Acquistions",
            "skillId" : 10
         }
      }, {
         "empskillassignId" : 80904,
         "empskillassignRating" : 5,
         "skill" : {
            "skill" : "Human Resources",
            "skillId" : 18
         }
      }, {
         "empskillassignId" : 80905,
         "empskillassignRating" : 2,
         "skill" : {
            "skill" : "Javascript",
            "skillId" : 6
         }
      }, {
         "empskillassignId" : 80906,
         "empskillassignRating" : 2,
         "skill" : {
            "skill" : "Outsourcing",
            "skillId" : 20
         }
      }, {
         "empskillassignId" : 80907,
         "empskillassignRating" : 5,
         "skill" : {
            "skill" : "Java",
            "skillId" : 7
         }
      } ],
      "events" : [ {
         "color" : "#309fdb",
         "description" : "AAA Inc",
         "end" : "2010-10-17T00:00:00-07:00",
         "eventId" : 147397,
         "name" : "Customer Meeting",
         "start" : "2010-10-15T00:00:00-07:00",
         "type" : "1"
      }, {
         "color" : "#309fdb",
         "description" : "ABC LLC",
         "end" : "2010-12-06T00:00:00-08:00",
         "eventId" : 147398,
         "name" : "Customer Meeting",
         "start" : "2010-12-03T00:00:00-08:00",
         "type" : "1"
      }, {
         "color" : "#fbce4a",
         "description" : "ava Development",
         "end" : "2010-11-04T00:00:00-07:00",
         "eventId" : 147399,
         "name" : "Training",
         "start" : "2010-11-01T00:00:00-07:00",
         "type" : "3"
      }, {
         "color" : "#fbce4a",
         "description" : "Ethics",
         "end" : "2011-05-15T00:00:00-07:00",
         "eventId" : 147400,
         "name" : "Training",
         "start" : "2011-05-12T00:00:00-07:00",
         "type" : "3"
      }, {
         "color" : "#fbce4a",
         "description" : "ava Development",
         "end" : "2011-11-25T00:00:00-08:00",
         "eventId" : 147401,
         "name" : "Training",
         "start" : "2011-11-21T00:00:00-08:00",
         "type" : "3"
      }, {
         "color" : "#ed813e",
         "description" : "StockHolder's Meeting",
         "end" : "2011-07-08T00:00:00-07:00",
         "eventId" : 147402,
         "name" : "Event",
         "start" : "2011-07-04T00:00:00-07:00",
         "type" : "2"
      }, {
         "color" : "#81bb5f",
         "description" : "Vacation",
         "end" : "2012-05-05T00:00:00-07:00",
         "eventId" : 147403,
         "name" : "Time Off",
         "start" : "2012-05-02T00:00:00-07:00",
         "type" : "4"
      }, {
         "color" : "#309fdb",
         "description" : "XYZ Systems",
         "end" : "2012-01-30T00:00:00-08:00",
         "eventId" : 147404,
         "name" : "Customer Meeting",
         "start" : "2012-01-25T00:00:00-08:00",
         "type" : "1"
      }, {
         "color" : "#fbce4a",
         "description" : "Public Speaking",
         "end" : "2013-07-16T00:00:00-07:00",
         "eventId" : 147405,
         "name" : "Training",
         "start" : "2013-07-15T00:00:00-07:00",
         "type" : "3"
      }, {
         "color" : "#fbce4a",
         "description" : "ava Development",
         "end" : "2013-01-22T00:00:00-08:00",
         "eventId" : 147406,
         "name" : "Training",
         "start" : "2013-01-18T00:00:00-08:00",
         "type" : "3"
      }, {
         "color" : "#309fdb",
         "description" : "Oracle",
         "end" : "2013-12-03T00:00:00-08:00",
         "eventId" : 147407,
         "name" : "Customer Meeting",
         "start" : "2013-12-01T00:00:00-08:00",
         "type" : "1"
      }, {
         "color" : "#309fdb",
         "description" : "ABC LLC",
         "end" : "2013-03-14T00:00:00-07:00",
         "eventId" : 147408,
         "name" : "Customer Meeting",
         "start" : "2013-03-13T00:00:00-07:00",
         "type" : "1"
      }, {
         "color" : "#81bb5f",
         "description" : "Vacation",
         "end" : "2014-08-12T00:00:00-07:00",
         "eventId" : 147409,
         "name" : "Time Off",
         "start" : "2014-08-11T00:00:00-07:00",
         "type" : "4"
      }, {
         "color" : "#fbce4a",
         "description" : "Effective Mgmt",
         "end" : "2014-06-07T00:00:00-07:00",
         "eventId" : 147410,
         "name" : "Training",
         "start" : "2014-06-05T00:00:00-07:00",
         "type" : "3"
      }, {
         "color" : "#309fdb",
         "description" : "Oracle",
         "end" : "2014-03-04T00:00:00-08:00",
         "eventId" : 147411,
         "name" : "Customer Meeting",
         "start" : "2014-03-03T00:00:00-08:00",
         "type" : "1"
      }, {
         "color" : "#ed813e",
         "description" : "Sales Convention",
         "end" : "2014-06-09T00:00:00-07:00",
         "eventId" : 147412,
         "name" : "Event",
         "start" : "2014-06-07T00:00:00-07:00",
         "type" : "2"
      }, {
         "color" : "#309fdb",
         "description" : "Foo Ltd",
         "end" : "2015-07-28T04:00:04-07:00",
         "eventId" : 147413,
         "name" : "Customer Meeting",
         "start" : "2015-07-25T04:00:04-07:00",
         "type" : "1"
      }, {
         "color" : "#fbce4a",
         "description" : "Effective Mgmt",
         "end" : "2015-07-11T04:00:04-07:00",
         "eventId" : 147414,
         "name" : "Training",
         "start" : "2015-07-08T04:00:04-07:00",
         "type" : "3"
      } ],
      "colleaguePerfs" : [ {
         "effective" : "2015-05-22T00:00:00-07:00",
         "perfId" : 41457,
         "potential" : 4,
         "rating" : 3
      }, {
         "effective" : "2015-09-26T00:00:00-07:00",
         "perfId" : 41463,
         "potential" : 4,
         "rating" : 4
      }, {
         "effective" : "2015-08-11T00:00:00-07:00",
         "perfId" : 41494,
         "potential" : 3,
         "rating" : 2
      }, {
         "effective" : "2015-05-27T00:00:00-07:00",
         "perfId" : 41820,
         "potential" : 4,
         "rating" : 4
      }, {
         "effective" : "2015-01-23T00:00:00-08:00",
         "perfId" : 41858,
         "potential" : 4,
         "rating" : 5
      }, {
         "effective" : "2015-08-09T00:00:00-07:00",
         "perfId" : 41962,
         "potential" : 5,
         "rating" : 2
      }, {
         "effective" : "2015-02-06T00:00:00-08:00",
         "perfId" : 41968,
         "potential" : 4,
         "rating" : 5
      } ],
      "reports" : [ ]
   }