{
      "empId" : 154,
      "firstName" : "Nina",
      "lastName" : "Cambrault",
      "title" : "Sales Representative",
      "email" : "NCAMBRAU",
      "phone" : "011.44.1344.987668",
      "mobile" : "011.44.1344.987668",
      "address" : "Magdalen Centre The Oxford Science Park",
      "city" : "Oxford",
      "state" : "Oxford",
      "country" : "UK",
      "postal" : "OX9 9ZB",
      "twitter" : "Nina",
      "facebook" : "Nina",
      "google" : "Nina",
      "linkedIn" : "Nina",
      "hireDate" : "2008-02-14T00:00:00-08:00",
      "compRatio" : 11,
      "salary" : 9500.0,
      "bonus" : 1875.0,
      "commission" : 1000.0,
      "rating" : 4,
      "potential" : 2,
      "deptId" : 80,
      "mgrId" : 145,
      "deptName" : "Sales",
      "mgrFirstName" : "Joanne",
      "mgrLastName" : "Russell",
      "teamAvgRating" : 3.5,
      "empMeetings" : 0,
      "empEvents" : 0,
      "notifyApproved" : 3,
      "notifyWaiting" : 4,
      "notifyRejected" : 1,
      "groupSize" : 1,
      "groupAvgRating" : 4.0,
      "groupAvgPotential" : 2.0,
      "groupCompRatioAbove" : 0,
      "groupCompRatioIn" : 1,
      "groupCompRatioBelow" : 1,
      "groupMeetings" : 2,
      "groupEvents" : 0,
      "groupTrainings" : 1,
      "groupTimeOff" : 1,
      "comps" : [ {
         "bonus" : 1875,
         "comission" : 1000,
         "compId" : 50056,
         "compRatio" : 11,
         "compSalary" : 9500,
         "effective" : "2015-05-06T00:00:00-07:00"
      }, {
         "bonus" : 1743.75,
         "comission" : 940,
         "compId" : 50057,
         "compRatio" : 86,
         "compSalary" : 9025,
         "effective" : "2014-11-15T00:00:00-08:00"
      }, {
         "bonus" : 1569.375,
         "comission" : 893,
         "compId" : 50058,
         "compRatio" : 6,
         "compSalary" : 8754.25,
         "effective" : "2013-12-01T00:00:00-08:00"
      }, {
         "bonus" : 1412.4375,
         "comission" : 839.42,
         "compId" : 50059,
         "compRatio" : 108,
         "compSalary" : 8404.08,
         "effective" : "2012-03-03T00:00:00-08:00"
      }, {
         "bonus" : 1384.18875,
         "comission" : 763.8722,
         "compId" : 50060,
         "compRatio" : 88,
         "compSalary" : 8320.0392,
         "effective" : "2011-10-21T00:00:00-07:00"
      }, {
         "bonus" : 1259.6117625,
         "comission" : 710.401146,
         "compId" : 50061,
         "compRatio" : 41,
         "compSalary" : 7987.237632,
         "effective" : "2010-04-11T00:00:00-07:00"
      }, {
         "bonus" : 1234.41952725,
         "comission" : 660.67306578,
         "compId" : 50062,
         "compRatio" : 33,
         "compSalary" : 7587.8757504,
         "effective" : "2009-07-07T00:00:00-07:00"
      }, {
         "bonus" : 1160.354355615,
         "comission" : 601.2124898598,
         "compId" : 50063,
         "compRatio" : 41,
         "compSalary" : 7511.996992896,
         "effective" : "2008-05-16T00:00:00-07:00"
      } ],
      "perfs" : [ {
         "effective" : "2008-08-10T00:00:00-07:00",
         "perfId" : 41797,
         "potential" : 4,
         "rating" : 2
      }, {
         "effective" : "2009-05-21T00:00:00-07:00",
         "perfId" : 41798,
         "potential" : 5,
         "rating" : 4
      }, {
         "effective" : "2010-02-13T00:00:00-08:00",
         "perfId" : 41799,
         "potential" : 4,
         "rating" : 4
      }, {
         "effective" : "2011-11-19T00:00:00-08:00",
         "perfId" : 41800,
         "potential" : 5,
         "rating" : 3
      }, {
         "effective" : "2012-03-05T00:00:00-08:00",
         "perfId" : 41801,
         "potential" : 3,
         "rating" : 3
      }, {
         "effective" : "2013-02-14T00:00:00-08:00",
         "perfId" : 41802,
         "potential" : 4,
         "rating" : 5
      }, {
         "effective" : "2014-06-01T00:00:00-07:00",
         "perfId" : 41803,
         "potential" : 2,
         "rating" : 3
      }, {
         "effective" : "2015-04-01T00:00:00-07:00",
         "perfId" : 41804,
         "potential" : 2,
         "rating" : 4
      } ],
      "skills" : [ {
         "empskillassignId" : 80882,
         "empskillassignRating" : 1,
         "skill" : {
            "skill" : "Statistics",
            "skillId" : 5
         }
      }, {
         "empskillassignId" : 80883,
         "empskillassignRating" : 3,
         "skill" : {
            "skill" : "Outsourcing",
            "skillId" : 20
         }
      }, {
         "empskillassignId" : 80884,
         "empskillassignRating" : 1,
         "skill" : {
            "skill" : "Financials",
            "skillId" : 15
         }
      }, {
         "empskillassignId" : 80885,
         "empskillassignRating" : 1,
         "skill" : {
            "skill" : "Staffing",
            "skillId" : 24
         }
      }, {
         "empskillassignId" : 80886,
         "empskillassignRating" : 5,
         "skill" : {
            "skill" : "Excel",
            "skillId" : 3
         }
      }, {
         "empskillassignId" : 80887,
         "empskillassignRating" : 1,
         "skill" : {
            "skill" : "Procurement",
            "skillId" : 21
         }
      }, {
         "empskillassignId" : 80888,
         "empskillassignRating" : 3,
         "skill" : {
            "skill" : "Bookeeping",
            "skillDescription" : "Bookeeping",
            "skillId" : 1
         }
      } ],
      "events" : [ {
         "color" : "#fbce4a",
         "description" : "Ethics",
         "end" : "2008-07-22T00:00:00-07:00",
         "eventId" : 147341,
         "name" : "Training",
         "start" : "2008-07-20T00:00:00-07:00",
         "type" : "3"
      }, {
         "color" : "#fbce4a",
         "description" : "ava Development",
         "end" : "2008-10-30T00:00:00-07:00",
         "eventId" : 147342,
         "name" : "Training",
         "start" : "2008-10-27T00:00:00-07:00",
         "type" : "3"
      }, {
         "color" : "#ed813e",
         "description" : "User Group Meetup",
         "end" : "2008-05-18T00:00:00-07:00",
         "eventId" : 147343,
         "name" : "Event",
         "start" : "2008-05-13T00:00:00-07:00",
         "type" : "2"
      }, {
         "color" : "#fbce4a",
         "description" : "Public Speaking",
         "end" : "2008-01-08T00:00:00-08:00",
         "eventId" : 147344,
         "name" : "Training",
         "start" : "2008-01-03T00:00:00-08:00",
         "type" : "3"
      }, {
         "color" : "#fbce4a",
         "description" : "Mobility",
         "end" : "2009-02-21T00:00:00-08:00",
         "eventId" : 147345,
         "name" : "Training",
         "start" : "2009-02-19T00:00:00-08:00",
         "type" : "3"
      }, {
         "color" : "#fbce4a",
         "description" : "iOS Development",
         "end" : "2009-10-19T00:00:00-07:00",
         "eventId" : 147346,
         "name" : "Training",
         "start" : "2009-10-18T00:00:00-07:00",
         "type" : "3"
      }, {
         "color" : "#ed813e",
         "description" : "Business Meeting",
         "end" : "2009-12-08T00:00:00-08:00",
         "eventId" : 147347,
         "name" : "Event",
         "start" : "2009-12-05T00:00:00-08:00",
         "type" : "2"
      }, {
         "color" : "#ed813e",
         "description" : "Feedback Session",
         "end" : "2010-09-10T00:00:00-07:00",
         "eventId" : 147348,
         "name" : "Event",
         "start" : "2010-09-05T00:00:00-07:00",
         "type" : "2"
      }, {
         "color" : "#ed813e",
         "description" : "User Group Meetup",
         "end" : "2010-04-24T00:00:00-07:00",
         "eventId" : 147349,
         "name" : "Event",
         "start" : "2010-04-22T00:00:00-07:00",
         "type" : "2"
      }, {
         "color" : "#81bb5f",
         "description" : "Vacation",
         "end" : "2010-01-30T00:00:00-08:00",
         "eventId" : 147350,
         "name" : "Time Off",
         "start" : "2010-01-25T00:00:00-08:00",
         "type" : "4"
      }, {
         "color" : "#ed813e",
         "description" : "Sales Convention",
         "end" : "2011-04-13T00:00:00-07:00",
         "eventId" : 147351,
         "name" : "Event",
         "start" : "2011-04-12T00:00:00-07:00",
         "type" : "2"
      }, {
         "color" : "#ed813e",
         "description" : "Trade Show",
         "end" : "2011-05-21T00:00:00-07:00",
         "eventId" : 147352,
         "name" : "Event",
         "start" : "2011-05-19T00:00:00-07:00",
         "type" : "2"
      }, {
         "color" : "#ed813e",
         "description" : "StockHolder's Meeting",
         "end" : "2012-12-02T00:00:00-08:00",
         "eventId" : 147353,
         "name" : "Event",
         "start" : "2012-11-27T00:00:00-08:00",
         "type" : "2"
      }, {
         "color" : "#81bb5f",
         "description" : "Vacation",
         "end" : "2012-12-28T00:00:00-08:00",
         "eventId" : 147354,
         "name" : "Time Off",
         "start" : "2012-12-25T00:00:00-08:00",
         "type" : "4"
      }, {
         "color" : "#309fdb",
         "description" : "DEF Inc",
         "end" : "2012-05-18T00:00:00-07:00",
         "eventId" : 147355,
         "name" : "Customer Meeting",
         "start" : "2012-05-17T00:00:00-07:00",
         "type" : "1"
      }, {
         "color" : "#81bb5f",
         "description" : "Vacation",
         "end" : "2012-06-19T00:00:00-07:00",
         "eventId" : 147356,
         "name" : "Time Off",
         "start" : "2012-06-15T00:00:00-07:00",
         "type" : "4"
      }, {
         "color" : "#ed813e",
         "description" : "Customer Advisory Board",
         "end" : "2013-03-30T00:00:00-07:00",
         "eventId" : 147357,
         "name" : "Event",
         "start" : "2013-03-27T00:00:00-07:00",
         "type" : "2"
      }, {
         "color" : "#fbce4a",
         "description" : "Mgr Essentials",
         "end" : "2013-02-10T00:00:00-08:00",
         "eventId" : 147358,
         "name" : "Training",
         "start" : "2013-02-07T00:00:00-08:00",
         "type" : "3"
      }, {
         "color" : "#ed813e",
         "description" : "Development Convention",
         "end" : "2014-05-07T00:00:00-07:00",
         "eventId" : 147359,
         "name" : "Event",
         "start" : "2014-05-03T00:00:00-07:00",
         "type" : "2"
      }, {
         "color" : "#fbce4a",
         "description" : "Security",
         "end" : "2014-12-15T00:00:00-08:00",
         "eventId" : 147360,
         "name" : "Training",
         "start" : "2014-12-14T00:00:00-08:00",
         "type" : "3"
      }, {
         "color" : "#81bb5f",
         "description" : "Sick",
         "end" : "2014-02-08T00:00:00-08:00",
         "eventId" : 147361,
         "name" : "Time Off",
         "start" : "2014-02-07T00:00:00-08:00",
         "type" : "4"
      }, {
         "color" : "#fbce4a",
         "description" : "Security",
         "end" : "2015-07-25T04:00:04-07:00",
         "eventId" : 147362,
         "name" : "Training",
         "start" : "2015-07-22T04:00:04-07:00",
         "type" : "3"
      }, {
         "color" : "#81bb5f",
         "description" : "Vacation",
         "end" : "2015-04-12T04:00:04-07:00",
         "eventId" : 147363,
         "name" : "Time Off",
         "start" : "2015-04-10T04:00:04-07:00",
         "type" : "4"
      }, {
         "color" : "#309fdb",
         "description" : "AAA Inc",
         "end" : "2015-04-15T04:00:04-07:00",
         "eventId" : 147364,
         "name" : "Customer Meeting",
         "start" : "2015-04-10T04:00:04-07:00",
         "type" : "1"
      }, {
         "color" : "#309fdb",
         "description" : "DEF Inc",
         "end" : "2015-06-17T04:00:04-07:00",
         "eventId" : 147365,
         "name" : "Customer Meeting",
         "start" : "2015-06-15T04:00:04-07:00",
         "type" : "1"
      } ],
      "colleaguePerfs" : [ {
         "effective" : "2015-04-22T00:00:00-07:00",
         "perfId" : 41404,
         "potential" : 2,
         "rating" : 3
      }, {
         "effective" : "2015-05-10T00:00:00-07:00",
         "perfId" : 41588,
         "potential" : 3,
         "rating" : 4
      }, {
         "effective" : "2015-05-15T00:00:00-07:00",
         "perfId" : 41598,
         "potential" : 2,
         "rating" : 4
      }, {
         "effective" : "2015-01-05T00:00:00-08:00",
         "perfId" : 41754,
         "potential" : 5,
         "rating" : 4
      }, {
         "effective" : "2015-04-01T00:00:00-07:00",
         "perfId" : 41804,
         "potential" : 2,
         "rating" : 4
      }, {
         "effective" : "2015-05-07T00:00:00-07:00",
         "perfId" : 42016,
         "potential" : 4,
         "rating" : 2
      } ],
      "reports" : [ ]
   }