{
      "empId" : 112,
      "firstName" : "Jose Manuel",
      "lastName" : "Urman",
      "title" : "Accountant",
      "email" : "JMURMAN",
      "phone" : "515.124.4469",
      "mobile" : "515.124.4469",
      "address" : "2004 Bellevue Ct",
      "city" : "Seattle",
      "state" : "Washington",
      "country" : "US",
      "postal" : "98102",
      "twitter" : "Jose Manuel",
      "facebook" : "Jose Manuel",
      "google" : "Jose Manuel",
      "linkedIn" : "Jose Manuel",
      "hireDate" : "2010-01-01T00:00:00-08:00",
      "compRatio" : 63,
      "salary" : 8800.0,
      "bonus" : 1950.0,
      "commission" : 0.0,
      "rating" : 4,
      "potential" : 4,
      "deptId" : 100,
      "mgrId" : 109,
      "deptName" : "Finance",
      "mgrFirstName" : "Daniel",
      "mgrLastName" : "Faviet",
      "teamAvgRating" : 3.5,
      "empMeetings" : 0,
      "empEvents" : 0,
      "notifyApproved" : 3,
      "notifyWaiting" : 4,
      "notifyRejected" : 1,
      "groupSize" : 1,
      "groupAvgRating" : 4.0,
      "groupAvgPotential" : 4.0,
      "groupCompRatioAbove" : 0,
      "groupCompRatioIn" : 1,
      "groupCompRatioBelow" : 1,
      "groupMeetings" : 0,
      "groupEvents" : 2,
      "groupTrainings" : 0,
      "groupTimeOff" : 1,
      "comps" : [ {
         "bonus" : 1950,
         "comission" : 0,
         "compId" : 49858,
         "compRatio" : 63,
         "compSalary" : 8800,
         "effective" : "2015-09-21T00:00:00-07:00"
      }, {
         "bonus" : 1774.5,
         "comission" : 0,
         "compId" : 49859,
         "compRatio" : 103,
         "compSalary" : 8536,
         "effective" : "2014-06-03T00:00:00-07:00"
      }, {
         "bonus" : 1650.285,
         "comission" : 0,
         "compId" : 49860,
         "compRatio" : 110,
         "compSalary" : 8194.56,
         "effective" : "2013-11-09T00:00:00-08:00"
      }, {
         "bonus" : 1534.76505,
         "comission" : 0,
         "compId" : 49861,
         "compRatio" : 85,
         "compSalary" : 7866.7776,
         "effective" : "2012-09-17T00:00:00-07:00"
      }, {
         "bonus" : 1411.983846,
         "comission" : 0,
         "compId" : 49862,
         "compRatio" : 45,
         "compSalary" : 7552.106496,
         "effective" : "2011-04-16T00:00:00-07:00"
      }, {
         "bonus" : 1369.62433062,
         "comission" : 0,
         "compId" : 49863,
         "compRatio" : 100,
         "compSalary" : 7250.02223616,
         "effective" : "2010-07-01T00:00:00-07:00"
      } ],
      "perfs" : [ {
         "effective" : "2010-11-25T00:00:00-08:00",
         "perfId" : 41599,
         "potential" : 5,
         "rating" : 2
      }, {
         "effective" : "2011-10-20T00:00:00-07:00",
         "perfId" : 41600,
         "potential" : 5,
         "rating" : 5
      }, {
         "effective" : "2012-11-03T00:00:00-07:00",
         "perfId" : 41601,
         "potential" : 2,
         "rating" : 5
      }, {
         "effective" : "2013-02-04T00:00:00-08:00",
         "perfId" : 41602,
         "potential" : 5,
         "rating" : 5
      }, {
         "effective" : "2014-06-01T00:00:00-07:00",
         "perfId" : 41603,
         "potential" : 2,
         "rating" : 3
      }, {
         "effective" : "2015-12-03T00:00:00-08:00",
         "perfId" : 41604,
         "potential" : 4,
         "rating" : 4
      } ],
      "skills" : [ {
         "empskillassignId" : 80585,
         "empskillassignRating" : 3,
         "skill" : {
            "skill" : "Engineering",
            "skillId" : 19
         }
      }, {
         "empskillassignId" : 80586,
         "empskillassignRating" : 5,
         "skill" : {
            "skill" : "Corporate Tax",
            "skillDescription" : "Corporate Tax",
            "skillId" : 2
         }
      }, {
         "empskillassignId" : 80587,
         "empskillassignRating" : 5,
         "skill" : {
            "skill" : "Analytics",
            "skillId" : 8
         }
      }, {
         "empskillassignId" : 80588,
         "empskillassignRating" : 3,
         "skill" : {
            "skill" : "Outsourcing",
            "skillId" : 20
         }
      }, {
         "empskillassignId" : 80589,
         "empskillassignRating" : 5,
         "skill" : {
            "skill" : "Project Planning",
            "skillId" : 11
         }
      } ],
      "events" : [ {
         "color" : "#81bb5f",
         "description" : "Sick",
         "end" : "2010-11-15T00:00:00-08:00",
         "eventId" : 146742,
         "name" : "Time Off",
         "start" : "2010-11-13T00:00:00-08:00",
         "type" : "4"
      }, {
         "color" : "#fbce4a",
         "description" : "ava Development",
         "end" : "2010-10-08T00:00:00-07:00",
         "eventId" : 146743,
         "name" : "Training",
         "start" : "2010-10-05T00:00:00-07:00",
         "type" : "3"
      }, {
         "color" : "#81bb5f",
         "description" : "Vacation",
         "end" : "2010-05-09T00:00:00-07:00",
         "eventId" : 146744,
         "name" : "Time Off",
         "start" : "2010-05-04T00:00:00-07:00",
         "type" : "4"
      }, {
         "color" : "#309fdb",
         "description" : "CCC Enterprises",
         "end" : "2010-07-21T00:00:00-07:00",
         "eventId" : 146745,
         "name" : "Customer Meeting",
         "start" : "2010-07-17T00:00:00-07:00",
         "type" : "1"
      }, {
         "color" : "#ed813e",
         "description" : "Trade Show",
         "end" : "2011-11-15T00:00:00-08:00",
         "eventId" : 146746,
         "name" : "Event",
         "start" : "2011-11-13T00:00:00-08:00",
         "type" : "2"
      }, {
         "color" : "#309fdb",
         "description" : "XYZ Systems",
         "end" : "2011-11-27T00:00:00-08:00",
         "eventId" : 146747,
         "name" : "Customer Meeting",
         "start" : "2011-11-26T00:00:00-08:00",
         "type" : "1"
      }, {
         "color" : "#309fdb",
         "description" : "BBB Ltd",
         "end" : "2011-04-11T00:00:00-07:00",
         "eventId" : 146748,
         "name" : "Customer Meeting",
         "start" : "2011-04-09T00:00:00-07:00",
         "type" : "1"
      }, {
         "color" : "#ed813e",
         "description" : "Business Meeting",
         "end" : "2012-04-05T00:00:00-07:00",
         "eventId" : 146749,
         "name" : "Event",
         "start" : "2012-04-01T00:00:00-07:00",
         "type" : "2"
      }, {
         "color" : "#81bb5f",
         "description" : "Sick",
         "end" : "2012-01-28T00:00:00-08:00",
         "eventId" : 146750,
         "name" : "Time Off",
         "start" : "2012-01-23T00:00:00-08:00",
         "type" : "4"
      }, {
         "color" : "#ed813e",
         "description" : "Feedback Session",
         "end" : "2013-07-16T00:00:00-07:00",
         "eventId" : 146751,
         "name" : "Event",
         "start" : "2013-07-13T00:00:00-07:00",
         "type" : "2"
      }, {
         "color" : "#ed813e",
         "description" : "Customer Advisory Board",
         "end" : "2013-05-27T00:00:00-07:00",
         "eventId" : 146752,
         "name" : "Event",
         "start" : "2013-05-26T00:00:00-07:00",
         "type" : "2"
      }, {
         "color" : "#ed813e",
         "description" : "Design Awards",
         "end" : "2014-08-30T00:00:00-07:00",
         "eventId" : 146753,
         "name" : "Event",
         "start" : "2014-08-26T00:00:00-07:00",
         "type" : "2"
      }, {
         "color" : "#81bb5f",
         "description" : "Vacation",
         "end" : "2014-06-15T00:00:00-07:00",
         "eventId" : 146754,
         "name" : "Time Off",
         "start" : "2014-06-12T00:00:00-07:00",
         "type" : "4"
      }, {
         "color" : "#81bb5f",
         "description" : "Vacation",
         "end" : "2014-08-09T00:00:00-07:00",
         "eventId" : 146755,
         "name" : "Time Off",
         "start" : "2014-08-06T00:00:00-07:00",
         "type" : "4"
      }, {
         "color" : "#ed813e",
         "description" : "Sales Convention",
         "end" : "2015-08-13T04:00:04-07:00",
         "eventId" : 146756,
         "name" : "Event",
         "start" : "2015-08-12T04:00:04-07:00",
         "type" : "2"
      }, {
         "color" : "#81bb5f",
         "description" : "Vacation",
         "end" : "2015-07-02T04:00:04-07:00",
         "eventId" : 146757,
         "name" : "Time Off",
         "start" : "2015-06-30T04:00:04-07:00",
         "type" : "4"
      }, {
         "color" : "#ed813e",
         "description" : "Development Convention",
         "end" : "2015-07-25T04:00:04-07:00",
         "eventId" : 146758,
         "name" : "Event",
         "start" : "2015-07-22T04:00:04-07:00",
         "type" : "2"
      } ],
      "colleaguePerfs" : [ {
         "effective" : "2015-10-01T00:00:00-07:00",
         "perfId" : 41470,
         "potential" : 4,
         "rating" : 3
      }, {
         "effective" : "2015-12-03T00:00:00-08:00",
         "perfId" : 41604,
         "potential" : 4,
         "rating" : 4
      }, {
         "effective" : "2015-11-23T00:00:00-08:00",
         "perfId" : 41692,
         "potential" : 3,
         "rating" : 2
      }, {
         "effective" : "2015-08-13T00:00:00-07:00",
         "perfId" : 41814,
         "potential" : 4,
         "rating" : 5
      } ],
      "reports" : [ ]
   }