{
      "empId" : 110,
      "firstName" : "John",
      "lastName" : "Chen",
      "title" : "Accountant",
      "email" : "JCHEN",
      "phone" : "515.124.4269",
      "mobile" : "515.124.4269",
      "address" : "2004 Bellevue Ct",
      "city" : "Seattle",
      "state" : "Washington",
      "country" : "US",
      "postal" : "98102",
      "twitter" : "John",
      "facebook" : "John",
      "google" : "John",
      "linkedIn" : "John",
      "hireDate" : "2006-07-14T00:00:00-07:00",
      "compRatio" : 87,
      "salary" : 8200.0,
      "bonus" : 1950.0,
      "commission" : 0.0,
      "rating" : 5,
      "potential" : 4,
      "deptId" : 100,
      "mgrId" : 109,
      "deptName" : "Finance",
      "mgrFirstName" : "Daniel",
      "mgrLastName" : "Faviet",
      "teamAvgRating" : 3.5,
      "empMeetings" : 0,
      "empEvents" : 0,
      "notifyApproved" : 3,
      "notifyWaiting" : 4,
      "notifyRejected" : 1,
      "groupSize" : 1,
      "groupAvgRating" : 5.0,
      "groupAvgPotential" : 4.0,
      "groupCompRatioAbove" : 0,
      "groupCompRatioIn" : 1,
      "groupCompRatioBelow" : 1,
      "groupMeetings" : 0,
      "groupEvents" : 0,
      "groupTrainings" : 1,
      "groupTimeOff" : 1,
      "comps" : [ {
         "bonus" : 1835.1333,
         "comission" : 0,
         "compId" : 50067,
         "compRatio" : 9,
         "compSalary" : 7104.48,
         "effective" : "2012-01-06T00:00:00-08:00"
      }, {
         "bonus" : 1743.376635,
         "comission" : 0,
         "compId" : 50068,
         "compRatio" : 67,
         "compSalary" : 6891.3456,
         "effective" : "2011-04-20T00:00:00-07:00"
      }, {
         "bonus" : 1621.34027055,
         "comission" : 0,
         "compId" : 50069,
         "compRatio" : 59,
         "compSalary" : 6822.432144,
         "effective" : "2010-03-11T00:00:00-08:00"
      }, {
         "bonus" : 1491.633048906,
         "comission" : 0,
         "compId" : 50070,
         "compRatio" : 63,
         "compSalary" : 6617.75917968,
         "effective" : "2009-09-06T00:00:00-07:00"
      }, {
         "bonus" : 1446.88405743882,
         "comission" : 0,
         "compId" : 50071,
         "compRatio" : 89,
         "compSalary" : 6551.5815878832,
         "effective" : "2008-04-17T00:00:00-07:00"
      }, {
         "bonus" : 1403.4775357156554,
         "comission" : 0,
         "compId" : 50072,
         "compRatio" : 94,
         "compSalary" : 6486.065772004368,
         "effective" : "2007-03-02T00:00:00-08:00"
      }, {
         "bonus" : 1263.12978214408986,
         "comission" : 0,
         "compId" : 50073,
         "compRatio" : 13,
         "compSalary" : 6161.7624834041496,
         "effective" : "2006-08-16T00:00:00-07:00"
      }, {
         "bonus" : 1950,
         "comission" : 0,
         "compId" : 50064,
         "compRatio" : 87,
         "compSalary" : 8200,
         "effective" : "2015-03-10T00:00:00-07:00"
      }, {
         "bonus" : 1930.5,
         "comission" : 0,
         "compId" : 50065,
         "compRatio" : 83,
         "compSalary" : 7790,
         "effective" : "2014-07-17T00:00:00-07:00"
      }, {
         "bonus" : 1872.585,
         "comission" : 0,
         "compId" : 50066,
         "compRatio" : 67,
         "compSalary" : 7400.5,
         "effective" : "2013-10-17T00:00:00-07:00"
      } ],
      "perfs" : [ {
         "effective" : "2006-08-07T00:00:00-07:00",
         "perfId" : 41805,
         "potential" : 2,
         "rating" : 5
      }, {
         "effective" : "2007-11-25T00:00:00-08:00",
         "perfId" : 41806,
         "potential" : 2,
         "rating" : 5
      }, {
         "effective" : "2008-01-17T00:00:00-08:00",
         "perfId" : 41807,
         "potential" : 5,
         "rating" : 2
      }, {
         "effective" : "2009-01-25T00:00:00-08:00",
         "perfId" : 41808,
         "potential" : 2,
         "rating" : 4
      }, {
         "effective" : "2010-04-21T00:00:00-07:00",
         "perfId" : 41809,
         "potential" : 2,
         "rating" : 5
      }, {
         "effective" : "2011-07-14T00:00:00-07:00",
         "perfId" : 41810,
         "potential" : 4,
         "rating" : 5
      }, {
         "effective" : "2012-05-07T00:00:00-07:00",
         "perfId" : 41811,
         "potential" : 2,
         "rating" : 4
      }, {
         "effective" : "2013-10-13T00:00:00-07:00",
         "perfId" : 41812,
         "potential" : 4,
         "rating" : 5
      }, {
         "effective" : "2014-09-08T00:00:00-07:00",
         "perfId" : 41813,
         "potential" : 4,
         "rating" : 5
      }, {
         "effective" : "2015-08-13T00:00:00-07:00",
         "perfId" : 41814,
         "potential" : 4,
         "rating" : 5
      } ],
      "skills" : [ {
         "empskillassignId" : 80889,
         "empskillassignRating" : 2,
         "skill" : {
            "skill" : "Estimation",
            "skillId" : 23
         }
      }, {
         "empskillassignId" : 80890,
         "empskillassignRating" : 4,
         "skill" : {
            "skill" : "Management",
            "skillId" : 14
         }
      }, {
         "empskillassignId" : 80891,
         "empskillassignRating" : 4,
         "skill" : {
            "skill" : "Risk Analysis",
            "skillId" : 12
         }
      }, {
         "empskillassignId" : 80892,
         "empskillassignRating" : 3,
         "skill" : {
            "skill" : "Procurement",
            "skillId" : 21
         }
      }, {
         "empskillassignId" : 80893,
         "empskillassignRating" : 1,
         "skill" : {
            "skill" : "Bookeeping",
            "skillDescription" : "Bookeeping",
            "skillId" : 1
         }
      }, {
         "empskillassignId" : 80894,
         "empskillassignRating" : 4,
         "skill" : {
            "skill" : "Outsourcing",
            "skillId" : 20
         }
      }, {
         "empskillassignId" : 80895,
         "empskillassignRating" : 3,
         "skill" : {
            "skill" : "Staffing",
            "skillId" : 24
         }
      }, {
         "empskillassignId" : 80896,
         "empskillassignRating" : 1,
         "skill" : {
            "skill" : "Financials",
            "skillId" : 15
         }
      }, {
         "empskillassignId" : 80897,
         "empskillassignRating" : 1,
         "skill" : {
            "skill" : "HCM",
            "skillId" : 17
         }
      } ],
      "events" : [ {
         "color" : "#fbce4a",
         "description" : "Security",
         "end" : "2006-01-07T00:00:00-08:00",
         "eventId" : 147366,
         "name" : "Training",
         "start" : "2006-01-06T00:00:00-08:00",
         "type" : "3"
      }, {
         "color" : "#81bb5f",
         "description" : "Sick",
         "end" : "2006-08-10T00:00:00-07:00",
         "eventId" : 147367,
         "name" : "Time Off",
         "start" : "2006-08-09T00:00:00-07:00",
         "type" : "4"
      }, {
         "color" : "#309fdb",
         "description" : "Oracle",
         "end" : "2006-10-28T00:00:00-07:00",
         "eventId" : 147368,
         "name" : "Customer Meeting",
         "start" : "2006-10-25T00:00:00-07:00",
         "type" : "1"
      }, {
         "color" : "#ed813e",
         "description" : "User Group Meetup",
         "end" : "2006-07-03T00:00:00-07:00",
         "eventId" : 147369,
         "name" : "Event",
         "start" : "2006-07-01T00:00:00-07:00",
         "type" : "2"
      }, {
         "color" : "#81bb5f",
         "description" : "Sick",
         "end" : "2007-08-11T00:00:00-07:00",
         "eventId" : 147370,
         "name" : "Time Off",
         "start" : "2007-08-10T00:00:00-07:00",
         "type" : "4"
      }, {
         "color" : "#fbce4a",
         "description" : "Sales",
         "end" : "2007-07-10T00:00:00-07:00",
         "eventId" : 147371,
         "name" : "Training",
         "start" : "2007-07-08T00:00:00-07:00",
         "type" : "3"
      }, {
         "color" : "#fbce4a",
         "description" : "Effective Mgmt",
         "end" : "2007-05-11T00:00:00-07:00",
         "eventId" : 147372,
         "name" : "Training",
         "start" : "2007-05-09T00:00:00-07:00",
         "type" : "3"
      }, {
         "color" : "#ed813e",
         "description" : "Sales Convention",
         "end" : "2008-03-05T00:00:00-08:00",
         "eventId" : 147373,
         "name" : "Event",
         "start" : "2008-03-01T00:00:00-08:00",
         "type" : "2"
      }, {
         "color" : "#ed813e",
         "description" : "Business Meeting",
         "end" : "2008-12-27T00:00:00-08:00",
         "eventId" : 147374,
         "name" : "Event",
         "start" : "2008-12-24T00:00:00-08:00",
         "type" : "2"
      }, {
         "color" : "#fbce4a",
         "description" : "ava Development",
         "end" : "2008-12-12T00:00:00-08:00",
         "eventId" : 147375,
         "name" : "Training",
         "start" : "2008-12-10T00:00:00-08:00",
         "type" : "3"
      }, {
         "color" : "#ed813e",
         "description" : "Customer Advisory Board",
         "end" : "2008-05-27T00:00:00-07:00",
         "eventId" : 147376,
         "name" : "Event",
         "start" : "2008-05-26T00:00:00-07:00",
         "type" : "2"
      }, {
         "color" : "#fbce4a",
         "description" : "ava Development",
         "end" : "2009-01-29T00:00:00-08:00",
         "eventId" : 147377,
         "name" : "Training",
         "start" : "2009-01-27T00:00:00-08:00",
         "type" : "3"
      }, {
         "color" : "#309fdb",
         "description" : "CCC Enterprises",
         "end" : "2009-07-26T00:00:00-07:00",
         "eventId" : 147378,
         "name" : "Customer Meeting",
         "start" : "2009-07-22T00:00:00-07:00",
         "type" : "1"
      }, {
         "color" : "#ed813e",
         "description" : "Design Awards",
         "end" : "2009-09-13T00:00:00-07:00",
         "eventId" : 147379,
         "name" : "Event",
         "start" : "2009-09-11T00:00:00-07:00",
         "type" : "2"
      }, {
         "color" : "#ed813e",
         "description" : "Sales Convention",
         "end" : "2009-06-23T00:00:00-07:00",
         "eventId" : 147380,
         "name" : "Event",
         "start" : "2009-06-22T00:00:00-07:00",
         "type" : "2"
      }, {
         "color" : "#81bb5f",
         "description" : "Vacation",
         "end" : "2010-01-27T00:00:00-08:00",
         "eventId" : 147381,
         "name" : "Time Off",
         "start" : "2010-01-22T00:00:00-08:00",
         "type" : "4"
      }, {
         "color" : "#309fdb",
         "description" : "CCC Enterprises",
         "end" : "2010-08-23T00:00:00-07:00",
         "eventId" : 147382,
         "name" : "Customer Meeting",
         "start" : "2010-08-22T00:00:00-07:00",
         "type" : "1"
      }, {
         "color" : "#81bb5f",
         "description" : "Bereavement",
         "end" : "2010-11-13T00:00:00-08:00",
         "eventId" : 147383,
         "name" : "Time Off",
         "start" : "2010-11-10T00:00:00-08:00",
         "type" : "4"
      }, {
         "color" : "#fbce4a",
         "description" : "Mobility",
         "end" : "2011-03-16T00:00:00-07:00",
         "eventId" : 147384,
         "name" : "Training",
         "start" : "2011-03-14T00:00:00-07:00",
         "type" : "3"
      }, {
         "color" : "#fbce4a",
         "description" : "Mobility",
         "end" : "2011-03-01T00:00:00-08:00",
         "eventId" : 147385,
         "name" : "Training",
         "start" : "2011-02-26T00:00:00-08:00",
         "type" : "3"
      }, {
         "color" : "#81bb5f",
         "description" : "Vacation",
         "end" : "2012-11-28T00:00:00-08:00",
         "eventId" : 147386,
         "name" : "Time Off",
         "start" : "2012-11-23T00:00:00-08:00",
         "type" : "4"
      }, {
         "color" : "#309fdb",
         "description" : "ABC LLC",
         "end" : "2012-06-16T00:00:00-07:00",
         "eventId" : 147387,
         "name" : "Customer Meeting",
         "start" : "2012-06-15T00:00:00-07:00",
         "type" : "1"
      }, {
         "color" : "#fbce4a",
         "description" : "Security",
         "end" : "2012-11-23T00:00:00-08:00",
         "eventId" : 147388,
         "name" : "Training",
         "start" : "2012-11-20T00:00:00-08:00",
         "type" : "3"
      }, {
         "color" : "#fbce4a",
         "description" : "iOS Development",
         "end" : "2013-02-03T00:00:00-08:00",
         "eventId" : 147389,
         "name" : "Training",
         "start" : "2013-02-02T00:00:00-08:00",
         "type" : "3"
      }, {
         "color" : "#fbce4a",
         "description" : "iOS Development",
         "end" : "2013-08-21T00:00:00-07:00",
         "eventId" : 147390,
         "name" : "Training",
         "start" : "2013-08-19T00:00:00-07:00",
         "type" : "3"
      }, {
         "color" : "#ed813e",
         "description" : "StockHolder's Meeting",
         "end" : "2013-11-16T00:00:00-08:00",
         "eventId" : 147391,
         "name" : "Event",
         "start" : "2013-11-13T00:00:00-08:00",
         "type" : "2"
      }, {
         "color" : "#309fdb",
         "description" : "XYZ Systems",
         "end" : "2014-06-20T00:00:00-07:00",
         "eventId" : 147392,
         "name" : "Customer Meeting",
         "start" : "2014-06-15T00:00:00-07:00",
         "type" : "1"
      }, {
         "color" : "#81bb5f",
         "description" : "Sick",
         "end" : "2014-06-01T00:00:00-07:00",
         "eventId" : 147393,
         "name" : "Time Off",
         "start" : "2014-05-27T00:00:00-07:00",
         "type" : "4"
      }, {
         "color" : "#ed813e",
         "description" : "Sales Convention",
         "end" : "2014-05-27T00:00:00-07:00",
         "eventId" : 147394,
         "name" : "Event",
         "start" : "2014-05-22T00:00:00-07:00",
         "type" : "2"
      }, {
         "color" : "#81bb5f",
         "description" : "Sick",
         "end" : "2015-05-24T04:00:04-07:00",
         "eventId" : 147395,
         "name" : "Time Off",
         "start" : "2015-05-23T04:00:04-07:00",
         "type" : "4"
      }, {
         "color" : "#fbce4a",
         "description" : "Sexual Harrassment",
         "end" : "2015-04-17T04:00:04-07:00",
         "eventId" : 147396,
         "name" : "Training",
         "start" : "2015-04-14T04:00:04-07:00",
         "type" : "3"
      } ],
      "colleaguePerfs" : [ {
         "effective" : "2015-10-01T00:00:00-07:00",
         "perfId" : 41470,
         "potential" : 4,
         "rating" : 3
      }, {
         "effective" : "2015-12-03T00:00:00-08:00",
         "perfId" : 41604,
         "potential" : 4,
         "rating" : 4
      }, {
         "effective" : "2015-11-23T00:00:00-08:00",
         "perfId" : 41692,
         "potential" : 3,
         "rating" : 2
      }, {
         "effective" : "2015-08-13T00:00:00-07:00",
         "perfId" : 41814,
         "potential" : 4,
         "rating" : 5
      } ],
      "reports" : [ ]
   }