{
      "empId" : 169,
      "firstName" : "Harrison",
      "lastName" : "Bloom",
      "title" : "Sales Representative",
      "email" : "HBLOOM",
      "phone" : "011.44.1343.829268",
      "mobile" : "011.44.1343.829268",
      "address" : "Magdalen Centre The Oxford Science Park",
      "city" : "Oxford",
      "state" : "Oxford",
      "country" : "UK",
      "postal" : "OX9 9ZB",
      "twitter" : "Harrison",
      "facebook" : "Harrison",
      "google" : "Harrison",
      "linkedIn" : "Harrison",
      "hireDate" : "2006-07-14T00:00:00-07:00",
      "compRatio" : 24,
      "salary" : 10000.0,
      "bonus" : 2500.0,
      "commission" : 2000.0,
      "rating" : 2,
      "potential" : 2,
      "deptId" : 80,
      "mgrId" : 148,
      "deptName" : "Sales",
      "mgrFirstName" : "Gerald",
      "mgrLastName" : "Cambrault",
      "teamAvgRating" : 3.375,
      "empMeetings" : 0,
      "empEvents" : 1,
      "notifyApproved" : 3,
      "notifyWaiting" : 4,
      "notifyRejected" : 1,
      "groupSize" : 1,
      "groupAvgRating" : 2.0,
      "groupAvgPotential" : 2.0,
      "groupCompRatioAbove" : 0,
      "groupCompRatioIn" : 1,
      "groupCompRatioBelow" : 1,
      "groupMeetings" : 0,
      "groupEvents" : 1,
      "groupTrainings" : 1,
      "groupTimeOff" : 1,
      "comps" : [ {
         "bonus" : 2500,
         "comission" : 2000,
         "compId" : 50021,
         "compRatio" : 24,
         "compSalary" : 10000,
         "effective" : "2015-09-05T00:00:00-07:00"
      }, {
         "bonus" : 2450,
         "comission" : 1860,
         "compId" : 50022,
         "compRatio" : 120,
         "compSalary" : 9600,
         "effective" : "2014-02-22T00:00:00-08:00"
      }, {
         "bonus" : 2425.5,
         "comission" : 1729.8,
         "compId" : 50023,
         "compRatio" : 72,
         "compSalary" : 9120,
         "effective" : "2013-02-03T00:00:00-08:00"
      }, {
         "bonus" : 2401.245,
         "comission" : 1626.012,
         "compId" : 50024,
         "compRatio" : 97,
         "compSalary" : 8937.6,
         "effective" : "2012-10-11T00:00:00-07:00"
      }, {
         "bonus" : 2329.20765,
         "comission" : 1544.7114,
         "compId" : 50025,
         "compRatio" : 80,
         "compSalary" : 8669.472,
         "effective" : "2011-12-13T00:00:00-08:00"
      }, {
         "bonus" : 2236.039344,
         "comission" : 1421.134488,
         "compId" : 50026,
         "compRatio" : 26,
         "compSalary" : 8409.38784,
         "effective" : "2010-03-05T00:00:00-08:00"
      }, {
         "bonus" : 2034.79580304,
         "comission" : 1335.86641872,
         "compId" : 50027,
         "compRatio" : 78,
         "compSalary" : 8157.1062048,
         "effective" : "2009-08-02T00:00:00-07:00"
      }, {
         "bonus" : 1953.4039709184,
         "comission" : 1215.6384410352,
         "compId" : 50028,
         "compRatio" : 67,
         "compSalary" : 7912.393018656,
         "effective" : "2008-06-14T00:00:00-07:00"
      }, {
         "bonus" : 1894.801851790848,
         "comission" : 1106.230981342032,
         "compId" : 50029,
         "compRatio" : 44,
         "compSalary" : 7595.89729790976,
         "effective" : "2007-08-02T00:00:00-07:00"
      }, {
         "bonus" : 1800.0617592013056,
         "comission" : 1028.79481264808976,
         "compId" : 50030,
         "compRatio" : 79,
         "compSalary" : 7368.0203789724672,
         "effective" : "2006-04-19T00:00:00-07:00"
      } ],
      "perfs" : [ {
         "effective" : "2006-03-21T00:00:00-08:00",
         "perfId" : 41762,
         "potential" : 4,
         "rating" : 5
      }, {
         "effective" : "2007-10-06T00:00:00-07:00",
         "perfId" : 41763,
         "potential" : 2,
         "rating" : 3
      }, {
         "effective" : "2008-06-07T00:00:00-07:00",
         "perfId" : 41764,
         "potential" : 3,
         "rating" : 5
      }, {
         "effective" : "2009-01-08T00:00:00-08:00",
         "perfId" : 41765,
         "potential" : 2,
         "rating" : 3
      }, {
         "effective" : "2010-06-21T00:00:00-07:00",
         "perfId" : 41766,
         "potential" : 4,
         "rating" : 5
      }, {
         "effective" : "2011-04-06T00:00:00-07:00",
         "perfId" : 41767,
         "potential" : 3,
         "rating" : 2
      }, {
         "effective" : "2012-09-07T00:00:00-07:00",
         "perfId" : 41768,
         "potential" : 3,
         "rating" : 2
      }, {
         "effective" : "2013-12-13T00:00:00-08:00",
         "perfId" : 41769,
         "potential" : 5,
         "rating" : 4
      }, {
         "effective" : "2014-07-12T00:00:00-07:00",
         "perfId" : 41770,
         "potential" : 3,
         "rating" : 2
      }, {
         "effective" : "2015-10-01T00:00:00-07:00",
         "perfId" : 41771,
         "potential" : 2,
         "rating" : 2
      } ],
      "skills" : [ {
         "empskillassignId" : 80837,
         "empskillassignRating" : 1,
         "skill" : {
            "skill" : "Budgeting",
            "skillId" : 25
         }
      }, {
         "empskillassignId" : 80838,
         "empskillassignRating" : 3,
         "skill" : {
            "skill" : "CRM",
            "skillId" : 16
         }
      }, {
         "empskillassignId" : 80839,
         "empskillassignRating" : 1,
         "skill" : {
            "skill" : "Recruiting",
            "skillId" : 13
         }
      }, {
         "empskillassignId" : 80840,
         "empskillassignRating" : 4,
         "skill" : {
            "skill" : "Excel",
            "skillId" : 3
         }
      }, {
         "empskillassignId" : 80841,
         "empskillassignRating" : 4,
         "skill" : {
            "skill" : "Project Planning",
            "skillId" : 11
         }
      }, {
         "empskillassignId" : 80842,
         "empskillassignRating" : 4,
         "skill" : {
            "skill" : "Corporate Tax",
            "skillDescription" : "Corporate Tax",
            "skillId" : 2
         }
      }, {
         "empskillassignId" : 80843,
         "empskillassignRating" : 3,
         "skill" : {
            "skill" : "Bookeeping",
            "skillDescription" : "Bookeeping",
            "skillId" : 1
         }
      }, {
         "empskillassignId" : 80844,
         "empskillassignRating" : 4,
         "skill" : {
            "skill" : "Financials",
            "skillId" : 15
         }
      }, {
         "empskillassignId" : 80845,
         "empskillassignRating" : 3,
         "skill" : {
            "skill" : "Outsourcing",
            "skillId" : 20
         }
      }, {
         "empskillassignId" : 80846,
         "empskillassignRating" : 3,
         "skill" : {
            "skill" : "Engineering",
            "skillId" : 19
         }
      }, {
         "empskillassignId" : 80847,
         "empskillassignRating" : 4,
         "skill" : {
            "skill" : "Estimation",
            "skillId" : 23
         }
      }, {
         "empskillassignId" : 80848,
         "empskillassignRating" : 3,
         "skill" : {
            "skill" : "Human Resources",
            "skillId" : 18
         }
      }, {
         "empskillassignId" : 80849,
         "empskillassignRating" : 4,
         "skill" : {
            "skill" : "Word",
            "skillId" : 4
         }
      }, {
         "empskillassignId" : 80850,
         "empskillassignRating" : 4,
         "skill" : {
            "skill" : "Statistics",
            "skillId" : 5
         }
      }, {
         "empskillassignId" : 80851,
         "empskillassignRating" : 3,
         "skill" : {
            "skill" : "Staffing",
            "skillId" : 24
         }
      }, {
         "empskillassignId" : 80852,
         "empskillassignRating" : 4,
         "skill" : {
            "skill" : "Java",
            "skillId" : 7
         }
      }, {
         "empskillassignId" : 80853,
         "empskillassignRating" : 1,
         "skill" : {
            "skill" : "Testing",
            "skillId" : 9
         }
      }, {
         "empskillassignId" : 80854,
         "empskillassignRating" : 2,
         "skill" : {
            "skill" : "Risk Analysis",
            "skillId" : 12
         }
      } ],
      "events" : [ {
         "color" : "#fbce4a",
         "description" : "Mobility",
         "end" : "2006-08-28T00:00:00-07:00",
         "eventId" : 147232,
         "name" : "Training",
         "start" : "2006-08-23T00:00:00-07:00",
         "type" : "3"
      }, {
         "color" : "#fbce4a",
         "description" : "Effective Mgmt",
         "end" : "2006-03-18T00:00:00-08:00",
         "eventId" : 147233,
         "name" : "Training",
         "start" : "2006-03-17T00:00:00-08:00",
         "type" : "3"
      }, {
         "color" : "#309fdb",
         "description" : "XYZ Systems",
         "end" : "2006-07-06T00:00:00-07:00",
         "eventId" : 147234,
         "name" : "Customer Meeting",
         "start" : "2006-07-05T00:00:00-07:00",
         "type" : "1"
      }, {
         "color" : "#81bb5f",
         "description" : "Sick",
         "end" : "2006-12-20T00:00:00-08:00",
         "eventId" : 147235,
         "name" : "Time Off",
         "start" : "2006-12-17T00:00:00-08:00",
         "type" : "4"
      }, {
         "color" : "#309fdb",
         "description" : "Bar Inc",
         "end" : "2007-09-19T00:00:00-07:00",
         "eventId" : 147236,
         "name" : "Customer Meeting",
         "start" : "2007-09-18T00:00:00-07:00",
         "type" : "1"
      }, {
         "color" : "#81bb5f",
         "description" : "Bereavement",
         "end" : "2007-04-13T00:00:00-07:00",
         "eventId" : 147237,
         "name" : "Time Off",
         "start" : "2007-04-08T00:00:00-07:00",
         "type" : "4"
      }, {
         "color" : "#fbce4a",
         "description" : "Sexual Harrassment",
         "end" : "2008-04-12T00:00:00-07:00",
         "eventId" : 147238,
         "name" : "Training",
         "start" : "2008-04-09T00:00:00-07:00",
         "type" : "3"
      }, {
         "color" : "#81bb5f",
         "description" : "Vacation",
         "end" : "2008-02-02T00:00:00-08:00",
         "eventId" : 147239,
         "name" : "Time Off",
         "start" : "2008-02-01T00:00:00-08:00",
         "type" : "4"
      }, {
         "color" : "#309fdb",
         "description" : "Bar Inc",
         "end" : "2008-04-08T00:00:00-07:00",
         "eventId" : 147240,
         "name" : "Customer Meeting",
         "start" : "2008-04-07T00:00:00-07:00",
         "type" : "1"
      }, {
         "color" : "#fbce4a",
         "description" : "Mgr Essentials",
         "end" : "2009-11-08T00:00:00-08:00",
         "eventId" : 147241,
         "name" : "Training",
         "start" : "2009-11-03T00:00:00-08:00",
         "type" : "3"
      }, {
         "color" : "#81bb5f",
         "description" : "Sick",
         "end" : "2009-03-16T00:00:00-07:00",
         "eventId" : 147242,
         "name" : "Time Off",
         "start" : "2009-03-13T00:00:00-07:00",
         "type" : "4"
      }, {
         "color" : "#309fdb",
         "description" : "DEF Inc",
         "end" : "2010-09-21T00:00:00-07:00",
         "eventId" : 147243,
         "name" : "Customer Meeting",
         "start" : "2010-09-20T00:00:00-07:00",
         "type" : "1"
      }, {
         "color" : "#ed813e",
         "description" : "Winner's Circle",
         "end" : "2010-04-08T00:00:00-07:00",
         "eventId" : 147244,
         "name" : "Event",
         "start" : "2010-04-03T00:00:00-07:00",
         "type" : "2"
      }, {
         "color" : "#309fdb",
         "description" : "Acme Ent",
         "end" : "2010-05-05T00:00:00-07:00",
         "eventId" : 147245,
         "name" : "Customer Meeting",
         "start" : "2010-05-01T00:00:00-07:00",
         "type" : "1"
      }, {
         "color" : "#fbce4a",
         "description" : "ava Development",
         "end" : "2010-05-16T00:00:00-07:00",
         "eventId" : 147246,
         "name" : "Training",
         "start" : "2010-05-11T00:00:00-07:00",
         "type" : "3"
      }, {
         "color" : "#309fdb",
         "description" : "ABC LLC",
         "end" : "2011-12-04T00:00:00-08:00",
         "eventId" : 147247,
         "name" : "Customer Meeting",
         "start" : "2011-12-03T00:00:00-08:00",
         "type" : "1"
      }, {
         "color" : "#ed813e",
         "description" : "Customer Advisory Board",
         "end" : "2011-12-23T00:00:00-08:00",
         "eventId" : 147248,
         "name" : "Event",
         "start" : "2011-12-18T00:00:00-08:00",
         "type" : "2"
      }, {
         "color" : "#ed813e",
         "description" : "Winner's Circle",
         "end" : "2012-10-09T00:00:00-07:00",
         "eventId" : 147249,
         "name" : "Event",
         "start" : "2012-10-07T00:00:00-07:00",
         "type" : "2"
      }, {
         "color" : "#fbce4a",
         "description" : "Mobility",
         "end" : "2012-05-08T00:00:00-07:00",
         "eventId" : 147250,
         "name" : "Training",
         "start" : "2012-05-06T00:00:00-07:00",
         "type" : "3"
      }, {
         "color" : "#309fdb",
         "description" : "BBB Ltd",
         "end" : "2012-08-25T00:00:00-07:00",
         "eventId" : 147251,
         "name" : "Customer Meeting",
         "start" : "2012-08-21T00:00:00-07:00",
         "type" : "1"
      }, {
         "color" : "#309fdb",
         "description" : "Bar Inc",
         "end" : "2013-05-17T00:00:00-07:00",
         "eventId" : 147252,
         "name" : "Customer Meeting",
         "start" : "2013-05-13T00:00:00-07:00",
         "type" : "1"
      }, {
         "color" : "#309fdb",
         "description" : "ABC LLC",
         "end" : "2013-03-26T00:00:00-07:00",
         "eventId" : 147253,
         "name" : "Customer Meeting",
         "start" : "2013-03-25T00:00:00-07:00",
         "type" : "1"
      }, {
         "color" : "#ed813e",
         "description" : "Sales Convention",
         "end" : "2013-01-16T00:00:00-08:00",
         "eventId" : 147254,
         "name" : "Event",
         "start" : "2013-01-12T00:00:00-08:00",
         "type" : "2"
      }, {
         "color" : "#ed813e",
         "description" : "Feedback Session",
         "end" : "2014-04-24T00:00:00-07:00",
         "eventId" : 147255,
         "name" : "Event",
         "start" : "2014-04-21T00:00:00-07:00",
         "type" : "2"
      }, {
         "color" : "#309fdb",
         "description" : "Foo Ltd",
         "end" : "2014-09-25T00:00:00-07:00",
         "eventId" : 147256,
         "name" : "Customer Meeting",
         "start" : "2014-09-22T00:00:00-07:00",
         "type" : "1"
      }, {
         "color" : "#ed813e",
         "description" : "Business Meeting",
         "end" : "2014-12-15T00:00:00-08:00",
         "eventId" : 147257,
         "name" : "Event",
         "start" : "2014-12-11T00:00:00-08:00",
         "type" : "2"
      }, {
         "color" : "#ed813e",
         "description" : "Business Meeting",
         "end" : "2015-05-05T04:00:04-07:00",
         "eventId" : 147258,
         "name" : "Event",
         "start" : "2015-05-01T04:00:04-07:00",
         "type" : "2"
      }, {
         "color" : "#81bb5f",
         "description" : "Sick",
         "end" : "2015-07-09T04:00:04-07:00",
         "eventId" : 147259,
         "name" : "Time Off",
         "start" : "2015-07-07T04:00:04-07:00",
         "type" : "4"
      }, {
         "color" : "#fbce4a",
         "description" : "Sexual Harrassment",
         "end" : "2015-05-25T04:00:04-07:00",
         "eventId" : 147260,
         "name" : "Training",
         "start" : "2015-05-23T04:00:04-07:00",
         "type" : "3"
      } ],
      "colleaguePerfs" : [ {
         "effective" : "2015-02-23T00:00:00-08:00",
         "perfId" : 41269,
         "potential" : 2,
         "rating" : 4
      }, {
         "effective" : "2015-02-19T00:00:00-08:00",
         "perfId" : 41424,
         "potential" : 5,
         "rating" : 4
      }, {
         "effective" : "2015-08-15T00:00:00-07:00",
         "perfId" : 41430,
         "potential" : 4,
         "rating" : 5
      }, {
         "effective" : "2015-10-11T00:00:00-07:00",
         "perfId" : 41501,
         "potential" : 5,
         "rating" : 2
      }, {
         "effective" : "2015-07-11T00:00:00-07:00",
         "perfId" : 41532,
         "potential" : 5,
         "rating" : 4
      }, {
         "effective" : "2015-10-25T00:00:00-07:00",
         "perfId" : 41740,
         "potential" : 3,
         "rating" : 2
      }, {
         "effective" : "2015-10-01T00:00:00-07:00",
         "perfId" : 41771,
         "potential" : 2,
         "rating" : 2
      }, {
         "effective" : "2015-07-22T00:00:00-07:00",
         "perfId" : 41942,
         "potential" : 4,
         "rating" : 4
      } ],
      "reports" : [ ]
   }