{
      "empId" : 127,
      "firstName" : "James",
      "lastName" : "Landry",
      "title" : "Stock Clerk",
      "email" : "JLANDRY",
      "phone" : "650.124.1334",
      "mobile" : "650.124.1334",
      "address" : "2011 Main Street",
      "city" : "South San Francisco",
      "state" : "California",
      "country" : "US",
      "postal" : "94105",
      "twitter" : "James",
      "facebook" : "James",
      "google" : "James",
      "linkedIn" : "James",
      "hireDate" : "2009-03-01T00:00:00-08:00",
      "compRatio" : 7,
      "salary" : 5400.0,
      "bonus" : 600.0,
      "commission" : 0.0,
      "rating" : 2,
      "potential" : 2,
      "deptId" : 50,
      "mgrId" : 120,
      "deptName" : "Shipping",
      "mgrFirstName" : "Matthew",
      "mgrLastName" : "Weiss",
      "teamAvgRating" : 3.0,
      "empMeetings" : 0,
      "empEvents" : 0,
      "notifyApproved" : 3,
      "notifyWaiting" : 4,
      "notifyRejected" : 1,
      "groupSize" : 1,
      "groupAvgRating" : 2.0,
      "groupAvgPotential" : 2.0,
      "groupCompRatioAbove" : 0,
      "groupCompRatioIn" : 1,
      "groupCompRatioBelow" : 1,
      "groupMeetings" : 1,
      "groupEvents" : 0,
      "groupTrainings" : 1,
      "groupTimeOff" : 0,
      "comps" : [ {
         "bonus" : 600,
         "comission" : 0,
         "compId" : 49535,
         "compRatio" : 7,
         "compSalary" : 5400,
         "effective" : "2015-03-12T00:00:00-07:00"
      }, {
         "bonus" : 570,
         "comission" : 0,
         "compId" : 49536,
         "compRatio" : 43,
         "compSalary" : 5130,
         "effective" : "2014-06-01T00:00:00-07:00"
      }, {
         "bonus" : 564.3,
         "comission" : 0,
         "compId" : 49537,
         "compRatio" : 80,
         "compSalary" : 4976.1,
         "effective" : "2013-12-03T00:00:00-08:00"
      }, {
         "bonus" : 553.014,
         "comission" : 0,
         "compId" : 49538,
         "compRatio" : 59,
         "compSalary" : 4826.817,
         "effective" : "2012-07-08T00:00:00-07:00"
      }, {
         "bonus" : 530.89344,
         "comission" : 0,
         "compId" : 49539,
         "compRatio" : 116,
         "compSalary" : 4585.47615,
         "effective" : "2011-05-08T00:00:00-07:00"
      }, {
         "bonus" : 499.0398336,
         "comission" : 0,
         "compId" : 49540,
         "compRatio" : 115,
         "compSalary" : 4539.6213885,
         "effective" : "2010-12-26T00:00:00-08:00"
      }, {
         "bonus" : 494.049435264,
         "comission" : 0,
         "compId" : 49541,
         "compRatio" : 103,
         "compSalary" : 4312.640319075,
         "effective" : "2009-06-02T00:00:00-07:00"
      } ],
      "perfs" : [ {
         "effective" : "2009-07-03T00:00:00-07:00",
         "perfId" : 41276,
         "potential" : 5,
         "rating" : 4
      }, {
         "effective" : "2010-04-05T00:00:00-07:00",
         "perfId" : 41277,
         "potential" : 2,
         "rating" : 4
      }, {
         "effective" : "2011-09-22T00:00:00-07:00",
         "perfId" : 41278,
         "potential" : 3,
         "rating" : 5
      }, {
         "effective" : "2012-08-27T00:00:00-07:00",
         "perfId" : 41279,
         "potential" : 4,
         "rating" : 5
      }, {
         "effective" : "2013-03-24T00:00:00-07:00",
         "perfId" : 41280,
         "potential" : 2,
         "rating" : 4
      }, {
         "effective" : "2014-05-25T00:00:00-07:00",
         "perfId" : 41281,
         "potential" : 2,
         "rating" : 4
      }, {
         "effective" : "2015-08-12T00:00:00-07:00",
         "perfId" : 41282,
         "potential" : 2,
         "rating" : 2
      } ],
      "skills" : [ {
         "empskillassignId" : 80152,
         "empskillassignRating" : 2,
         "skill" : {
            "skill" : "Strategy",
            "skillId" : 22
         }
      }, {
         "empskillassignId" : 80153,
         "empskillassignRating" : 4,
         "skill" : {
            "skill" : "Java",
            "skillId" : 7
         }
      }, {
         "empskillassignId" : 80154,
         "empskillassignRating" : 1,
         "skill" : {
            "skill" : "Management",
            "skillId" : 14
         }
      }, {
         "empskillassignId" : 80155,
         "empskillassignRating" : 5,
         "skill" : {
            "skill" : "Excel",
            "skillId" : 3
         }
      }, {
         "empskillassignId" : 80156,
         "empskillassignRating" : 5,
         "skill" : {
            "skill" : "Analytics",
            "skillId" : 8
         }
      }, {
         "empskillassignId" : 80157,
         "empskillassignRating" : 5,
         "skill" : {
            "skill" : "Estimation",
            "skillId" : 23
         }
      } ],
      "events" : [ {
         "color" : "#309fdb",
         "description" : "Bar Inc",
         "end" : "2015-08-15T04:00:03-07:00",
         "eventId" : 145811,
         "name" : "Customer Meeting",
         "start" : "2015-08-12T04:00:03-07:00",
         "type" : "1"
      }, {
         "color" : "#309fdb",
         "description" : "Acme Ent",
         "end" : "2009-11-06T00:00:00-08:00",
         "eventId" : 145788,
         "name" : "Customer Meeting",
         "start" : "2009-11-01T00:00:00-07:00",
         "type" : "1"
      }, {
         "color" : "#309fdb",
         "description" : "XYZ Systems",
         "end" : "2009-02-19T00:00:00-08:00",
         "eventId" : 145789,
         "name" : "Customer Meeting",
         "start" : "2009-02-18T00:00:00-08:00",
         "type" : "1"
      }, {
         "color" : "#309fdb",
         "description" : "Oracle",
         "end" : "2009-01-27T00:00:00-08:00",
         "eventId" : 145790,
         "name" : "Customer Meeting",
         "start" : "2009-01-23T00:00:00-08:00",
         "type" : "1"
      }, {
         "color" : "#ed813e",
         "description" : "StockHolder's Meeting",
         "end" : "2009-02-28T00:00:00-08:00",
         "eventId" : 145791,
         "name" : "Event",
         "start" : "2009-02-23T00:00:00-08:00",
         "type" : "2"
      }, {
         "color" : "#309fdb",
         "description" : "Bar Inc",
         "end" : "2010-11-06T00:00:00-07:00",
         "eventId" : 145792,
         "name" : "Customer Meeting",
         "start" : "2010-11-02T00:00:00-07:00",
         "type" : "1"
      }, {
         "color" : "#ed813e",
         "description" : "StockHolder's Meeting",
         "end" : "2010-07-26T00:00:00-07:00",
         "eventId" : 145793,
         "name" : "Event",
         "start" : "2010-07-23T00:00:00-07:00",
         "type" : "2"
      }, {
         "color" : "#309fdb",
         "description" : "ABC LLC",
         "end" : "2010-03-26T00:00:00-07:00",
         "eventId" : 145794,
         "name" : "Customer Meeting",
         "start" : "2010-03-22T00:00:00-07:00",
         "type" : "1"
      }, {
         "color" : "#309fdb",
         "description" : "Foo Ltd",
         "end" : "2010-05-11T00:00:00-07:00",
         "eventId" : 145795,
         "name" : "Customer Meeting",
         "start" : "2010-05-10T00:00:00-07:00",
         "type" : "1"
      }, {
         "color" : "#309fdb",
         "description" : "CCC Enterprises",
         "end" : "2011-07-27T00:00:00-07:00",
         "eventId" : 145796,
         "name" : "Customer Meeting",
         "start" : "2011-07-22T00:00:00-07:00",
         "type" : "1"
      }, {
         "color" : "#81bb5f",
         "description" : "Vacation",
         "end" : "2011-08-27T00:00:00-07:00",
         "eventId" : 145797,
         "name" : "Time Off",
         "start" : "2011-08-23T00:00:00-07:00",
         "type" : "4"
      }, {
         "color" : "#ed813e",
         "description" : "StockHolder's Meeting",
         "end" : "2011-10-08T00:00:00-07:00",
         "eventId" : 145798,
         "name" : "Event",
         "start" : "2011-10-04T00:00:00-07:00",
         "type" : "2"
      }, {
         "color" : "#309fdb",
         "description" : "CCC Enterprises",
         "end" : "2011-05-25T00:00:00-07:00",
         "eventId" : 145799,
         "name" : "Customer Meeting",
         "start" : "2011-05-23T00:00:00-07:00",
         "type" : "1"
      }, {
         "color" : "#ed813e",
         "description" : "User Group Meetup",
         "end" : "2012-11-05T00:00:00-08:00",
         "eventId" : 145800,
         "name" : "Event",
         "start" : "2012-11-04T00:00:00-07:00",
         "type" : "2"
      }, {
         "color" : "#81bb5f",
         "description" : "Vacation",
         "end" : "2012-09-21T00:00:00-07:00",
         "eventId" : 145801,
         "name" : "Time Off",
         "start" : "2012-09-20T00:00:00-07:00",
         "type" : "4"
      }, {
         "color" : "#fbce4a",
         "description" : "Sales",
         "end" : "2013-12-06T00:00:00-08:00",
         "eventId" : 145802,
         "name" : "Training",
         "start" : "2013-12-02T00:00:00-08:00",
         "type" : "3"
      }, {
         "color" : "#309fdb",
         "description" : "Bar Inc",
         "end" : "2013-03-14T00:00:00-07:00",
         "eventId" : 145803,
         "name" : "Customer Meeting",
         "start" : "2013-03-09T00:00:00-08:00",
         "type" : "1"
      }, {
         "color" : "#ed813e",
         "description" : "Development Convention",
         "end" : "2013-03-15T00:00:00-07:00",
         "eventId" : 145804,
         "name" : "Event",
         "start" : "2013-03-12T00:00:00-07:00",
         "type" : "2"
      }, {
         "color" : "#ed813e",
         "description" : "Trade Show",
         "end" : "2013-11-18T00:00:00-08:00",
         "eventId" : 145805,
         "name" : "Event",
         "start" : "2013-11-14T00:00:00-08:00",
         "type" : "2"
      }, {
         "color" : "#fbce4a",
         "description" : "Public Speaking",
         "end" : "2014-03-25T00:00:00-07:00",
         "eventId" : 145806,
         "name" : "Training",
         "start" : "2014-03-22T00:00:00-07:00",
         "type" : "3"
      }, {
         "color" : "#81bb5f",
         "description" : "Sick",
         "end" : "2014-07-11T00:00:00-07:00",
         "eventId" : 145807,
         "name" : "Time Off",
         "start" : "2014-07-08T00:00:00-07:00",
         "type" : "4"
      }, {
         "color" : "#fbce4a",
         "description" : "Sexual Harrassment",
         "end" : "2014-05-20T00:00:00-07:00",
         "eventId" : 145808,
         "name" : "Training",
         "start" : "2014-05-17T00:00:00-07:00",
         "type" : "3"
      }, {
         "color" : "#ed813e",
         "description" : "Feedback Session",
         "end" : "2014-06-27T00:00:00-07:00",
         "eventId" : 145809,
         "name" : "Event",
         "start" : "2014-06-25T00:00:00-07:00",
         "type" : "2"
      }, {
         "color" : "#fbce4a",
         "description" : "ava Development",
         "end" : "2015-07-21T04:00:03-07:00",
         "eventId" : 145810,
         "name" : "Training",
         "start" : "2015-07-17T04:00:03-07:00",
         "type" : "3"
      } ],
      "colleaguePerfs" : [ {
         "effective" : "2015-08-12T00:00:00-07:00",
         "perfId" : 41282,
         "potential" : 2,
         "rating" : 2
      }, {
         "effective" : "2015-02-24T00:00:00-08:00",
         "perfId" : 41325,
         "potential" : 2,
         "rating" : 5
      }, {
         "effective" : "2015-12-17T00:00:00-08:00",
         "perfId" : 41371,
         "potential" : 5,
         "rating" : 2
      }, {
         "effective" : "2015-08-10T00:00:00-07:00",
         "perfId" : 41391,
         "potential" : 2,
         "rating" : 3
      }, {
         "effective" : "2015-11-23T00:00:00-08:00",
         "perfId" : 41545,
         "potential" : 2,
         "rating" : 2
      }, {
         "effective" : "2015-10-27T00:00:00-07:00",
         "perfId" : 41569,
         "potential" : 5,
         "rating" : 3
      }, {
         "effective" : "2015-02-22T00:00:00-08:00",
         "perfId" : 41975,
         "potential" : 4,
         "rating" : 4
      } ],
      "reports" : [ ]
   }