{
      "empId" : 150,
      "firstName" : "Polly",
      "lastName" : "Tucker",
      "title" : "Sales Representative",
      "email" : "PTUCKER",
      "phone" : "011.44.1344.129268",
      "mobile" : "011.44.1344.129268",
      "address" : "Magdalen Centre The Oxford Science Park",
      "city" : "Oxford",
      "state" : "Oxford",
      "country" : "UK",
      "postal" : "OX9 9ZB",
      "twitter" : "Polly",
      "facebook" : "Polly",
      "google" : "Polly",
      "linkedIn" : "Polly",
      "hireDate" : "2004-09-14T00:00:00-07:00",
      "compRatio" : 16,
      "salary" : 10000.0,
      "bonus" : 2500.0,
      "commission" : 3000.0,
      "rating" : 4,
      "potential" : 3,
      "deptId" : 80,
      "mgrId" : 145,
      "deptName" : "Sales",
      "mgrFirstName" : "Joanne",
      "mgrLastName" : "Russell",
      "teamAvgRating" : 3.5,
      "empMeetings" : 0,
      "empEvents" : 0,
      "notifyApproved" : 3,
      "notifyWaiting" : 4,
      "notifyRejected" : 1,
      "groupSize" : 1,
      "groupAvgRating" : 4.0,
      "groupAvgPotential" : 3.0,
      "groupCompRatioAbove" : 0,
      "groupCompRatioIn" : 1,
      "groupCompRatioBelow" : 1,
      "groupMeetings" : 1,
      "groupEvents" : 1,
      "groupTrainings" : 0,
      "groupTimeOff" : 0,
      "comps" : [ {
         "bonus" : 2500,
         "comission" : 3000,
         "compId" : 49836,
         "compRatio" : 16,
         "compSalary" : 10000,
         "effective" : "2015-11-21T00:00:00-08:00"
      }, {
         "bonus" : 2300,
         "comission" : 2700,
         "compId" : 49837,
         "compRatio" : 32,
         "compSalary" : 9700,
         "effective" : "2014-09-01T00:00:00-07:00"
      }, {
         "bonus" : 2208,
         "comission" : 2511,
         "compId" : 49838,
         "compRatio" : 26,
         "compSalary" : 9409,
         "effective" : "2013-09-02T00:00:00-07:00"
      }, {
         "bonus" : 2119.68,
         "comission" : 2360.34,
         "compId" : 49839,
         "compRatio" : 79,
         "compSalary" : 9032.64,
         "effective" : "2012-01-11T00:00:00-08:00"
      }, {
         "bonus" : 1907.712,
         "comission" : 2171.5128,
         "compId" : 49840,
         "compRatio" : 16,
         "compSalary" : 8851.9872,
         "effective" : "2011-02-12T00:00:00-08:00"
      }, {
         "bonus" : 1716.9408,
         "comission" : 1976.076648,
         "compId" : 49841,
         "compRatio" : 90,
         "compSalary" : 8497.907712,
         "effective" : "2010-11-27T00:00:00-08:00"
      }, {
         "bonus" : 1579.585536,
         "comission" : 1778.4689832,
         "compId" : 49842,
         "compRatio" : 95,
         "compSalary" : 8412.92863488,
         "effective" : "2009-05-18T00:00:00-07:00"
      }, {
         "bonus" : 1437.42283776,
         "comission" : 1671.760844208,
         "compId" : 49843,
         "compRatio" : 88,
         "compSalary" : 8244.6700621824,
         "effective" : "2008-01-13T00:00:00-08:00"
      }, {
         "bonus" : 1394.3001526272,
         "comission" : 1588.1728019976,
         "compId" : 49844,
         "compRatio" : 99,
         "compSalary" : 7914.883259695104,
         "effective" : "2007-08-02T00:00:00-07:00"
      }, {
         "bonus" : 1310.642143469568,
         "comission" : 1508.76416189772,
         "compId" : 49845,
         "compRatio" : 24,
         "compSalary" : 7756.58559450120192,
         "effective" : "2006-02-27T00:00:00-08:00"
      }, {
         "bonus" : 1258.21645773078528,
         "comission" : 1388.0630289459024,
         "compId" : 49846,
         "compRatio" : 1,
         "compSalary" : 7601.4538826111778816,
         "effective" : "2005-09-15T00:00:00-07:00"
      }, {
         "bonus" : 1182.7234702669381632,
         "comission" : 1318.65987749860728,
         "compId" : 49847,
         "compRatio" : 83,
         "compSalary" : 7525.439343785066102784,
         "effective" : "2004-05-03T00:00:00-07:00"
      } ],
      "perfs" : [ {
         "effective" : "2004-03-03T00:00:00-08:00",
         "perfId" : 41577,
         "potential" : 3,
         "rating" : 4
      }, {
         "effective" : "2005-07-04T00:00:00-07:00",
         "perfId" : 41578,
         "potential" : 4,
         "rating" : 3
      }, {
         "effective" : "2006-01-02T00:00:00-08:00",
         "perfId" : 41579,
         "potential" : 4,
         "rating" : 2
      }, {
         "effective" : "2007-12-22T00:00:00-08:00",
         "perfId" : 41580,
         "potential" : 4,
         "rating" : 4
      }, {
         "effective" : "2008-11-22T00:00:00-08:00",
         "perfId" : 41581,
         "potential" : 5,
         "rating" : 2
      }, {
         "effective" : "2009-11-15T00:00:00-08:00",
         "perfId" : 41582,
         "potential" : 3,
         "rating" : 2
      }, {
         "effective" : "2010-06-20T00:00:00-07:00",
         "perfId" : 41583,
         "potential" : 2,
         "rating" : 3
      }, {
         "effective" : "2011-05-07T00:00:00-07:00",
         "perfId" : 41584,
         "potential" : 2,
         "rating" : 4
      }, {
         "effective" : "2012-12-27T00:00:00-08:00",
         "perfId" : 41585,
         "potential" : 4,
         "rating" : 2
      }, {
         "effective" : "2013-05-18T00:00:00-07:00",
         "perfId" : 41586,
         "potential" : 5,
         "rating" : 3
      }, {
         "effective" : "2014-03-01T00:00:00-08:00",
         "perfId" : 41587,
         "potential" : 4,
         "rating" : 4
      }, {
         "effective" : "2015-05-10T00:00:00-07:00",
         "perfId" : 41588,
         "potential" : 3,
         "rating" : 4
      } ],
      "skills" : [ {
         "empskillassignId" : 80556,
         "empskillassignRating" : 5,
         "skill" : {
            "skill" : "Javascript",
            "skillId" : 6
         }
      }, {
         "empskillassignId" : 80557,
         "empskillassignRating" : 4,
         "skill" : {
            "skill" : "Java",
            "skillId" : 7
         }
      }, {
         "empskillassignId" : 80558,
         "empskillassignRating" : 4,
         "skill" : {
            "skill" : "Budgeting",
            "skillId" : 25
         }
      }, {
         "empskillassignId" : 80559,
         "empskillassignRating" : 1,
         "skill" : {
            "skill" : "Strategy",
            "skillId" : 22
         }
      }, {
         "empskillassignId" : 80560,
         "empskillassignRating" : 3,
         "skill" : {
            "skill" : "Analytics",
            "skillId" : 8
         }
      }, {
         "empskillassignId" : 80561,
         "empskillassignRating" : 3,
         "skill" : {
            "skill" : "Bookeeping",
            "skillDescription" : "Bookeeping",
            "skillId" : 1
         }
      }, {
         "empskillassignId" : 80562,
         "empskillassignRating" : 4,
         "skill" : {
            "skill" : "HCM",
            "skillId" : 17
         }
      }, {
         "empskillassignId" : 80563,
         "empskillassignRating" : 3,
         "skill" : {
            "skill" : "Staffing",
            "skillId" : 24
         }
      }, {
         "empskillassignId" : 80564,
         "empskillassignRating" : 3,
         "skill" : {
            "skill" : "Procurement",
            "skillId" : 21
         }
      }, {
         "empskillassignId" : 80565,
         "empskillassignRating" : 1,
         "skill" : {
            "skill" : "Word",
            "skillId" : 4
         }
      }, {
         "empskillassignId" : 80566,
         "empskillassignRating" : 4,
         "skill" : {
            "skill" : "CRM",
            "skillId" : 16
         }
      } ],
      "events" : [ {
         "color" : "#309fdb",
         "description" : "DEF Inc",
         "end" : "2004-10-05T00:00:00-07:00",
         "eventId" : 146680,
         "name" : "Customer Meeting",
         "start" : "2004-10-02T00:00:00-07:00",
         "type" : "1"
      }, {
         "color" : "#309fdb",
         "description" : "AAA Inc",
         "end" : "2004-06-06T00:00:00-07:00",
         "eventId" : 146681,
         "name" : "Customer Meeting",
         "start" : "2004-06-02T00:00:00-07:00",
         "type" : "1"
      }, {
         "color" : "#fbce4a",
         "description" : "ava Development",
         "end" : "2004-11-15T00:00:00-08:00",
         "eventId" : 146682,
         "name" : "Training",
         "start" : "2004-11-12T00:00:00-08:00",
         "type" : "3"
      }, {
         "color" : "#ed813e",
         "description" : "StockHolder's Meeting",
         "end" : "2005-02-27T00:00:00-08:00",
         "eventId" : 146683,
         "name" : "Event",
         "start" : "2005-02-26T00:00:00-08:00",
         "type" : "2"
      }, {
         "color" : "#81bb5f",
         "description" : "Bereavement",
         "end" : "2005-03-29T00:00:00-08:00",
         "eventId" : 146684,
         "name" : "Time Off",
         "start" : "2005-03-26T00:00:00-08:00",
         "type" : "4"
      }, {
         "color" : "#ed813e",
         "description" : "User Group Meetup",
         "end" : "2005-11-25T00:00:00-08:00",
         "eventId" : 146685,
         "name" : "Event",
         "start" : "2005-11-21T00:00:00-08:00",
         "type" : "2"
      }, {
         "color" : "#fbce4a",
         "description" : "iOS Development",
         "end" : "2005-01-19T00:00:00-08:00",
         "eventId" : 146686,
         "name" : "Training",
         "start" : "2005-01-15T00:00:00-08:00",
         "type" : "3"
      }, {
         "color" : "#309fdb",
         "description" : "Foo Ltd",
         "end" : "2006-04-16T00:00:00-07:00",
         "eventId" : 146687,
         "name" : "Customer Meeting",
         "start" : "2006-04-15T00:00:00-07:00",
         "type" : "1"
      }, {
         "color" : "#309fdb",
         "description" : "BBB Ltd",
         "end" : "2006-03-23T00:00:00-08:00",
         "eventId" : 146688,
         "name" : "Customer Meeting",
         "start" : "2006-03-22T00:00:00-08:00",
         "type" : "1"
      }, {
         "color" : "#81bb5f",
         "description" : "Sick",
         "end" : "2006-02-13T00:00:00-08:00",
         "eventId" : 146689,
         "name" : "Time Off",
         "start" : "2006-02-09T00:00:00-08:00",
         "type" : "4"
      }, {
         "color" : "#81bb5f",
         "description" : "Bereavement",
         "end" : "2007-01-12T00:00:00-08:00",
         "eventId" : 146690,
         "name" : "Time Off",
         "start" : "2007-01-10T00:00:00-08:00",
         "type" : "4"
      }, {
         "color" : "#ed813e",
         "description" : "Winner's Circle",
         "end" : "2007-11-02T00:00:00-07:00",
         "eventId" : 146691,
         "name" : "Event",
         "start" : "2007-11-01T00:00:00-07:00",
         "type" : "2"
      }, {
         "color" : "#fbce4a",
         "description" : "Effective Mgmt",
         "end" : "2007-01-11T00:00:00-08:00",
         "eventId" : 146692,
         "name" : "Training",
         "start" : "2007-01-08T00:00:00-08:00",
         "type" : "3"
      }, {
         "color" : "#fbce4a",
         "description" : "ava Development",
         "end" : "2007-02-28T00:00:00-08:00",
         "eventId" : 146693,
         "name" : "Training",
         "start" : "2007-02-25T00:00:00-08:00",
         "type" : "3"
      }, {
         "color" : "#ed813e",
         "description" : "User Group Meetup",
         "end" : "2008-09-03T00:00:00-07:00",
         "eventId" : 146694,
         "name" : "Event",
         "start" : "2008-09-01T00:00:00-07:00",
         "type" : "2"
      }, {
         "color" : "#ed813e",
         "description" : "Design Awards",
         "end" : "2008-10-05T00:00:00-07:00",
         "eventId" : 146695,
         "name" : "Event",
         "start" : "2008-10-01T00:00:00-07:00",
         "type" : "2"
      }, {
         "color" : "#fbce4a",
         "description" : "Effective Mgmt",
         "end" : "2009-12-15T00:00:00-08:00",
         "eventId" : 146696,
         "name" : "Training",
         "start" : "2009-12-10T00:00:00-08:00",
         "type" : "3"
      }, {
         "color" : "#309fdb",
         "description" : "Oracle",
         "end" : "2009-02-13T00:00:00-08:00",
         "eventId" : 146697,
         "name" : "Customer Meeting",
         "start" : "2009-02-08T00:00:00-08:00",
         "type" : "1"
      }, {
         "color" : "#ed813e",
         "description" : "Trade Show",
         "end" : "2009-05-06T00:00:00-07:00",
         "eventId" : 146698,
         "name" : "Event",
         "start" : "2009-05-02T00:00:00-07:00",
         "type" : "2"
      }, {
         "color" : "#ed813e",
         "description" : "Development Convention",
         "end" : "2009-11-04T00:00:00-08:00",
         "eventId" : 146699,
         "name" : "Event",
         "start" : "2009-11-02T00:00:00-08:00",
         "type" : "2"
      }, {
         "color" : "#81bb5f",
         "description" : "Vacation",
         "end" : "2010-12-05T00:00:00-08:00",
         "eventId" : 146700,
         "name" : "Time Off",
         "start" : "2010-12-02T00:00:00-08:00",
         "type" : "4"
      }, {
         "color" : "#309fdb",
         "description" : "Acme Ent",
         "end" : "2010-06-05T00:00:00-07:00",
         "eventId" : 146701,
         "name" : "Customer Meeting",
         "start" : "2010-06-02T00:00:00-07:00",
         "type" : "1"
      }, {
         "color" : "#fbce4a",
         "description" : "Security",
         "end" : "2010-09-05T00:00:00-07:00",
         "eventId" : 146702,
         "name" : "Training",
         "start" : "2010-09-04T00:00:00-07:00",
         "type" : "3"
      }, {
         "color" : "#fbce4a",
         "description" : "Mgr Essentials",
         "end" : "2010-09-24T00:00:00-07:00",
         "eventId" : 146703,
         "name" : "Training",
         "start" : "2010-09-23T00:00:00-07:00",
         "type" : "3"
      }, {
         "color" : "#fbce4a",
         "description" : "iOS Development",
         "end" : "2011-07-09T00:00:00-07:00",
         "eventId" : 146704,
         "name" : "Training",
         "start" : "2011-07-04T00:00:00-07:00",
         "type" : "3"
      }, {
         "color" : "#309fdb",
         "description" : "Foo Ltd",
         "end" : "2011-06-05T00:00:00-07:00",
         "eventId" : 146705,
         "name" : "Customer Meeting",
         "start" : "2011-06-02T00:00:00-07:00",
         "type" : "1"
      }, {
         "color" : "#81bb5f",
         "description" : "Sick",
         "end" : "2012-07-06T00:00:00-07:00",
         "eventId" : 146706,
         "name" : "Time Off",
         "start" : "2012-07-05T00:00:00-07:00",
         "type" : "4"
      }, {
         "color" : "#ed813e",
         "description" : "Winner's Circle",
         "end" : "2012-04-06T00:00:00-07:00",
         "eventId" : 146707,
         "name" : "Event",
         "start" : "2012-04-02T00:00:00-07:00",
         "type" : "2"
      }, {
         "color" : "#fbce4a",
         "description" : "Sales",
         "end" : "2013-02-26T00:00:00-08:00",
         "eventId" : 146708,
         "name" : "Training",
         "start" : "2013-02-25T00:00:00-08:00",
         "type" : "3"
      }, {
         "color" : "#fbce4a",
         "description" : "Sexual Harrassment",
         "end" : "2013-05-09T00:00:00-07:00",
         "eventId" : 146709,
         "name" : "Training",
         "start" : "2013-05-05T00:00:00-07:00",
         "type" : "3"
      }, {
         "color" : "#ed813e",
         "description" : "Sales Convention",
         "end" : "2014-05-08T00:00:00-07:00",
         "eventId" : 146710,
         "name" : "Event",
         "start" : "2014-05-07T00:00:00-07:00",
         "type" : "2"
      }, {
         "color" : "#81bb5f",
         "description" : "Vacation",
         "end" : "2014-08-14T00:00:00-07:00",
         "eventId" : 146711,
         "name" : "Time Off",
         "start" : "2014-08-13T00:00:00-07:00",
         "type" : "4"
      }, {
         "color" : "#309fdb",
         "description" : "Foo Ltd",
         "end" : "2015-07-08T04:00:04-07:00",
         "eventId" : 146712,
         "name" : "Customer Meeting",
         "start" : "2015-07-05T04:00:04-07:00",
         "type" : "1"
      }, {
         "color" : "#ed813e",
         "description" : "Business Meeting",
         "end" : "2015-04-19T04:00:04-07:00",
         "eventId" : 146713,
         "name" : "Event",
         "start" : "2015-04-17T04:00:04-07:00",
         "type" : "2"
      } ],
      "colleaguePerfs" : [ {
         "effective" : "2015-04-22T00:00:00-07:00",
         "perfId" : 41404,
         "potential" : 2,
         "rating" : 3
      }, {
         "effective" : "2015-05-10T00:00:00-07:00",
         "perfId" : 41588,
         "potential" : 3,
         "rating" : 4
      }, {
         "effective" : "2015-05-15T00:00:00-07:00",
         "perfId" : 41598,
         "potential" : 2,
         "rating" : 4
      }, {
         "effective" : "2015-01-05T00:00:00-08:00",
         "perfId" : 41754,
         "potential" : 5,
         "rating" : 4
      }, {
         "effective" : "2015-04-01T00:00:00-07:00",
         "perfId" : 41804,
         "potential" : 2,
         "rating" : 4
      }, {
         "effective" : "2015-05-07T00:00:00-07:00",
         "perfId" : 42016,
         "potential" : 4,
         "rating" : 2
      } ],
      "reports" : [ ]
   }