{
      "empId" : 106,
      "firstName" : "Valli",
      "lastName" : "Pataballa",
      "title" : "Programmer",
      "email" : "VPATABAL",
      "phone" : "590.423.4560",
      "mobile" : "590.423.4560",
      "address" : "2014 Main St",
      "city" : "Southlake",
      "state" : "Texas",
      "country" : "US",
      "postal" : "76034",
      "twitter" : "Valli",
      "facebook" : "Valli",
      "google" : "Valli",
      "linkedIn" : "Valli",
      "hireDate" : "2009-03-01T00:00:00-08:00",
      "compRatio" : 52,
      "salary" : 9800.0,
      "bonus" : 1200.0,
      "commission" : 0.0,
      "rating" : 3,
      "potential" : 5,
      "deptId" : 60,
      "mgrId" : 104,
      "deptName" : "IT",
      "mgrFirstName" : "Bruce",
      "mgrLastName" : "Ernst",
      "teamAvgRating" : 4.0,
      "empMeetings" : 0,
      "empEvents" : 0,
      "notifyApproved" : 3,
      "notifyWaiting" : 4,
      "notifyRejected" : 1,
      "groupSize" : 1,
      "groupAvgRating" : 3.0,
      "groupAvgPotential" : 5.0,
      "groupCompRatioAbove" : 0,
      "groupCompRatioIn" : 1,
      "groupCompRatioBelow" : 1,
      "groupMeetings" : 1,
      "groupEvents" : 1,
      "groupTrainings" : 0,
      "groupTimeOff" : 0,
      "comps" : [ {
         "bonus" : 1200,
         "comission" : 0,
         "compId" : 49690,
         "compRatio" : 52,
         "compSalary" : 9800,
         "effective" : "2015-08-14T00:00:00-07:00"
      }, {
         "bonus" : 1092,
         "comission" : 0,
         "compId" : 49691,
         "compRatio" : 29,
         "compSalary" : 9506,
         "effective" : "2014-07-06T00:00:00-07:00"
      }, {
         "bonus" : 1070.16,
         "comission" : 0,
         "compId" : 49692,
         "compRatio" : 7,
         "compSalary" : 9315.88,
         "effective" : "2013-11-13T00:00:00-08:00"
      }, {
         "bonus" : 1027.3536,
         "comission" : 0,
         "compId" : 49693,
         "compRatio" : 119,
         "compSalary" : 9036.4036,
         "effective" : "2012-08-04T00:00:00-07:00"
      }, {
         "bonus" : 1017.080064,
         "comission" : 0,
         "compId" : 49694,
         "compRatio" : 115,
         "compSalary" : 8674.947456,
         "effective" : "2011-08-21T00:00:00-07:00"
      }, {
         "bonus" : 966.2260608,
         "comission" : 0,
         "compId" : 49695,
         "compRatio" : 36,
         "compSalary" : 8501.44850688,
         "effective" : "2010-07-17T00:00:00-07:00"
      }, {
         "bonus" : 927.577018368,
         "comission" : 0,
         "compId" : 49696,
         "compRatio" : 51,
         "compSalary" : 8331.4195367424,
         "effective" : "2009-05-17T00:00:00-07:00"
      } ],
      "perfs" : [ {
         "effective" : "2009-05-21T00:00:00-07:00",
         "perfId" : 41431,
         "potential" : 3,
         "rating" : 3
      }, {
         "effective" : "2010-12-20T00:00:00-08:00",
         "perfId" : 41432,
         "potential" : 4,
         "rating" : 2
      }, {
         "effective" : "2011-11-16T00:00:00-08:00",
         "perfId" : 41433,
         "potential" : 5,
         "rating" : 3
      }, {
         "effective" : "2012-02-13T00:00:00-08:00",
         "perfId" : 41434,
         "potential" : 3,
         "rating" : 4
      }, {
         "effective" : "2013-01-16T00:00:00-08:00",
         "perfId" : 41435,
         "potential" : 3,
         "rating" : 4
      }, {
         "effective" : "2014-05-15T00:00:00-07:00",
         "perfId" : 41436,
         "potential" : 5,
         "rating" : 2
      }, {
         "effective" : "2015-10-16T00:00:00-07:00",
         "perfId" : 41437,
         "potential" : 5,
         "rating" : 3
      } ],
      "skills" : [ {
         "empskillassignId" : 80343,
         "empskillassignRating" : 5,
         "skill" : {
            "skill" : "Excel",
            "skillId" : 3
         }
      }, {
         "empskillassignId" : 80344,
         "empskillassignRating" : 2,
         "skill" : {
            "skill" : "Project Planning",
            "skillId" : 11
         }
      }, {
         "empskillassignId" : 80345,
         "empskillassignRating" : 2,
         "skill" : {
            "skill" : "Word",
            "skillId" : 4
         }
      }, {
         "empskillassignId" : 80346,
         "empskillassignRating" : 1,
         "skill" : {
            "skill" : "Javascript",
            "skillId" : 6
         }
      }, {
         "empskillassignId" : 80347,
         "empskillassignRating" : 3,
         "skill" : {
            "skill" : "HCM",
            "skillId" : 17
         }
      }, {
         "empskillassignId" : 80348,
         "empskillassignRating" : 5,
         "skill" : {
            "skill" : "Strategy",
            "skillId" : 22
         }
      } ],
      "events" : [ {
         "color" : "#fbce4a",
         "description" : "Effective Mgmt",
         "end" : "2009-10-13T00:00:00-07:00",
         "eventId" : 146247,
         "name" : "Training",
         "start" : "2009-10-08T00:00:00-07:00",
         "type" : "3"
      }, {
         "color" : "#309fdb",
         "description" : "XYZ Systems",
         "end" : "2009-03-10T00:00:00-07:00",
         "eventId" : 146248,
         "name" : "Customer Meeting",
         "start" : "2009-03-08T00:00:00-08:00",
         "type" : "1"
      }, {
         "color" : "#fbce4a",
         "description" : "Security",
         "end" : "2009-04-26T00:00:00-07:00",
         "eventId" : 146249,
         "name" : "Training",
         "start" : "2009-04-22T00:00:00-07:00",
         "type" : "3"
      }, {
         "color" : "#ed813e",
         "description" : "Customer Advisory Board",
         "end" : "2010-10-28T00:00:00-07:00",
         "eventId" : 146250,
         "name" : "Event",
         "start" : "2010-10-27T00:00:00-07:00",
         "type" : "2"
      }, {
         "color" : "#309fdb",
         "description" : "XYZ Systems",
         "end" : "2010-05-29T00:00:00-07:00",
         "eventId" : 146251,
         "name" : "Customer Meeting",
         "start" : "2010-05-25T00:00:00-07:00",
         "type" : "1"
      }, {
         "color" : "#81bb5f",
         "description" : "Vacation",
         "end" : "2011-11-30T00:00:00-08:00",
         "eventId" : 146252,
         "name" : "Time Off",
         "start" : "2011-11-26T00:00:00-08:00",
         "type" : "4"
      }, {
         "color" : "#309fdb",
         "description" : "Bar Inc",
         "end" : "2012-01-01T00:00:00-08:00",
         "eventId" : 146253,
         "name" : "Customer Meeting",
         "start" : "2011-12-27T00:00:00-08:00",
         "type" : "1"
      }, {
         "color" : "#ed813e",
         "description" : "User Group Meetup",
         "end" : "2011-09-27T00:00:00-07:00",
         "eventId" : 146254,
         "name" : "Event",
         "start" : "2011-09-26T00:00:00-07:00",
         "type" : "2"
      }, {
         "color" : "#81bb5f",
         "description" : "Bereavement",
         "end" : "2011-10-24T00:00:00-07:00",
         "eventId" : 146255,
         "name" : "Time Off",
         "start" : "2011-10-22T00:00:00-07:00",
         "type" : "4"
      }, {
         "color" : "#ed813e",
         "description" : "Development Convention",
         "end" : "2012-07-11T00:00:00-07:00",
         "eventId" : 146256,
         "name" : "Event",
         "start" : "2012-07-10T00:00:00-07:00",
         "type" : "2"
      }, {
         "color" : "#ed813e",
         "description" : "Feedback Session",
         "end" : "2012-06-13T00:00:00-07:00",
         "eventId" : 146257,
         "name" : "Event",
         "start" : "2012-06-10T00:00:00-07:00",
         "type" : "2"
      }, {
         "color" : "#309fdb",
         "description" : "Bar Inc",
         "end" : "2012-01-30T00:00:00-08:00",
         "eventId" : 146258,
         "name" : "Customer Meeting",
         "start" : "2012-01-25T00:00:00-08:00",
         "type" : "1"
      }, {
         "color" : "#ed813e",
         "description" : "StockHolder's Meeting",
         "end" : "2013-11-08T00:00:00-08:00",
         "eventId" : 146259,
         "name" : "Event",
         "start" : "2013-11-07T00:00:00-08:00",
         "type" : "2"
      }, {
         "color" : "#81bb5f",
         "description" : "Bereavement",
         "end" : "2013-03-28T00:00:00-07:00",
         "eventId" : 146260,
         "name" : "Time Off",
         "start" : "2013-03-24T00:00:00-07:00",
         "type" : "4"
      }, {
         "color" : "#81bb5f",
         "description" : "Bereavement",
         "end" : "2013-01-14T00:00:00-08:00",
         "eventId" : 146261,
         "name" : "Time Off",
         "start" : "2013-01-09T00:00:00-08:00",
         "type" : "4"
      }, {
         "color" : "#81bb5f",
         "description" : "Vacation",
         "end" : "2014-03-12T00:00:00-07:00",
         "eventId" : 146262,
         "name" : "Time Off",
         "start" : "2014-03-10T00:00:00-07:00",
         "type" : "4"
      }, {
         "color" : "#81bb5f",
         "description" : "Vacation",
         "end" : "2014-07-24T00:00:00-07:00",
         "eventId" : 146263,
         "name" : "Time Off",
         "start" : "2014-07-23T00:00:00-07:00",
         "type" : "4"
      }, {
         "color" : "#309fdb",
         "description" : "Bar Inc",
         "end" : "2015-05-06T04:00:04-07:00",
         "eventId" : 146264,
         "name" : "Customer Meeting",
         "start" : "2015-05-04T04:00:04-07:00",
         "type" : "1"
      }, {
         "color" : "#ed813e",
         "description" : "Design Awards",
         "end" : "2015-07-10T04:00:04-07:00",
         "eventId" : 146265,
         "name" : "Event",
         "start" : "2015-07-08T04:00:04-07:00",
         "type" : "2"
      } ],
      "colleaguePerfs" : [ {
         "effective" : "2015-12-01T00:00:00-08:00",
         "perfId" : 41306,
         "potential" : 4,
         "rating" : 5
      }, {
         "effective" : "2015-10-16T00:00:00-07:00",
         "perfId" : 41437,
         "potential" : 5,
         "rating" : 3
      }, {
         "effective" : "2015-07-18T00:00:00-07:00",
         "perfId" : 41707,
         "potential" : 4,
         "rating" : 4
      } ],
      "reports" : [ ]
   }