{
      "empId" : 147,
      "firstName" : "Allison",
      "lastName" : "Errazuriz",
      "title" : "Finance Manager",
      "email" : "AERRAZUR",
      "phone" : "011.44.1344.429278",
      "mobile" : "011.44.1344.429278",
      "address" : "Magdalen Centre The Oxford Science Park",
      "city" : "Oxford",
      "state" : "Oxford",
      "country" : "UK",
      "postal" : "OX9 9ZB",
      "twitter" : "Allison",
      "facebook" : "Allison",
      "google" : "Allison",
      "linkedIn" : "Allison",
      "hireDate" : "2010-01-01T00:00:00-08:00",
      "compRatio" : 47,
      "salary" : 12000.0,
      "bonus" : 3000.0,
      "commission" : 3000.0,
      "rating" : 3,
      "potential" : 5,
      "deptId" : 100,
      "mgrId" : 108,
      "deptName" : "Finance",
      "mgrFirstName" : "Nancy",
      "mgrLastName" : "Greenberg",
      "teamAvgRating" : 2.5,
      "empMeetings" : 0,
      "empEvents" : 0,
      "notifyApproved" : 3,
      "notifyWaiting" : 4,
      "notifyRejected" : 1,
      "groupSize" : 6,
      "groupAvgRating" : 4.166666666666667,
      "groupAvgPotential" : 4.5,
      "groupCompRatioAbove" : 1,
      "groupCompRatioIn" : 6,
      "groupCompRatioBelow" : 6,
      "groupMeetings" : 1,
      "groupEvents" : 5,
      "groupTrainings" : 6,
      "groupTimeOff" : 7,
      "comps" : [ {
         "bonus" : 3000,
         "comission" : 3000,
         "compId" : 50158,
         "compRatio" : 47,
         "compSalary" : 12000,
         "effective" : "2015-03-26T00:00:00-07:00"
      }, {
         "bonus" : 2850,
         "comission" : 2760,
         "compId" : 50159,
         "compRatio" : 74,
         "compSalary" : 11520,
         "effective" : "2014-02-08T00:00:00-08:00"
      }, {
         "bonus" : 2593.5,
         "comission" : 2484,
         "compId" : 50160,
         "compRatio" : 2,
         "compSalary" : 11404.8,
         "effective" : "2013-10-22T00:00:00-07:00"
      }, {
         "bonus" : 2463.825,
         "comission" : 2235.6,
         "compId" : 50161,
         "compRatio" : 38,
         "compSalary" : 11062.656,
         "effective" : "2012-09-26T00:00:00-07:00"
      }, {
         "bonus" : 2340.63375,
         "comission" : 2079.108,
         "compId" : 50162,
         "compRatio" : 60,
         "compSalary" : 10730.77632,
         "effective" : "2011-06-09T00:00:00-07:00"
      }, {
         "bonus" : 2176.7893875,
         "comission" : 1871.1972,
         "compId" : 50163,
         "compRatio" : 77,
         "compSalary" : 10516.1607936,
         "effective" : "2010-08-21T00:00:00-07:00"
      } ],
      "perfs" : [ {
         "effective" : "2010-04-11T00:00:00-07:00",
         "perfId" : 41899,
         "potential" : 2,
         "rating" : 4
      }, {
         "effective" : "2011-09-14T00:00:00-07:00",
         "perfId" : 41900,
         "potential" : 3,
         "rating" : 5
      }, {
         "effective" : "2012-02-04T00:00:00-08:00",
         "perfId" : 41901,
         "potential" : 5,
         "rating" : 4
      }, {
         "effective" : "2013-05-01T00:00:00-07:00",
         "perfId" : 41902,
         "potential" : 2,
         "rating" : 5
      }, {
         "effective" : "2014-09-08T00:00:00-07:00",
         "perfId" : 41903,
         "potential" : 5,
         "rating" : 2
      }, {
         "effective" : "2015-10-07T00:00:00-07:00",
         "perfId" : 41904,
         "potential" : 5,
         "rating" : 3
      } ],
      "skills" : [ {
         "empskillassignId" : 81014,
         "empskillassignRating" : 1,
         "skill" : {
            "skill" : "Javascript",
            "skillId" : 6
         }
      }, {
         "empskillassignId" : 81015,
         "empskillassignRating" : 2,
         "skill" : {
            "skill" : "Project Planning",
            "skillId" : 11
         }
      }, {
         "empskillassignId" : 81016,
         "empskillassignRating" : 2,
         "skill" : {
            "skill" : "Management",
            "skillId" : 14
         }
      }, {
         "empskillassignId" : 81017,
         "empskillassignRating" : 1,
         "skill" : {
            "skill" : "Financials",
            "skillId" : 15
         }
      }, {
         "empskillassignId" : 81018,
         "empskillassignRating" : 2,
         "skill" : {
            "skill" : "Outsourcing",
            "skillId" : 20
         }
      }, {
         "empskillassignId" : 81019,
         "empskillassignRating" : 5,
         "skill" : {
            "skill" : "Recruiting",
            "skillId" : 13
         }
      }, {
         "empskillassignId" : 81020,
         "empskillassignRating" : 1,
         "skill" : {
            "skill" : "CRM",
            "skillId" : 16
         }
      }, {
         "empskillassignId" : 81021,
         "empskillassignRating" : 1,
         "skill" : {
            "skill" : "Estimation",
            "skillId" : 23
         }
      }, {
         "empskillassignId" : 81022,
         "empskillassignRating" : 1,
         "skill" : {
            "skill" : "Statistics",
            "skillId" : 5
         }
      }, {
         "empskillassignId" : 81023,
         "empskillassignRating" : 2,
         "skill" : {
            "skill" : "Analytics",
            "skillId" : 8
         }
      } ],
      "events" : [ {
         "color" : "#81bb5f",
         "description" : "Vacation",
         "end" : "2010-04-21T00:00:00-07:00",
         "eventId" : 147659,
         "name" : "Time Off",
         "start" : "2010-04-17T00:00:00-07:00",
         "type" : "4"
      }, {
         "color" : "#309fdb",
         "description" : "Bar Inc",
         "end" : "2011-12-04T00:00:00-08:00",
         "eventId" : 147660,
         "name" : "Customer Meeting",
         "start" : "2011-12-02T00:00:00-08:00",
         "type" : "1"
      }, {
         "color" : "#fbce4a",
         "description" : "Public Speaking",
         "end" : "2011-09-25T00:00:00-07:00",
         "eventId" : 147661,
         "name" : "Training",
         "start" : "2011-09-20T00:00:00-07:00",
         "type" : "3"
      }, {
         "color" : "#309fdb",
         "description" : "Bar Inc",
         "end" : "2011-09-12T00:00:00-07:00",
         "eventId" : 147662,
         "name" : "Customer Meeting",
         "start" : "2011-09-09T00:00:00-07:00",
         "type" : "1"
      }, {
         "color" : "#309fdb",
         "description" : "DEF Inc",
         "end" : "2012-11-10T00:00:00-08:00",
         "eventId" : 147663,
         "name" : "Customer Meeting",
         "start" : "2012-11-09T00:00:00-08:00",
         "type" : "1"
      }, {
         "color" : "#81bb5f",
         "description" : "Bereavement",
         "end" : "2012-06-10T00:00:00-07:00",
         "eventId" : 147664,
         "name" : "Time Off",
         "start" : "2012-06-08T00:00:00-07:00",
         "type" : "4"
      }, {
         "color" : "#81bb5f",
         "description" : "Bereavement",
         "end" : "2012-03-12T00:00:00-07:00",
         "eventId" : 147665,
         "name" : "Time Off",
         "start" : "2012-03-09T00:00:00-08:00",
         "type" : "4"
      }, {
         "color" : "#81bb5f",
         "description" : "Vacation",
         "end" : "2013-11-08T00:00:00-08:00",
         "eventId" : 147666,
         "name" : "Time Off",
         "start" : "2013-11-04T00:00:00-08:00",
         "type" : "4"
      }, {
         "color" : "#81bb5f",
         "description" : "Vacation",
         "end" : "2013-11-22T00:00:00-08:00",
         "eventId" : 147667,
         "name" : "Time Off",
         "start" : "2013-11-19T00:00:00-08:00",
         "type" : "4"
      }, {
         "color" : "#81bb5f",
         "description" : "Vacation",
         "end" : "2013-02-17T00:00:00-08:00",
         "eventId" : 147668,
         "name" : "Time Off",
         "start" : "2013-02-13T00:00:00-08:00",
         "type" : "4"
      }, {
         "color" : "#309fdb",
         "description" : "DEF Inc",
         "end" : "2013-09-14T00:00:00-07:00",
         "eventId" : 147669,
         "name" : "Customer Meeting",
         "start" : "2013-09-11T00:00:00-07:00",
         "type" : "1"
      }, {
         "color" : "#81bb5f",
         "description" : "Bereavement",
         "end" : "2014-05-22T00:00:00-07:00",
         "eventId" : 147670,
         "name" : "Time Off",
         "start" : "2014-05-18T00:00:00-07:00",
         "type" : "4"
      }, {
         "color" : "#309fdb",
         "description" : "Oracle",
         "end" : "2014-10-15T00:00:00-07:00",
         "eventId" : 147671,
         "name" : "Customer Meeting",
         "start" : "2014-10-12T00:00:00-07:00",
         "type" : "1"
      }, {
         "color" : "#fbce4a",
         "description" : "Sexual Harrassment",
         "end" : "2014-12-12T00:00:00-08:00",
         "eventId" : 147672,
         "name" : "Training",
         "start" : "2014-12-10T00:00:00-08:00",
         "type" : "3"
      }, {
         "color" : "#ed813e",
         "description" : "User Group Meetup",
         "end" : "2015-07-06T04:00:04-07:00",
         "eventId" : 147673,
         "name" : "Event",
         "start" : "2015-07-04T04:00:04-07:00",
         "type" : "2"
      }, {
         "color" : "#81bb5f",
         "description" : "Sick",
         "end" : "2015-05-14T04:00:04-07:00",
         "eventId" : 147674,
         "name" : "Time Off",
         "start" : "2015-05-11T04:00:04-07:00",
         "type" : "4"
      }, {
         "color" : "#309fdb",
         "description" : "ABC LLC",
         "end" : "2010-05-23T00:00:00-07:00",
         "eventId" : 147657,
         "name" : "Customer Meeting",
         "start" : "2010-05-20T00:00:00-07:00",
         "type" : "1"
      }, {
         "color" : "#81bb5f",
         "description" : "Vacation",
         "end" : "2010-04-02T00:00:00-07:00",
         "eventId" : 147658,
         "name" : "Time Off",
         "start" : "2010-04-01T00:00:00-07:00",
         "type" : "4"
      } ],
      "colleaguePerfs" : [ {
         "effective" : "2015-10-07T00:00:00-07:00",
         "perfId" : 41904,
         "potential" : 5,
         "rating" : 3
      }, {
         "effective" : "2015-06-07T00:00:00-07:00",
         "perfId" : 41919,
         "potential" : 4,
         "rating" : 2
      } ],
      "reports" : [ {
         "empId" : 165,
         "firstName" : "Daria",
         "lastName" : "Lee",
         "title" : "Finance Representative",
         "email" : "DLEE",
         "phone" : "011.44.1346.529268",
         "mobile" : "011.44.1346.529268",
         "address" : "Magdalen Centre The Oxford Science Park",
         "city" : "Oxford",
         "state" : "Oxford",
         "country" : "UK",
         "postal" : "OX9 9ZB",
         "twitter" : "Daria",
         "facebook" : "Daria",
         "google" : "Daria",
         "linkedIn" : "Daria",
         "hireDate" : "2006-07-14T00:00:00-07:00",
         "compRatio" : 93,
         "salary" : 6800.0,
         "bonus" : 1700.0,
         "commission" : 1000.0,
         "rating" : 4,
         "potential" : 2,
         "deptId" : 100,
         "mgrId" : 147,
         "deptName" : "Finance",
         "mgrFirstName" : "Allison",
         "mgrLastName" : "Errazuriz",
         "teamAvgRating" : 3.6666666666666665,
         "empMeetings" : 0,
         "empEvents" : 0,
         "notifyApproved" : 3,
         "notifyWaiting" : 4,
         "notifyRejected" : 1,
         "groupSize" : 1,
         "groupAvgRating" : 4.0,
         "groupAvgPotential" : 2.0,
         "groupCompRatioAbove" : 0,
         "groupCompRatioIn" : 1,
         "groupCompRatioBelow" : 1,
         "groupMeetings" : 0,
         "groupEvents" : 1,
         "groupTrainings" : 0,
         "groupTimeOff" : 3
      }, {
         "empId" : 164,
         "firstName" : "Mattea",
         "lastName" : "Marvins",
         "title" : "Finance Representative",
         "email" : "MMARVINS",
         "phone" : "011.44.1346.329268",
         "mobile" : "011.44.1346.329268",
         "address" : "Magdalen Centre The Oxford Science Park",
         "city" : "Oxford",
         "state" : "Oxford",
         "country" : "UK",
         "postal" : "OX9 9ZB",
         "twitter" : "Mattea",
         "facebook" : "Mattea",
         "google" : "Mattea",
         "linkedIn" : "Mattea",
         "hireDate" : "2010-01-01T00:00:00-08:00",
         "compRatio" : 115,
         "salary" : 7200.0,
         "bonus" : 1800.0,
         "commission" : 1000.0,
         "rating" : 2,
         "potential" : 5,
         "deptId" : 100,
         "mgrId" : 147,
         "deptName" : "Finance",
         "mgrFirstName" : "Allison",
         "mgrLastName" : "Errazuriz",
         "teamAvgRating" : 3.6666666666666665,
         "empMeetings" : 0,
         "empEvents" : 0,
         "notifyApproved" : 3,
         "notifyWaiting" : 4,
         "notifyRejected" : 1,
         "groupSize" : 1,
         "groupAvgRating" : 2.0,
         "groupAvgPotential" : 5.0,
         "groupCompRatioAbove" : 1,
         "groupCompRatioIn" : 0,
         "groupCompRatioBelow" : 0,
         "groupMeetings" : 0,
         "groupEvents" : 1,
         "groupTrainings" : 2,
         "groupTimeOff" : 1
      }, {
         "empId" : 162,
         "firstName" : "Clarence",
         "lastName" : "Vishney",
         "title" : "Finance Representative",
         "email" : "CVISHNEY",
         "phone" : "011.44.1346.129268",
         "mobile" : "011.44.1346.129268",
         "address" : "Magdalen Centre The Oxford Science Park",
         "city" : "Oxford",
         "state" : "Oxford",
         "country" : "UK",
         "postal" : "OX9 9ZB",
         "twitter" : "Clarence",
         "facebook" : "Clarence",
         "google" : "Clarence",
         "linkedIn" : "Clarence",
         "hireDate" : "2008-02-14T00:00:00-08:00",
         "compRatio" : 70,
         "salary" : 10500.0,
         "bonus" : 2625.0,
         "commission" : 2500.0,
         "rating" : 4,
         "potential" : 5,
         "deptId" : 100,
         "mgrId" : 147,
         "deptName" : "Finance",
         "mgrFirstName" : "Allison",
         "mgrLastName" : "Errazuriz",
         "teamAvgRating" : 3.6666666666666665,
         "empMeetings" : 0,
         "empEvents" : 0,
         "notifyApproved" : 3,
         "notifyWaiting" : 4,
         "notifyRejected" : 1,
         "groupSize" : 1,
         "groupAvgRating" : 4.0,
         "groupAvgPotential" : 5.0,
         "groupCompRatioAbove" : 0,
         "groupCompRatioIn" : 1,
         "groupCompRatioBelow" : 1,
         "groupMeetings" : 0,
         "groupEvents" : 0,
         "groupTrainings" : 1,
         "groupTimeOff" : 1
      }, {
         "empId" : 167,
         "firstName" : "Amit",
         "lastName" : "Banda",
         "title" : "Finance Representative",
         "email" : "ABANDA",
         "phone" : "011.44.1346.729268",
         "mobile" : "011.44.1346.729268",
         "address" : "Magdalen Centre The Oxford Science Park",
         "city" : "Oxford",
         "state" : "Oxford",
         "country" : "UK",
         "postal" : "OX9 9ZB",
         "twitter" : "Amit",
         "facebook" : "Amit",
         "google" : "Amit",
         "linkedIn" : "Amit",
         "hireDate" : "2009-03-01T00:00:00-08:00",
         "compRatio" : 20,
         "salary" : 10200.0,
         "bonus" : 3550.0,
         "commission" : 1000.0,
         "rating" : 4,
         "potential" : 2,
         "deptId" : 100,
         "mgrId" : 147,
         "deptName" : "Finance",
         "mgrFirstName" : "Allison",
         "mgrLastName" : "Errazuriz",
         "teamAvgRating" : 3.6666666666666665,
         "empMeetings" : 0,
         "empEvents" : 0,
         "notifyApproved" : 3,
         "notifyWaiting" : 4,
         "notifyRejected" : 1,
         "groupSize" : 1,
         "groupAvgRating" : 4.0,
         "groupAvgPotential" : 2.0,
         "groupCompRatioAbove" : 0,
         "groupCompRatioIn" : 1,
         "groupCompRatioBelow" : 1,
         "groupMeetings" : 0,
         "groupEvents" : 1,
         "groupTrainings" : 1,
         "groupTimeOff" : 0
      }, {
         "empId" : 166,
         "firstName" : "Sundar",
         "lastName" : "Ande",
         "title" : "Finance Representative",
         "email" : "SANDE",
         "phone" : "011.44.1346.629268",
         "mobile" : "011.44.1346.629268",
         "address" : "Magdalen Centre The Oxford Science Park",
         "city" : "Oxford",
         "state" : "Oxford",
         "country" : "UK",
         "postal" : "OX9 9ZB",
         "twitter" : "Sundar",
         "facebook" : "Sundar",
         "google" : "Sundar",
         "linkedIn" : "Sundar",
         "hireDate" : "2004-09-14T00:00:00-07:00",
         "compRatio" : 53,
         "salary" : 8200.0,
         "bonus" : 1200.0,
         "commission" : 1000.0,
         "rating" : 4,
         "potential" : 4,
         "deptId" : 100,
         "mgrId" : 147,
         "deptName" : "Finance",
         "mgrFirstName" : "Allison",
         "mgrLastName" : "Errazuriz",
         "teamAvgRating" : 3.6666666666666665,
         "empMeetings" : 0,
         "empEvents" : 0,
         "notifyApproved" : 3,
         "notifyWaiting" : 4,
         "notifyRejected" : 1,
         "groupSize" : 1,
         "groupAvgRating" : 4.0,
         "groupAvgPotential" : 4.0,
         "groupCompRatioAbove" : 0,
         "groupCompRatioIn" : 1,
         "groupCompRatioBelow" : 1,
         "groupMeetings" : 1,
         "groupEvents" : 0,
         "groupTrainings" : 1,
         "groupTimeOff" : 1
      }, {
         "empId" : 163,
         "firstName" : "Daniel",
         "lastName" : "Greene",
         "title" : "Finance Representative",
         "email" : "DGREENE",
         "phone" : "011.44.1346.229268",
         "mobile" : "011.44.1346.229268",
         "address" : "Magdalen Centre The Oxford Science Park",
         "city" : "Oxford",
         "state" : "Oxford",
         "country" : "UK",
         "postal" : "OX9 9ZB",
         "twitter" : "Daniel",
         "facebook" : "Daniel",
         "google" : "Daniel",
         "linkedIn" : "Daniel",
         "hireDate" : "2009-03-01T00:00:00-08:00",
         "compRatio" : 72,
         "salary" : 9500.0,
         "bonus" : 2375.0,
         "commission" : 1500.0,
         "rating" : 4,
         "potential" : 4,
         "deptId" : 100,
         "mgrId" : 147,
         "deptName" : "Finance",
         "mgrFirstName" : "Allison",
         "mgrLastName" : "Errazuriz",
         "teamAvgRating" : 3.6666666666666665,
         "empMeetings" : 0,
         "empEvents" : 0,
         "notifyApproved" : 3,
         "notifyWaiting" : 4,
         "notifyRejected" : 1,
         "groupSize" : 1,
         "groupAvgRating" : 4.0,
         "groupAvgPotential" : 4.0,
         "groupCompRatioAbove" : 0,
         "groupCompRatioIn" : 1,
         "groupCompRatioBelow" : 1,
         "groupMeetings" : 0,
         "groupEvents" : 1,
         "groupTrainings" : 1,
         "groupTimeOff" : 0
      } ]
   }