{
      "empId" : 131,
      "firstName" : "James",
      "lastName" : "Marlow",
      "title" : "Programmer",
      "email" : "JAMRLOW",
      "phone" : "650.124.7234",
      "mobile" : "650.124.7234",
      "address" : "2011 Main Street",
      "city" : "South San Francisco",
      "state" : "California",
      "country" : "US",
      "postal" : "94105",
      "twitter" : "James",
      "facebook" : "James",
      "google" : "James",
      "linkedIn" : "James",
      "hireDate" : "2006-07-14T00:00:00-07:00",
      "compRatio" : 26,
      "salary" : 9500.0,
      "bonus" : 2625.0,
      "commission" : 0.0,
      "rating" : 3,
      "potential" : 4,
      "deptId" : 60,
      "mgrId" : 121,
      "deptName" : "IT",
      "mgrFirstName" : "Adam",
      "mgrLastName" : "Fripp",
      "teamAvgRating" : 3.875,
      "empMeetings" : 0,
      "empEvents" : 0,
      "notifyApproved" : 3,
      "notifyWaiting" : 4,
      "notifyRejected" : 1,
      "groupSize" : 1,
      "groupAvgRating" : 3.0,
      "groupAvgPotential" : 4.0,
      "groupCompRatioAbove" : 0,
      "groupCompRatioIn" : 1,
      "groupCompRatioBelow" : 1,
      "groupMeetings" : 0,
      "groupEvents" : 1,
      "groupTrainings" : 0,
      "groupTimeOff" : 1,
      "comps" : [ {
         "bonus" : 2011.910279148,
         "comission" : 0,
         "compId" : 49592,
         "compRatio" : 59,
         "compSalary" : 7993.09774213632,
         "effective" : "2008-06-12T00:00:00-07:00"
      }, {
         "bonus" : 1810.7192512332,
         "comission" : 0,
         "compId" : 49593,
         "compRatio" : 67,
         "compSalary" : 7673.3738324508672,
         "effective" : "2007-08-14T00:00:00-07:00"
      }, {
         "bonus" : 1702.076096159208,
         "comission" : 0,
         "compId" : 49594,
         "compRatio" : 55,
         "compSalary" : 7366.438879152832512,
         "effective" : "2006-11-27T00:00:00-08:00"
      }, {
         "bonus" : 2625,
         "comission" : 0,
         "compId" : 49585,
         "compRatio" : 26,
         "compSalary" : 9500,
         "effective" : "2015-05-06T00:00:00-07:00"
      }, {
         "bonus" : 2493.75,
         "comission" : 0,
         "compId" : 49586,
         "compRatio" : 48,
         "compSalary" : 9405,
         "effective" : "2014-12-24T00:00:00-08:00"
      }, {
         "bonus" : 2418.9375,
         "comission" : 0,
         "compId" : 49587,
         "compRatio" : 58,
         "compSalary" : 9122.85,
         "effective" : "2013-02-13T00:00:00-08:00"
      }, {
         "bonus" : 2370.55875,
         "comission" : 0,
         "compId" : 49588,
         "compRatio" : 49,
         "compSalary" : 8849.1645,
         "effective" : "2012-04-14T00:00:00-07:00"
      }, {
         "bonus" : 2275.7364,
         "comission" : 0,
         "compId" : 49589,
         "compRatio" : 74,
         "compSalary" : 8495.19792,
         "effective" : "2011-08-08T00:00:00-07:00"
      }, {
         "bonus" : 2161.94958,
         "comission" : 0,
         "compId" : 49590,
         "compRatio" : 51,
         "compSalary" : 8155.3900032,
         "effective" : "2010-03-01T00:00:00-08:00"
      }, {
         "bonus" : 2032.2326052,
         "comission" : 0,
         "compId" : 49591,
         "compRatio" : 76,
         "compSalary" : 8073.836103168,
         "effective" : "2009-09-21T00:00:00-07:00"
      } ],
      "perfs" : [ {
         "effective" : "2006-07-19T00:00:00-07:00",
         "perfId" : 41326,
         "potential" : 4,
         "rating" : 3
      }, {
         "effective" : "2007-10-09T00:00:00-07:00",
         "perfId" : 41327,
         "potential" : 5,
         "rating" : 3
      }, {
         "effective" : "2008-12-14T00:00:00-08:00",
         "perfId" : 41328,
         "potential" : 2,
         "rating" : 2
      }, {
         "effective" : "2009-12-13T00:00:00-08:00",
         "perfId" : 41329,
         "potential" : 3,
         "rating" : 3
      }, {
         "effective" : "2010-05-15T00:00:00-07:00",
         "perfId" : 41330,
         "potential" : 5,
         "rating" : 4
      }, {
         "effective" : "2011-06-24T00:00:00-07:00",
         "perfId" : 41331,
         "potential" : 5,
         "rating" : 5
      }, {
         "effective" : "2012-02-23T00:00:00-08:00",
         "perfId" : 41332,
         "potential" : 2,
         "rating" : 5
      }, {
         "effective" : "2013-12-03T00:00:00-08:00",
         "perfId" : 41333,
         "potential" : 3,
         "rating" : 5
      }, {
         "effective" : "2014-09-17T00:00:00-07:00",
         "perfId" : 41334,
         "potential" : 2,
         "rating" : 2
      }, {
         "effective" : "2015-06-13T00:00:00-07:00",
         "perfId" : 41335,
         "potential" : 4,
         "rating" : 3
      } ],
      "skills" : [ {
         "empskillassignId" : 80207,
         "empskillassignRating" : 3,
         "skill" : {
            "skill" : "CRM",
            "skillId" : 16
         }
      }, {
         "empskillassignId" : 80208,
         "empskillassignRating" : 3,
         "skill" : {
            "skill" : "Java",
            "skillId" : 7
         }
      }, {
         "empskillassignId" : 80209,
         "empskillassignRating" : 5,
         "skill" : {
            "skill" : "Engineering",
            "skillId" : 19
         }
      }, {
         "empskillassignId" : 80210,
         "empskillassignRating" : 2,
         "skill" : {
            "skill" : "Strategy",
            "skillId" : 22
         }
      }, {
         "empskillassignId" : 80211,
         "empskillassignRating" : 4,
         "skill" : {
            "skill" : "Bookeeping",
            "skillDescription" : "Bookeeping",
            "skillId" : 1
         }
      }, {
         "empskillassignId" : 80212,
         "empskillassignRating" : 4,
         "skill" : {
            "skill" : "Word",
            "skillId" : 4
         }
      }, {
         "empskillassignId" : 80213,
         "empskillassignRating" : 5,
         "skill" : {
            "skill" : "Project Planning",
            "skillId" : 11
         }
      }, {
         "empskillassignId" : 80214,
         "empskillassignRating" : 2,
         "skill" : {
            "skill" : "Corporate Tax",
            "skillDescription" : "Corporate Tax",
            "skillId" : 2
         }
      }, {
         "empskillassignId" : 80215,
         "empskillassignRating" : 5,
         "skill" : {
            "skill" : "Staffing",
            "skillId" : 24
         }
      } ],
      "events" : [ {
         "color" : "#81bb5f",
         "description" : "Sick",
         "end" : "2006-09-12T00:00:00-07:00",
         "eventId" : 145946,
         "name" : "Time Off",
         "start" : "2006-09-10T00:00:00-07:00",
         "type" : "4"
      }, {
         "color" : "#ed813e",
         "description" : "StockHolder's Meeting",
         "end" : "2006-08-05T00:00:00-07:00",
         "eventId" : 145947,
         "name" : "Event",
         "start" : "2006-08-02T00:00:00-07:00",
         "type" : "2"
      }, {
         "color" : "#fbce4a",
         "description" : "Ethics",
         "end" : "2007-09-25T00:00:00-07:00",
         "eventId" : 145948,
         "name" : "Training",
         "start" : "2007-09-22T00:00:00-07:00",
         "type" : "3"
      }, {
         "color" : "#fbce4a",
         "description" : "Public Speaking",
         "end" : "2007-02-15T00:00:00-08:00",
         "eventId" : 145949,
         "name" : "Training",
         "start" : "2007-02-13T00:00:00-08:00",
         "type" : "3"
      }, {
         "color" : "#fbce4a",
         "description" : "Ethics",
         "end" : "2007-08-22T00:00:00-07:00",
         "eventId" : 145950,
         "name" : "Training",
         "start" : "2007-08-20T00:00:00-07:00",
         "type" : "3"
      }, {
         "color" : "#309fdb",
         "description" : "Bar Inc",
         "end" : "2008-08-31T00:00:00-07:00",
         "eventId" : 145951,
         "name" : "Customer Meeting",
         "start" : "2008-08-27T00:00:00-07:00",
         "type" : "1"
      }, {
         "color" : "#ed813e",
         "description" : "Development Convention",
         "end" : "2008-06-01T00:00:00-07:00",
         "eventId" : 145952,
         "name" : "Event",
         "start" : "2008-05-27T00:00:00-07:00",
         "type" : "2"
      }, {
         "color" : "#ed813e",
         "description" : "Design Awards",
         "end" : "2009-07-12T00:00:00-07:00",
         "eventId" : 145953,
         "name" : "Event",
         "start" : "2009-07-07T00:00:00-07:00",
         "type" : "2"
      }, {
         "color" : "#ed813e",
         "description" : "Sales Convention",
         "end" : "2009-10-14T00:00:00-07:00",
         "eventId" : 145954,
         "name" : "Event",
         "start" : "2009-10-12T00:00:00-07:00",
         "type" : "2"
      }, {
         "color" : "#81bb5f",
         "description" : "Vacation",
         "end" : "2009-01-08T00:00:00-08:00",
         "eventId" : 145955,
         "name" : "Time Off",
         "start" : "2009-01-07T00:00:00-08:00",
         "type" : "4"
      }, {
         "color" : "#fbce4a",
         "description" : "iOS Development",
         "end" : "2010-11-30T00:00:00-08:00",
         "eventId" : 145956,
         "name" : "Training",
         "start" : "2010-11-27T00:00:00-08:00",
         "type" : "3"
      }, {
         "color" : "#fbce4a",
         "description" : "Mgr Essentials",
         "end" : "2010-07-12T00:00:00-07:00",
         "eventId" : 145957,
         "name" : "Training",
         "start" : "2010-07-10T00:00:00-07:00",
         "type" : "3"
      }, {
         "color" : "#81bb5f",
         "description" : "Vacation",
         "end" : "2010-08-05T00:00:00-07:00",
         "eventId" : 145958,
         "name" : "Time Off",
         "start" : "2010-08-04T00:00:00-07:00",
         "type" : "4"
      }, {
         "color" : "#309fdb",
         "description" : "Foo Ltd",
         "end" : "2011-03-04T00:00:00-08:00",
         "eventId" : 145959,
         "name" : "Customer Meeting",
         "start" : "2011-02-27T00:00:00-08:00",
         "type" : "1"
      }, {
         "color" : "#ed813e",
         "description" : "User Group Meetup",
         "end" : "2011-09-29T00:00:00-07:00",
         "eventId" : 145960,
         "name" : "Event",
         "start" : "2011-09-25T00:00:00-07:00",
         "type" : "2"
      }, {
         "color" : "#ed813e",
         "description" : "User Group Meetup",
         "end" : "2012-05-06T00:00:00-07:00",
         "eventId" : 145961,
         "name" : "Event",
         "start" : "2012-05-02T00:00:00-07:00",
         "type" : "2"
      }, {
         "color" : "#ed813e",
         "description" : "Sales Convention",
         "end" : "2012-03-29T00:00:00-07:00",
         "eventId" : 145962,
         "name" : "Event",
         "start" : "2012-03-25T00:00:00-07:00",
         "type" : "2"
      }, {
         "color" : "#81bb5f",
         "description" : "Bereavement",
         "end" : "2012-09-29T00:00:00-07:00",
         "eventId" : 145963,
         "name" : "Time Off",
         "start" : "2012-09-27T00:00:00-07:00",
         "type" : "4"
      }, {
         "color" : "#ed813e",
         "description" : "StockHolder's Meeting",
         "end" : "2013-04-04T00:00:00-07:00",
         "eventId" : 145964,
         "name" : "Event",
         "start" : "2013-04-01T00:00:00-07:00",
         "type" : "2"
      }, {
         "color" : "#ed813e",
         "description" : "Trade Show",
         "end" : "2013-01-29T00:00:00-08:00",
         "eventId" : 145965,
         "name" : "Event",
         "start" : "2013-01-25T00:00:00-08:00",
         "type" : "2"
      }, {
         "color" : "#309fdb",
         "description" : "CCC Enterprises",
         "end" : "2014-05-10T00:00:00-07:00",
         "eventId" : 145966,
         "name" : "Customer Meeting",
         "start" : "2014-05-08T00:00:00-07:00",
         "type" : "1"
      }, {
         "color" : "#81bb5f",
         "description" : "Vacation",
         "end" : "2014-02-13T00:00:00-08:00",
         "eventId" : 145967,
         "name" : "Time Off",
         "start" : "2014-02-08T00:00:00-08:00",
         "type" : "4"
      }, {
         "color" : "#fbce4a",
         "description" : "Mgr Essentials",
         "end" : "2014-11-09T00:00:00-08:00",
         "eventId" : 145968,
         "name" : "Training",
         "start" : "2014-11-08T00:00:00-08:00",
         "type" : "3"
      }, {
         "color" : "#81bb5f",
         "description" : "Vacation",
         "end" : "2015-06-02T04:00:03-07:00",
         "eventId" : 145969,
         "name" : "Time Off",
         "start" : "2015-05-31T04:00:03-07:00",
         "type" : "4"
      }, {
         "color" : "#ed813e",
         "description" : "Winner's Circle",
         "end" : "2015-07-10T04:00:03-07:00",
         "eventId" : 145970,
         "name" : "Event",
         "start" : "2015-07-08T04:00:03-07:00",
         "type" : "2"
      } ],
      "colleaguePerfs" : [ {
         "effective" : "2015-06-13T00:00:00-07:00",
         "perfId" : 41335,
         "potential" : 4,
         "rating" : 3
      }, {
         "effective" : "2015-02-08T00:00:00-08:00",
         "perfId" : 41414,
         "potential" : 4,
         "rating" : 2
      }, {
         "effective" : "2015-08-14T00:00:00-07:00",
         "perfId" : 41680,
         "potential" : 2,
         "rating" : 5
      }, {
         "effective" : "2015-07-26T00:00:00-07:00",
         "perfId" : 41699,
         "potential" : 4,
         "rating" : 5
      }, {
         "effective" : "2015-10-26T00:00:00-07:00",
         "perfId" : 41761,
         "potential" : 4,
         "rating" : 5
      }, {
         "effective" : "2015-06-09T00:00:00-07:00",
         "perfId" : 41783,
         "potential" : 2,
         "rating" : 2
      }, {
         "effective" : "2015-03-09T00:00:00-07:00",
         "perfId" : 41789,
         "potential" : 5,
         "rating" : 5
      }, {
         "effective" : "2015-12-10T00:00:00-08:00",
         "perfId" : 41851,
         "potential" : 2,
         "rating" : 4
      } ],
      "reports" : [ ]
   }