{
      "empId" : 193,
      "firstName" : "Britney",
      "lastName" : "Everett",
      "title" : "Shipping Clerk",
      "email" : "BEVERETT",
      "phone" : "650.501.2876",
      "mobile" : "650.501.2876",
      "address" : "2011 Main Street",
      "city" : "South San Francisco",
      "state" : "California",
      "country" : "US",
      "postal" : "94105",
      "twitter" : "Britney",
      "facebook" : "Britney",
      "google" : "Britney",
      "linkedIn" : "Britney",
      "hireDate" : "2009-03-01T00:00:00-08:00",
      "compRatio" : 97,
      "salary" : 5900.0,
      "bonus" : 975.0,
      "commission" : 0.0,
      "rating" : 4,
      "potential" : 5,
      "deptId" : 50,
      "mgrId" : 123,
      "deptName" : "Shipping",
      "mgrFirstName" : "Shanta",
      "mgrLastName" : "Vollman",
      "teamAvgRating" : 3.5,
      "empMeetings" : 0,
      "empEvents" : 0,
      "notifyApproved" : 3,
      "notifyWaiting" : 4,
      "notifyRejected" : 1,
      "groupSize" : 1,
      "groupAvgRating" : 4.0,
      "groupAvgPotential" : 5.0,
      "groupCompRatioAbove" : 0,
      "groupCompRatioIn" : 1,
      "groupCompRatioBelow" : 0,
      "groupMeetings" : 0,
      "groupEvents" : 1,
      "groupTrainings" : 1,
      "groupTimeOff" : 0,
      "comps" : [ {
         "bonus" : 975,
         "comission" : 0,
         "compId" : 50164,
         "compRatio" : 97,
         "compSalary" : 5900,
         "effective" : "2015-03-20T00:00:00-07:00"
      }, {
         "bonus" : 926.25,
         "comission" : 0,
         "compId" : 50165,
         "compRatio" : 37,
         "compSalary" : 5841,
         "effective" : "2014-02-27T00:00:00-08:00"
      }, {
         "bonus" : 889.2,
         "comission" : 0,
         "compId" : 50166,
         "compRatio" : 91,
         "compSalary" : 5548.95,
         "effective" : "2013-03-11T00:00:00-07:00"
      }, {
         "bonus" : 871.416,
         "comission" : 0,
         "compId" : 50167,
         "compRatio" : 34,
         "compSalary" : 5326.992,
         "effective" : "2012-06-11T00:00:00-07:00"
      }, {
         "bonus" : 810.41688,
         "comission" : 0,
         "compId" : 50168,
         "compRatio" : 4,
         "compSalary" : 5273.72208,
         "effective" : "2011-11-26T00:00:00-08:00"
      }, {
         "bonus" : 745.5835296,
         "comission" : 0,
         "compId" : 50169,
         "compRatio" : 70,
         "compSalary" : 5115.5104176,
         "effective" : "2010-04-11T00:00:00-07:00"
      }, {
         "bonus" : 671.02517664,
         "comission" : 0,
         "compId" : 50170,
         "compRatio" : 49,
         "compSalary" : 4910.890000896,
         "effective" : "2009-05-16T00:00:00-07:00"
      } ],
      "perfs" : [ {
         "effective" : "2009-07-11T00:00:00-07:00",
         "perfId" : 41905,
         "potential" : 3,
         "rating" : 3
      }, {
         "effective" : "2010-10-21T00:00:00-07:00",
         "perfId" : 41906,
         "potential" : 5,
         "rating" : 4
      }, {
         "effective" : "2011-04-19T00:00:00-07:00",
         "perfId" : 41907,
         "potential" : 5,
         "rating" : 5
      }, {
         "effective" : "2012-04-07T00:00:00-07:00",
         "perfId" : 41908,
         "potential" : 2,
         "rating" : 5
      }, {
         "effective" : "2013-11-09T00:00:00-08:00",
         "perfId" : 41909,
         "potential" : 4,
         "rating" : 4
      }, {
         "effective" : "2014-08-13T00:00:00-07:00",
         "perfId" : 41910,
         "potential" : 5,
         "rating" : 5
      }, {
         "effective" : "2015-01-01T00:00:00-08:00",
         "perfId" : 41911,
         "potential" : 5,
         "rating" : 4
      } ],
      "skills" : [ {
         "empskillassignId" : 81024,
         "empskillassignRating" : 3,
         "skill" : {
            "skill" : "Staffing",
            "skillId" : 24
         }
      }, {
         "empskillassignId" : 81025,
         "empskillassignRating" : 5,
         "skill" : {
            "skill" : "Financials",
            "skillId" : 15
         }
      }, {
         "empskillassignId" : 81026,
         "empskillassignRating" : 1,
         "skill" : {
            "skill" : "Procurement",
            "skillId" : 21
         }
      }, {
         "empskillassignId" : 81027,
         "empskillassignRating" : 4,
         "skill" : {
            "skill" : "Java",
            "skillId" : 7
         }
      }, {
         "empskillassignId" : 81028,
         "empskillassignRating" : 5,
         "skill" : {
            "skill" : "Project Planning",
            "skillId" : 11
         }
      }, {
         "empskillassignId" : 81029,
         "empskillassignRating" : 4,
         "skill" : {
            "skill" : "Acquistions",
            "skillId" : 10
         }
      }, {
         "empskillassignId" : 81030,
         "empskillassignRating" : 3,
         "skill" : {
            "skill" : "HCM",
            "skillId" : 17
         }
      }, {
         "empskillassignId" : 81031,
         "empskillassignRating" : 4,
         "skill" : {
            "skill" : "Management",
            "skillId" : 14
         }
      }, {
         "empskillassignId" : 81032,
         "empskillassignRating" : 1,
         "skill" : {
            "skill" : "Estimation",
            "skillId" : 23
         }
      }, {
         "empskillassignId" : 81033,
         "empskillassignRating" : 5,
         "skill" : {
            "skill" : "Budgeting",
            "skillId" : 25
         }
      }, {
         "empskillassignId" : 81034,
         "empskillassignRating" : 2,
         "skill" : {
            "skill" : "CRM",
            "skillId" : 16
         }
      }, {
         "empskillassignId" : 81035,
         "empskillassignRating" : 5,
         "skill" : {
            "skill" : "Javascript",
            "skillId" : 6
         }
      } ],
      "events" : [ {
         "color" : "#fbce4a",
         "description" : "Sexual Harrassment",
         "end" : "2009-01-08T00:00:00-08:00",
         "eventId" : 147675,
         "name" : "Training",
         "start" : "2009-01-05T00:00:00-08:00",
         "type" : "3"
      }, {
         "color" : "#81bb5f",
         "description" : "Vacation",
         "end" : "2009-05-10T00:00:00-07:00",
         "eventId" : 147676,
         "name" : "Time Off",
         "start" : "2009-05-07T00:00:00-07:00",
         "type" : "4"
      }, {
         "color" : "#81bb5f",
         "description" : "Bereavement",
         "end" : "2009-07-14T00:00:00-07:00",
         "eventId" : 147677,
         "name" : "Time Off",
         "start" : "2009-07-13T00:00:00-07:00",
         "type" : "4"
      }, {
         "color" : "#fbce4a",
         "description" : "Sales",
         "end" : "2009-11-16T00:00:00-08:00",
         "eventId" : 147678,
         "name" : "Training",
         "start" : "2009-11-14T00:00:00-08:00",
         "type" : "3"
      }, {
         "color" : "#309fdb",
         "description" : "XYZ Systems",
         "end" : "2010-02-21T00:00:00-08:00",
         "eventId" : 147679,
         "name" : "Customer Meeting",
         "start" : "2010-02-20T00:00:00-08:00",
         "type" : "1"
      }, {
         "color" : "#fbce4a",
         "description" : "Security",
         "end" : "2010-09-05T00:00:00-07:00",
         "eventId" : 147680,
         "name" : "Training",
         "start" : "2010-09-02T00:00:00-07:00",
         "type" : "3"
      }, {
         "color" : "#ed813e",
         "description" : "StockHolder's Meeting",
         "end" : "2010-09-26T00:00:00-07:00",
         "eventId" : 147681,
         "name" : "Event",
         "start" : "2010-09-23T00:00:00-07:00",
         "type" : "2"
      }, {
         "color" : "#81bb5f",
         "description" : "Sick",
         "end" : "2011-10-05T00:00:00-07:00",
         "eventId" : 147682,
         "name" : "Time Off",
         "start" : "2011-10-04T00:00:00-07:00",
         "type" : "4"
      }, {
         "color" : "#81bb5f",
         "description" : "Bereavement",
         "end" : "2011-10-08T00:00:00-07:00",
         "eventId" : 147683,
         "name" : "Time Off",
         "start" : "2011-10-07T00:00:00-07:00",
         "type" : "4"
      }, {
         "color" : "#fbce4a",
         "description" : "Effective Mgmt",
         "end" : "2012-03-07T00:00:00-08:00",
         "eventId" : 147684,
         "name" : "Training",
         "start" : "2012-03-04T00:00:00-08:00",
         "type" : "3"
      }, {
         "color" : "#ed813e",
         "description" : "Business Meeting",
         "end" : "2012-04-14T00:00:00-07:00",
         "eventId" : 147685,
         "name" : "Event",
         "start" : "2012-04-10T00:00:00-07:00",
         "type" : "2"
      }, {
         "color" : "#309fdb",
         "description" : "Bar Inc",
         "end" : "2012-11-21T00:00:00-08:00",
         "eventId" : 147686,
         "name" : "Customer Meeting",
         "start" : "2012-11-17T00:00:00-08:00",
         "type" : "1"
      }, {
         "color" : "#fbce4a",
         "description" : "Ethics",
         "end" : "2012-10-17T00:00:00-07:00",
         "eventId" : 147687,
         "name" : "Training",
         "start" : "2012-10-13T00:00:00-07:00",
         "type" : "3"
      }, {
         "color" : "#81bb5f",
         "description" : "Sick",
         "end" : "2013-08-29T00:00:00-07:00",
         "eventId" : 147688,
         "name" : "Time Off",
         "start" : "2013-08-26T00:00:00-07:00",
         "type" : "4"
      }, {
         "color" : "#309fdb",
         "description" : "AAA Inc",
         "end" : "2013-06-08T00:00:00-07:00",
         "eventId" : 147689,
         "name" : "Customer Meeting",
         "start" : "2013-06-03T00:00:00-07:00",
         "type" : "1"
      }, {
         "color" : "#ed813e",
         "description" : "Feedback Session",
         "end" : "2013-09-05T00:00:00-07:00",
         "eventId" : 147690,
         "name" : "Event",
         "start" : "2013-09-03T00:00:00-07:00",
         "type" : "2"
      }, {
         "color" : "#ed813e",
         "description" : "Design Awards",
         "end" : "2014-11-13T00:00:00-08:00",
         "eventId" : 147691,
         "name" : "Event",
         "start" : "2014-11-08T00:00:00-08:00",
         "type" : "2"
      }, {
         "color" : "#fbce4a",
         "description" : "Mgr Essentials",
         "end" : "2014-06-18T00:00:00-07:00",
         "eventId" : 147692,
         "name" : "Training",
         "start" : "2014-06-15T00:00:00-07:00",
         "type" : "3"
      }, {
         "color" : "#ed813e",
         "description" : "Business Meeting",
         "end" : "2014-05-20T00:00:00-07:00",
         "eventId" : 147693,
         "name" : "Event",
         "start" : "2014-05-19T00:00:00-07:00",
         "type" : "2"
      }, {
         "color" : "#fbce4a",
         "description" : "Sales",
         "end" : "2015-06-12T04:00:04-07:00",
         "eventId" : 147694,
         "name" : "Training",
         "start" : "2015-06-10T04:00:04-07:00",
         "type" : "3"
      }, {
         "color" : "#ed813e",
         "description" : "StockHolder's Meeting",
         "end" : "2015-08-02T04:00:04-07:00",
         "eventId" : 147695,
         "name" : "Event",
         "start" : "2015-07-30T04:00:04-07:00",
         "type" : "2"
      } ],
      "colleaguePerfs" : [ {
         "effective" : "2015-06-08T00:00:00-07:00",
         "perfId" : 41216,
         "potential" : 5,
         "rating" : 3
      }, {
         "effective" : "2015-04-19T00:00:00-07:00",
         "perfId" : 41275,
         "potential" : 3,
         "rating" : 5
      }, {
         "effective" : "2015-10-08T00:00:00-07:00",
         "perfId" : 41358,
         "potential" : 4,
         "rating" : 5
      }, {
         "effective" : "2015-04-16T00:00:00-07:00",
         "perfId" : 41445,
         "potential" : 2,
         "rating" : 3
      }, {
         "effective" : "2015-02-18T00:00:00-08:00",
         "perfId" : 41507,
         "potential" : 4,
         "rating" : 3
      }, {
         "effective" : "2015-07-20T00:00:00-07:00",
         "perfId" : 41538,
         "potential" : 2,
         "rating" : 2
      }, {
         "effective" : "2015-08-01T00:00:00-07:00",
         "perfId" : 41748,
         "potential" : 2,
         "rating" : 3
      }, {
         "effective" : "2015-01-01T00:00:00-08:00",
         "perfId" : 41911,
         "potential" : 5,
         "rating" : 4
      } ],
      "reports" : [ ]
   }