{
      "empId" : 171,
      "firstName" : "William",
      "lastName" : "Smith",
      "title" : "Sales Representative",
      "email" : "WSMITH",
      "phone" : "011.44.1343.629268",
      "mobile" : "011.44.1343.629268",
      "address" : "Magdalen Centre The Oxford Science Park",
      "city" : "Oxford",
      "state" : "Oxford",
      "country" : "UK",
      "postal" : "OX9 9ZB",
      "twitter" : "William",
      "facebook" : "William",
      "google" : "William",
      "linkedIn" : "William",
      "hireDate" : "2006-07-14T00:00:00-07:00",
      "compRatio" : 112,
      "salary" : 7400.0,
      "bonus" : 1850.0,
      "commission" : 1500.0,
      "rating" : 4,
      "potential" : 5,
      "deptId" : 80,
      "mgrId" : 148,
      "deptName" : "Sales",
      "mgrFirstName" : "Gerald",
      "mgrLastName" : "Cambrault",
      "teamAvgRating" : 3.375,
      "empMeetings" : 1,
      "empEvents" : 0,
      "notifyApproved" : 3,
      "notifyWaiting" : 4,
      "notifyRejected" : 1,
      "groupSize" : 1,
      "groupAvgRating" : 4.0,
      "groupAvgPotential" : 5.0,
      "groupCompRatioAbove" : 1,
      "groupCompRatioIn" : 0,
      "groupCompRatioBelow" : 0,
      "groupMeetings" : 2,
      "groupEvents" : 0,
      "groupTrainings" : 1,
      "groupTimeOff" : 0,
      "comps" : [ {
         "bonus" : 1850,
         "comission" : 1500,
         "compId" : 49782,
         "compRatio" : 112,
         "compSalary" : 7400,
         "effective" : "2015-06-05T00:00:00-07:00"
      }, {
         "bonus" : 1739,
         "comission" : 1380,
         "compId" : 49783,
         "compRatio" : 102,
         "compSalary" : 7030,
         "effective" : "2014-01-15T00:00:00-08:00"
      }, {
         "bonus" : 1652.05,
         "comission" : 1269.6,
         "compId" : 49784,
         "compRatio" : 40,
         "compSalary" : 6748.8,
         "effective" : "2013-02-13T00:00:00-08:00"
      }, {
         "bonus" : 1486.845,
         "comission" : 1206.12,
         "compId" : 49785,
         "compRatio" : 73,
         "compSalary" : 6613.824,
         "effective" : "2012-05-15T00:00:00-07:00"
      }, {
         "bonus" : 1353.02895,
         "comission" : 1097.5692,
         "compId" : 49786,
         "compRatio" : 24,
         "compSalary" : 6283.1328,
         "effective" : "2011-10-21T00:00:00-07:00"
      }, {
         "bonus" : 1244.786634,
         "comission" : 1020.739356,
         "compId" : 49787,
         "compRatio" : 93,
         "compSalary" : 5968.97616,
         "effective" : "2010-01-25T00:00:00-08:00"
      }, {
         "bonus" : 1145.20370328,
         "comission" : 949.28760108,
         "compId" : 49788,
         "compRatio" : 95,
         "compSalary" : 5730.2171136,
         "effective" : "2009-11-13T00:00:00-08:00"
      }, {
         "bonus" : 1122.2996292144,
         "comission" : 873.3445929936,
         "compId" : 49789,
         "compRatio" : 61,
         "compSalary" : 5558.310600192,
         "effective" : "2008-08-20T00:00:00-07:00"
      }, {
         "bonus" : 1077.407644045824,
         "comission" : 820.943917413984,
         "compId" : 49790,
         "compRatio" : 45,
         "compSalary" : 5502.72749419008,
         "effective" : "2007-10-25T00:00:00-07:00"
      }, {
         "bonus" : 1045.08541472444928,
         "comission" : 779.8967215432848,
         "compId" : 49791,
         "compRatio" : 112,
         "compSalary" : 5392.6729443062784,
         "effective" : "2006-08-08T00:00:00-07:00"
      } ],
      "perfs" : [ {
         "effective" : "2006-05-15T00:00:00-07:00",
         "perfId" : 41523,
         "potential" : 5,
         "rating" : 5
      }, {
         "effective" : "2007-11-23T00:00:00-08:00",
         "perfId" : 41524,
         "potential" : 2,
         "rating" : 5
      }, {
         "effective" : "2008-08-22T00:00:00-07:00",
         "perfId" : 41525,
         "potential" : 4,
         "rating" : 5
      }, {
         "effective" : "2009-05-09T00:00:00-07:00",
         "perfId" : 41526,
         "potential" : 2,
         "rating" : 5
      }, {
         "effective" : "2010-03-19T00:00:00-07:00",
         "perfId" : 41527,
         "potential" : 5,
         "rating" : 4
      }, {
         "effective" : "2011-12-22T00:00:00-08:00",
         "perfId" : 41528,
         "potential" : 3,
         "rating" : 5
      }, {
         "effective" : "2012-08-06T00:00:00-07:00",
         "perfId" : 41529,
         "potential" : 5,
         "rating" : 4
      }, {
         "effective" : "2013-03-20T00:00:00-07:00",
         "perfId" : 41530,
         "potential" : 2,
         "rating" : 4
      }, {
         "effective" : "2014-04-14T00:00:00-07:00",
         "perfId" : 41531,
         "potential" : 3,
         "rating" : 5
      }, {
         "effective" : "2015-07-11T00:00:00-07:00",
         "perfId" : 41532,
         "potential" : 5,
         "rating" : 4
      } ],
      "skills" : [ {
         "empskillassignId" : 80472,
         "empskillassignRating" : 1,
         "skill" : {
            "skill" : "Acquistions",
            "skillId" : 10
         }
      }, {
         "empskillassignId" : 80473,
         "empskillassignRating" : 3,
         "skill" : {
            "skill" : "Recruiting",
            "skillId" : 13
         }
      }, {
         "empskillassignId" : 80474,
         "empskillassignRating" : 2,
         "skill" : {
            "skill" : "Project Planning",
            "skillId" : 11
         }
      }, {
         "empskillassignId" : 80475,
         "empskillassignRating" : 4,
         "skill" : {
            "skill" : "Corporate Tax",
            "skillDescription" : "Corporate Tax",
            "skillId" : 2
         }
      }, {
         "empskillassignId" : 80476,
         "empskillassignRating" : 2,
         "skill" : {
            "skill" : "Outsourcing",
            "skillId" : 20
         }
      }, {
         "empskillassignId" : 80477,
         "empskillassignRating" : 2,
         "skill" : {
            "skill" : "Testing",
            "skillId" : 9
         }
      }, {
         "empskillassignId" : 80478,
         "empskillassignRating" : 1,
         "skill" : {
            "skill" : "Java",
            "skillId" : 7
         }
      }, {
         "empskillassignId" : 80479,
         "empskillassignRating" : 4,
         "skill" : {
            "skill" : "Javascript",
            "skillId" : 6
         }
      }, {
         "empskillassignId" : 80480,
         "empskillassignRating" : 1,
         "skill" : {
            "skill" : "Statistics",
            "skillId" : 5
         }
      }, {
         "empskillassignId" : 80481,
         "empskillassignRating" : 5,
         "skill" : {
            "skill" : "Human Resources",
            "skillId" : 18
         }
      }, {
         "empskillassignId" : 80482,
         "empskillassignRating" : 4,
         "skill" : {
            "skill" : "Excel",
            "skillId" : 3
         }
      }, {
         "empskillassignId" : 80483,
         "empskillassignRating" : 1,
         "skill" : {
            "skill" : "CRM",
            "skillId" : 16
         }
      }, {
         "empskillassignId" : 80484,
         "empskillassignRating" : 2,
         "skill" : {
            "skill" : "Estimation",
            "skillId" : 23
         }
      }, {
         "empskillassignId" : 80485,
         "empskillassignRating" : 3,
         "skill" : {
            "skill" : "Risk Analysis",
            "skillId" : 12
         }
      }, {
         "empskillassignId" : 80486,
         "empskillassignRating" : 1,
         "skill" : {
            "skill" : "Word",
            "skillId" : 4
         }
      }, {
         "empskillassignId" : 80487,
         "empskillassignRating" : 5,
         "skill" : {
            "skill" : "Budgeting",
            "skillId" : 25
         }
      }, {
         "empskillassignId" : 80488,
         "empskillassignRating" : 4,
         "skill" : {
            "skill" : "Engineering",
            "skillId" : 19
         }
      }, {
         "empskillassignId" : 80489,
         "empskillassignRating" : 1,
         "skill" : {
            "skill" : "Staffing",
            "skillId" : 24
         }
      } ],
      "events" : [ {
         "color" : "#309fdb",
         "description" : "ABC LLC",
         "end" : "2006-06-26T00:00:00-07:00",
         "eventId" : 146521,
         "name" : "Customer Meeting",
         "start" : "2006-06-23T00:00:00-07:00",
         "type" : "1"
      }, {
         "color" : "#fbce4a",
         "description" : "Sales",
         "end" : "2006-01-17T00:00:00-08:00",
         "eventId" : 146522,
         "name" : "Training",
         "start" : "2006-01-12T00:00:00-08:00",
         "type" : "3"
      }, {
         "color" : "#309fdb",
         "description" : "Foo Ltd",
         "end" : "2007-07-29T00:00:00-07:00",
         "eventId" : 146523,
         "name" : "Customer Meeting",
         "start" : "2007-07-27T00:00:00-07:00",
         "type" : "1"
      }, {
         "color" : "#ed813e",
         "description" : "Trade Show",
         "end" : "2007-11-24T00:00:00-08:00",
         "eventId" : 146524,
         "name" : "Event",
         "start" : "2007-11-21T00:00:00-08:00",
         "type" : "2"
      }, {
         "color" : "#81bb5f",
         "description" : "Bereavement",
         "end" : "2007-11-23T00:00:00-08:00",
         "eventId" : 146525,
         "name" : "Time Off",
         "start" : "2007-11-22T00:00:00-08:00",
         "type" : "4"
      }, {
         "color" : "#81bb5f",
         "description" : "Vacation",
         "end" : "2008-05-01T00:00:00-07:00",
         "eventId" : 146526,
         "name" : "Time Off",
         "start" : "2008-04-27T00:00:00-07:00",
         "type" : "4"
      }, {
         "color" : "#81bb5f",
         "description" : "Sick",
         "end" : "2008-02-29T00:00:00-08:00",
         "eventId" : 146527,
         "name" : "Time Off",
         "start" : "2008-02-26T00:00:00-08:00",
         "type" : "4"
      }, {
         "color" : "#81bb5f",
         "description" : "Sick",
         "end" : "2008-01-19T00:00:00-08:00",
         "eventId" : 146528,
         "name" : "Time Off",
         "start" : "2008-01-17T00:00:00-08:00",
         "type" : "4"
      }, {
         "color" : "#309fdb",
         "description" : "ABC LLC",
         "end" : "2009-03-21T00:00:00-07:00",
         "eventId" : 146529,
         "name" : "Customer Meeting",
         "start" : "2009-03-16T00:00:00-07:00",
         "type" : "1"
      }, {
         "color" : "#309fdb",
         "description" : "BBB Ltd",
         "end" : "2009-07-11T00:00:00-07:00",
         "eventId" : 146530,
         "name" : "Customer Meeting",
         "start" : "2009-07-10T00:00:00-07:00",
         "type" : "1"
      }, {
         "color" : "#ed813e",
         "description" : "Trade Show",
         "end" : "2009-11-21T00:00:00-08:00",
         "eventId" : 146531,
         "name" : "Event",
         "start" : "2009-11-20T00:00:00-08:00",
         "type" : "2"
      }, {
         "color" : "#fbce4a",
         "description" : "Effective Mgmt",
         "end" : "2009-01-16T00:00:00-08:00",
         "eventId" : 146532,
         "name" : "Training",
         "start" : "2009-01-12T00:00:00-08:00",
         "type" : "3"
      }, {
         "color" : "#ed813e",
         "description" : "StockHolder's Meeting",
         "end" : "2010-12-23T00:00:00-08:00",
         "eventId" : 146533,
         "name" : "Event",
         "start" : "2010-12-20T00:00:00-08:00",
         "type" : "2"
      }, {
         "color" : "#fbce4a",
         "description" : "Mobility",
         "end" : "2010-11-14T00:00:00-08:00",
         "eventId" : 146534,
         "name" : "Training",
         "start" : "2010-11-10T00:00:00-08:00",
         "type" : "3"
      }, {
         "color" : "#ed813e",
         "description" : "Sales Convention",
         "end" : "2011-07-28T00:00:00-07:00",
         "eventId" : 146535,
         "name" : "Event",
         "start" : "2011-07-24T00:00:00-07:00",
         "type" : "2"
      }, {
         "color" : "#fbce4a",
         "description" : "Sexual Harrassment",
         "end" : "2011-03-14T00:00:00-07:00",
         "eventId" : 146536,
         "name" : "Training",
         "start" : "2011-03-10T00:00:00-08:00",
         "type" : "3"
      }, {
         "color" : "#309fdb",
         "description" : "Oracle",
         "end" : "2011-08-22T00:00:00-07:00",
         "eventId" : 146537,
         "name" : "Customer Meeting",
         "start" : "2011-08-17T00:00:00-07:00",
         "type" : "1"
      }, {
         "color" : "#fbce4a",
         "description" : "iOS Development",
         "end" : "2011-04-13T00:00:00-07:00",
         "eventId" : 146538,
         "name" : "Training",
         "start" : "2011-04-11T00:00:00-07:00",
         "type" : "3"
      }, {
         "color" : "#81bb5f",
         "description" : "Bereavement",
         "end" : "2012-09-09T00:00:00-07:00",
         "eventId" : 146539,
         "name" : "Time Off",
         "start" : "2012-09-04T00:00:00-07:00",
         "type" : "4"
      }, {
         "color" : "#81bb5f",
         "description" : "Bereavement",
         "end" : "2012-05-12T00:00:00-07:00",
         "eventId" : 146540,
         "name" : "Time Off",
         "start" : "2012-05-10T00:00:00-07:00",
         "type" : "4"
      }, {
         "color" : "#fbce4a",
         "description" : "Ethics",
         "end" : "2012-12-30T00:00:00-08:00",
         "eventId" : 146541,
         "name" : "Training",
         "start" : "2012-12-26T00:00:00-08:00",
         "type" : "3"
      }, {
         "color" : "#ed813e",
         "description" : "Development Convention",
         "end" : "2012-11-08T00:00:00-08:00",
         "eventId" : 146542,
         "name" : "Event",
         "start" : "2012-11-03T00:00:00-07:00",
         "type" : "2"
      }, {
         "color" : "#309fdb",
         "description" : "DEF Inc",
         "end" : "2013-12-14T00:00:00-08:00",
         "eventId" : 146543,
         "name" : "Customer Meeting",
         "start" : "2013-12-10T00:00:00-08:00",
         "type" : "1"
      }, {
         "color" : "#ed813e",
         "description" : "Customer Advisory Board",
         "end" : "2013-01-24T00:00:00-08:00",
         "eventId" : 146544,
         "name" : "Event",
         "start" : "2013-01-19T00:00:00-08:00",
         "type" : "2"
      }, {
         "color" : "#309fdb",
         "description" : "CCC Enterprises",
         "end" : "2013-07-12T00:00:00-07:00",
         "eventId" : 146545,
         "name" : "Customer Meeting",
         "start" : "2013-07-11T00:00:00-07:00",
         "type" : "1"
      }, {
         "color" : "#fbce4a",
         "description" : "Sexual Harrassment",
         "end" : "2014-12-16T00:00:00-08:00",
         "eventId" : 146546,
         "name" : "Training",
         "start" : "2014-12-11T00:00:00-08:00",
         "type" : "3"
      }, {
         "color" : "#fbce4a",
         "description" : "Effective Mgmt",
         "end" : "2014-01-09T00:00:00-08:00",
         "eventId" : 146547,
         "name" : "Training",
         "start" : "2014-01-04T00:00:00-08:00",
         "type" : "3"
      }, {
         "color" : "#81bb5f",
         "description" : "Sick",
         "end" : "2014-10-17T00:00:00-07:00",
         "eventId" : 146548,
         "name" : "Time Off",
         "start" : "2014-10-12T00:00:00-07:00",
         "type" : "4"
      }, {
         "color" : "#309fdb",
         "description" : "DEF Inc",
         "end" : "2015-05-04T04:00:04-07:00",
         "eventId" : 146549,
         "name" : "Customer Meeting",
         "start" : "2015-05-01T04:00:04-07:00",
         "type" : "1"
      }, {
         "color" : "#309fdb",
         "description" : "DEF Inc",
         "end" : "2015-08-08T04:00:04-07:00",
         "eventId" : 146550,
         "name" : "Customer Meeting",
         "start" : "2015-08-04T04:00:04-07:00",
         "type" : "1"
      }, {
         "color" : "#fbce4a",
         "description" : "ava Development",
         "end" : "2015-04-13T04:00:04-07:00",
         "eventId" : 146551,
         "name" : "Training",
         "start" : "2015-04-09T04:00:04-07:00",
         "type" : "3"
      } ],
      "colleaguePerfs" : [ {
         "effective" : "2015-02-23T00:00:00-08:00",
         "perfId" : 41269,
         "potential" : 2,
         "rating" : 4
      }, {
         "effective" : "2015-02-19T00:00:00-08:00",
         "perfId" : 41424,
         "potential" : 5,
         "rating" : 4
      }, {
         "effective" : "2015-08-15T00:00:00-07:00",
         "perfId" : 41430,
         "potential" : 4,
         "rating" : 5
      }, {
         "effective" : "2015-10-11T00:00:00-07:00",
         "perfId" : 41501,
         "potential" : 5,
         "rating" : 2
      }, {
         "effective" : "2015-07-11T00:00:00-07:00",
         "perfId" : 41532,
         "potential" : 5,
         "rating" : 4
      }, {
         "effective" : "2015-10-25T00:00:00-07:00",
         "perfId" : 41740,
         "potential" : 3,
         "rating" : 2
      }, {
         "effective" : "2015-10-01T00:00:00-07:00",
         "perfId" : 41771,
         "potential" : 2,
         "rating" : 2
      }, {
         "effective" : "2015-07-22T00:00:00-07:00",
         "perfId" : 41942,
         "potential" : 4,
         "rating" : 4
      } ],
      "reports" : [ ]
   }