{
      "empId" : 114,
      "firstName" : "Deb",
      "lastName" : "Raphaely",
      "title" : "Purchasing Director",
      "email" : "DRAPHEAL",
      "phone" : "515.127.4561",
      "mobile" : "515.127.4561",
      "address" : "2004 Bellevue Ct",
      "city" : "Seattle",
      "state" : "Washington",
      "country" : "US",
      "postal" : "98102",
      "twitter" : "Deb",
      "facebook" : "Deb",
      "google" : "Deb",
      "linkedIn" : "Deb",
      "hireDate" : "2008-02-14T00:00:00-08:00",
      "compRatio" : 16,
      "salary" : 12000.0,
      "bonus" : 3750.0,
      "commission" : 0.0,
      "rating" : 2,
      "potential" : 5,
      "deptId" : 30,
      "mgrId" : 101,
      "deptName" : "Purchasing",
      "mgrFirstName" : "Neena",
      "mgrLastName" : "Kochhar",
      "teamAvgRating" : 3.25,
      "empMeetings" : 0,
      "empEvents" : 0,
      "notifyApproved" : 3,
      "notifyWaiting" : 4,
      "notifyRejected" : 1,
      "groupSize" : 5,
      "groupAvgRating" : 4.4,
      "groupAvgPotential" : 4.8,
      "groupCompRatioAbove" : 1,
      "groupCompRatioIn" : 5,
      "groupCompRatioBelow" : 5,
      "groupMeetings" : 6,
      "groupEvents" : 6,
      "groupTrainings" : 3,
      "groupTimeOff" : 6,
      "comps" : [ {
         "bonus" : 3750,
         "comission" : 0,
         "compId" : 49740,
         "compRatio" : 16,
         "compSalary" : 12000,
         "effective" : "2015-05-07T00:00:00-07:00"
      }, {
         "bonus" : 3525,
         "comission" : 0,
         "compId" : 49741,
         "compRatio" : 1,
         "compSalary" : 11880,
         "effective" : "2014-05-07T00:00:00-07:00"
      }, {
         "bonus" : 3172.5,
         "comission" : 0,
         "compId" : 49742,
         "compRatio" : 96,
         "compSalary" : 11404.8,
         "effective" : "2013-05-15T00:00:00-07:00"
      }, {
         "bonus" : 2950.425,
         "comission" : 0,
         "compId" : 49743,
         "compRatio" : 41,
         "compSalary" : 11062.656,
         "effective" : "2012-05-24T00:00:00-07:00"
      }, {
         "bonus" : 2802.90375,
         "comission" : 0,
         "compId" : 49744,
         "compRatio" : 96,
         "compSalary" : 10620.14976,
         "effective" : "2011-03-16T00:00:00-07:00"
      }, {
         "bonus" : 2606.7004875,
         "comission" : 0,
         "compId" : 49745,
         "compRatio" : 17,
         "compSalary" : 10513.9482624,
         "effective" : "2010-07-04T00:00:00-07:00"
      }, {
         "bonus" : 2398.1644485,
         "comission" : 0,
         "compId" : 49746,
         "compRatio" : 27,
         "compSalary" : 10093.390331904,
         "effective" : "2009-11-27T00:00:00-08:00"
      }, {
         "bonus" : 2374.182804015,
         "comission" : 0,
         "compId" : 49747,
         "compRatio" : 119,
         "compSalary" : 9689.65471862784,
         "effective" : "2008-08-14T00:00:00-07:00"
      } ],
      "perfs" : [ {
         "effective" : "2008-02-02T00:00:00-08:00",
         "perfId" : 41481,
         "potential" : 5,
         "rating" : 5
      }, {
         "effective" : "2009-06-18T00:00:00-07:00",
         "perfId" : 41482,
         "potential" : 2,
         "rating" : 3
      }, {
         "effective" : "2010-12-23T00:00:00-08:00",
         "perfId" : 41483,
         "potential" : 3,
         "rating" : 4
      }, {
         "effective" : "2011-01-11T00:00:00-08:00",
         "perfId" : 41484,
         "potential" : 3,
         "rating" : 5
      }, {
         "effective" : "2012-01-10T00:00:00-08:00",
         "perfId" : 41485,
         "potential" : 5,
         "rating" : 2
      }, {
         "effective" : "2013-01-25T00:00:00-08:00",
         "perfId" : 41486,
         "potential" : 3,
         "rating" : 3
      }, {
         "effective" : "2014-03-02T00:00:00-08:00",
         "perfId" : 41487,
         "potential" : 5,
         "rating" : 4
      }, {
         "effective" : "2015-01-03T00:00:00-08:00",
         "perfId" : 41488,
         "potential" : 5,
         "rating" : 2
      } ],
      "skills" : [ {
         "empskillassignId" : 80407,
         "empskillassignRating" : 2,
         "skill" : {
            "skill" : "Management",
            "skillId" : 14
         }
      }, {
         "empskillassignId" : 80408,
         "empskillassignRating" : 1,
         "skill" : {
            "skill" : "Java",
            "skillId" : 7
         }
      }, {
         "empskillassignId" : 80409,
         "empskillassignRating" : 3,
         "skill" : {
            "skill" : "Analytics",
            "skillId" : 8
         }
      }, {
         "empskillassignId" : 80410,
         "empskillassignRating" : 5,
         "skill" : {
            "skill" : "Engineering",
            "skillId" : 19
         }
      }, {
         "empskillassignId" : 80411,
         "empskillassignRating" : 2,
         "skill" : {
            "skill" : "Risk Analysis",
            "skillId" : 12
         }
      }, {
         "empskillassignId" : 80412,
         "empskillassignRating" : 3,
         "skill" : {
            "skill" : "Outsourcing",
            "skillId" : 20
         }
      }, {
         "empskillassignId" : 80413,
         "empskillassignRating" : 3,
         "skill" : {
            "skill" : "Estimation",
            "skillId" : 23
         }
      }, {
         "empskillassignId" : 80414,
         "empskillassignRating" : 1,
         "skill" : {
            "skill" : "Excel",
            "skillId" : 3
         }
      }, {
         "empskillassignId" : 80415,
         "empskillassignRating" : 3,
         "skill" : {
            "skill" : "Financials",
            "skillId" : 15
         }
      }, {
         "empskillassignId" : 80416,
         "empskillassignRating" : 4,
         "skill" : {
            "skill" : "Statistics",
            "skillId" : 5
         }
      }, {
         "empskillassignId" : 80417,
         "empskillassignRating" : 1,
         "skill" : {
            "skill" : "Testing",
            "skillId" : 9
         }
      }, {
         "empskillassignId" : 80418,
         "empskillassignRating" : 3,
         "skill" : {
            "skill" : "Recruiting",
            "skillId" : 13
         }
      }, {
         "empskillassignId" : 80419,
         "empskillassignRating" : 1,
         "skill" : {
            "skill" : "Bookeeping",
            "skillDescription" : "Bookeeping",
            "skillId" : 1
         }
      }, {
         "empskillassignId" : 80420,
         "empskillassignRating" : 1,
         "skill" : {
            "skill" : "Strategy",
            "skillId" : 22
         }
      } ],
      "events" : [ {
         "color" : "#309fdb",
         "description" : "Oracle",
         "end" : "2008-01-13T00:00:00-08:00",
         "eventId" : 146400,
         "name" : "Customer Meeting",
         "start" : "2008-01-11T00:00:00-08:00",
         "type" : "1"
      }, {
         "color" : "#fbce4a",
         "description" : "Sexual Harrassment",
         "end" : "2008-06-25T00:00:00-07:00",
         "eventId" : 146401,
         "name" : "Training",
         "start" : "2008-06-23T00:00:00-07:00",
         "type" : "3"
      }, {
         "color" : "#81bb5f",
         "description" : "Sick",
         "end" : "2008-04-24T00:00:00-07:00",
         "eventId" : 146402,
         "name" : "Time Off",
         "start" : "2008-04-20T00:00:00-07:00",
         "type" : "4"
      }, {
         "color" : "#309fdb",
         "description" : "Foo Ltd",
         "end" : "2009-02-15T00:00:00-08:00",
         "eventId" : 146403,
         "name" : "Customer Meeting",
         "start" : "2009-02-14T00:00:00-08:00",
         "type" : "1"
      }, {
         "color" : "#fbce4a",
         "description" : "Ethics",
         "end" : "2009-04-09T00:00:00-07:00",
         "eventId" : 146404,
         "name" : "Training",
         "start" : "2009-04-07T00:00:00-07:00",
         "type" : "3"
      }, {
         "color" : "#ed813e",
         "description" : "Customer Advisory Board",
         "end" : "2010-07-06T00:00:00-07:00",
         "eventId" : 146405,
         "name" : "Event",
         "start" : "2010-07-02T00:00:00-07:00",
         "type" : "2"
      }, {
         "color" : "#ed813e",
         "description" : "Development Convention",
         "end" : "2010-11-26T00:00:00-08:00",
         "eventId" : 146406,
         "name" : "Event",
         "start" : "2010-11-21T00:00:00-08:00",
         "type" : "2"
      }, {
         "color" : "#81bb5f",
         "description" : "Sick",
         "end" : "2010-10-09T00:00:00-07:00",
         "eventId" : 146407,
         "name" : "Time Off",
         "start" : "2010-10-05T00:00:00-07:00",
         "type" : "4"
      }, {
         "color" : "#309fdb",
         "description" : "Foo Ltd",
         "end" : "2010-06-23T00:00:00-07:00",
         "eventId" : 146408,
         "name" : "Customer Meeting",
         "start" : "2010-06-21T00:00:00-07:00",
         "type" : "1"
      }, {
         "color" : "#81bb5f",
         "description" : "Sick",
         "end" : "2011-12-07T00:00:00-08:00",
         "eventId" : 146409,
         "name" : "Time Off",
         "start" : "2011-12-02T00:00:00-08:00",
         "type" : "4"
      }, {
         "color" : "#ed813e",
         "description" : "Design Awards",
         "end" : "2011-06-28T00:00:00-07:00",
         "eventId" : 146410,
         "name" : "Event",
         "start" : "2011-06-23T00:00:00-07:00",
         "type" : "2"
      }, {
         "color" : "#309fdb",
         "description" : "AAA Inc",
         "end" : "2012-02-08T00:00:00-08:00",
         "eventId" : 146411,
         "name" : "Customer Meeting",
         "start" : "2012-02-07T00:00:00-08:00",
         "type" : "1"
      }, {
         "color" : "#fbce4a",
         "description" : "Public Speaking",
         "end" : "2012-03-12T00:00:00-07:00",
         "eventId" : 146412,
         "name" : "Training",
         "start" : "2012-03-08T00:00:00-08:00",
         "type" : "3"
      }, {
         "color" : "#ed813e",
         "description" : "Trade Show",
         "end" : "2012-05-23T00:00:00-07:00",
         "eventId" : 146413,
         "name" : "Event",
         "start" : "2012-05-21T00:00:00-07:00",
         "type" : "2"
      }, {
         "color" : "#fbce4a",
         "description" : "Sales",
         "end" : "2012-07-22T00:00:00-07:00",
         "eventId" : 146414,
         "name" : "Training",
         "start" : "2012-07-19T00:00:00-07:00",
         "type" : "3"
      }, {
         "color" : "#309fdb",
         "description" : "ABC LLC",
         "end" : "2013-05-22T00:00:00-07:00",
         "eventId" : 146415,
         "name" : "Customer Meeting",
         "start" : "2013-05-17T00:00:00-07:00",
         "type" : "1"
      }, {
         "color" : "#fbce4a",
         "description" : "Ethics",
         "end" : "2013-03-06T00:00:00-08:00",
         "eventId" : 146416,
         "name" : "Training",
         "start" : "2013-03-03T00:00:00-08:00",
         "type" : "3"
      }, {
         "color" : "#ed813e",
         "description" : "Trade Show",
         "end" : "2014-11-05T00:00:00-08:00",
         "eventId" : 146417,
         "name" : "Event",
         "start" : "2014-11-01T00:00:00-07:00",
         "type" : "2"
      }, {
         "color" : "#ed813e",
         "description" : "User Group Meetup",
         "end" : "2014-06-04T00:00:00-07:00",
         "eventId" : 146418,
         "name" : "Event",
         "start" : "2014-06-03T00:00:00-07:00",
         "type" : "2"
      }, {
         "color" : "#ed813e",
         "description" : "StockHolder's Meeting",
         "end" : "2014-09-28T00:00:00-07:00",
         "eventId" : 146419,
         "name" : "Event",
         "start" : "2014-09-25T00:00:00-07:00",
         "type" : "2"
      }, {
         "color" : "#fbce4a",
         "description" : "Mobility",
         "end" : "2014-01-06T00:00:00-08:00",
         "eventId" : 146420,
         "name" : "Training",
         "start" : "2014-01-02T00:00:00-08:00",
         "type" : "3"
      }, {
         "color" : "#fbce4a",
         "description" : "Mgr Essentials",
         "end" : "2015-07-06T04:00:04-07:00",
         "eventId" : 146421,
         "name" : "Training",
         "start" : "2015-07-04T04:00:04-07:00",
         "type" : "3"
      }, {
         "color" : "#81bb5f",
         "description" : "Sick",
         "end" : "2015-05-31T04:00:04-07:00",
         "eventId" : 146422,
         "name" : "Time Off",
         "start" : "2015-05-27T04:00:04-07:00",
         "type" : "4"
      }, {
         "color" : "#ed813e",
         "description" : "Trade Show",
         "end" : "2015-06-22T04:00:04-07:00",
         "eventId" : 146423,
         "name" : "Event",
         "start" : "2015-06-18T04:00:04-07:00",
         "type" : "2"
      }, {
         "color" : "#309fdb",
         "description" : "Foo Ltd",
         "end" : "2015-04-17T04:00:04-07:00",
         "eventId" : 146424,
         "name" : "Customer Meeting",
         "start" : "2015-04-15T04:00:04-07:00",
         "type" : "1"
      } ],
      "colleaguePerfs" : [ {
         "effective" : "2015-09-08T00:00:00-07:00",
         "perfId" : 41178,
         "potential" : 3,
         "rating" : 3
      }, {
         "effective" : "2015-01-03T00:00:00-08:00",
         "perfId" : 41488,
         "potential" : 5,
         "rating" : 2
      }, {
         "effective" : "2015-05-16T00:00:00-07:00",
         "perfId" : 41654,
         "potential" : 3,
         "rating" : 2
      }, {
         "effective" : "2015-07-18T00:00:00-07:00",
         "perfId" : 41670,
         "potential" : 4,
         "rating" : 2
      }, {
         "effective" : "2015-08-05T00:00:00-07:00",
         "perfId" : 41717,
         "potential" : 5,
         "rating" : 2
      }, {
         "effective" : "2015-06-01T00:00:00-07:00",
         "perfId" : 41796,
         "potential" : 3,
         "rating" : 5
      }, {
         "effective" : "2015-03-22T00:00:00-07:00",
         "perfId" : 42001,
         "potential" : 3,
         "rating" : 5
      }, {
         "effective" : "2015-10-14T00:00:00-07:00",
         "perfId" : 42028,
         "potential" : 4,
         "rating" : 5
      } ],
      "reports" : [ {
         "empId" : 118,
         "firstName" : "Guy",
         "lastName" : "Himuro",
         "title" : "Purchasing Clerk",
         "email" : "GHIMURO",
         "phone" : "515.127.4565",
         "mobile" : "515.127.4565",
         "address" : "2004 Bellevue Ct",
         "city" : "Seattle",
         "state" : "Washington",
         "country" : "US",
         "postal" : "98102",
         "twitter" : "Guy",
         "facebook" : "Guy",
         "google" : "Guy",
         "linkedIn" : "Guy",
         "hireDate" : "2009-03-01T00:00:00-08:00",
         "compRatio" : 40,
         "salary" : 6600.0,
         "bonus" : 1390.0,
         "commission" : 0.0,
         "rating" : 4,
         "potential" : 5,
         "deptId" : 30,
         "mgrId" : 114,
         "deptName" : "Purchasing",
         "mgrFirstName" : "Deb",
         "mgrLastName" : "Raphaely",
         "teamAvgRating" : 4.0,
         "empMeetings" : 0,
         "empEvents" : 0,
         "notifyApproved" : 3,
         "notifyWaiting" : 4,
         "notifyRejected" : 1,
         "groupSize" : 1,
         "groupAvgRating" : 4.0,
         "groupAvgPotential" : 5.0,
         "groupCompRatioAbove" : 0,
         "groupCompRatioIn" : 1,
         "groupCompRatioBelow" : 1,
         "groupMeetings" : 0,
         "groupEvents" : 1,
         "groupTrainings" : 0,
         "groupTimeOff" : 2
      }, {
         "empId" : 115,
         "firstName" : "Alexander",
         "lastName" : "Khoo",
         "title" : "Purchasing Clerk",
         "email" : "AKHOO",
         "phone" : "515.127.4562",
         "mobile" : "515.127.4562",
         "address" : "2004 Bellevue Ct",
         "city" : "Seattle",
         "state" : "Washington",
         "country" : "US",
         "postal" : "98102",
         "twitter" : "Alexander",
         "facebook" : "Alexander",
         "google" : "Alexander",
         "linkedIn" : "Alexander",
         "hireDate" : "2004-09-14T00:00:00-07:00",
         "compRatio" : 33,
         "salary" : 6500.0,
         "bonus" : 1775.0,
         "commission" : 0.0,
         "rating" : 2,
         "potential" : 5,
         "deptId" : 30,
         "mgrId" : 114,
         "deptName" : "Purchasing",
         "mgrFirstName" : "Deb",
         "mgrLastName" : "Raphaely",
         "teamAvgRating" : 4.0,
         "empMeetings" : 0,
         "empEvents" : 0,
         "notifyApproved" : 3,
         "notifyWaiting" : 4,
         "notifyRejected" : 1,
         "groupSize" : 1,
         "groupAvgRating" : 2.0,
         "groupAvgPotential" : 5.0,
         "groupCompRatioAbove" : 0,
         "groupCompRatioIn" : 1,
         "groupCompRatioBelow" : 1,
         "groupMeetings" : 1,
         "groupEvents" : 1,
         "groupTrainings" : 0,
         "groupTimeOff" : 1
      }, {
         "empId" : 117,
         "firstName" : "Sigal",
         "lastName" : "Tobias",
         "title" : "Purchasing Clerk",
         "email" : "STOBIAS",
         "phone" : "515.127.4564",
         "mobile" : "515.127.4564",
         "address" : "2004 Bellevue Ct",
         "city" : "Seattle",
         "state" : "Washington",
         "country" : "US",
         "postal" : "98102",
         "twitter" : "Sigal",
         "facebook" : "Sigal",
         "google" : "Sigal",
         "linkedIn" : "Sigal",
         "hireDate" : "2009-03-01T00:00:00-08:00",
         "compRatio" : 60,
         "salary" : 5800.0,
         "bonus" : 550.0,
         "commission" : 0.0,
         "rating" : 5,
         "potential" : 2,
         "deptId" : 30,
         "mgrId" : 114,
         "deptName" : "Purchasing",
         "mgrFirstName" : "Deb",
         "mgrLastName" : "Raphaely",
         "teamAvgRating" : 4.0,
         "empMeetings" : 0,
         "empEvents" : 0,
         "notifyApproved" : 3,
         "notifyWaiting" : 4,
         "notifyRejected" : 1,
         "groupSize" : 1,
         "groupAvgRating" : 5.0,
         "groupAvgPotential" : 2.0,
         "groupCompRatioAbove" : 0,
         "groupCompRatioIn" : 1,
         "groupCompRatioBelow" : 1,
         "groupMeetings" : 1,
         "groupEvents" : 1,
         "groupTrainings" : 1,
         "groupTimeOff" : 0
      }, {
         "empId" : 116,
         "firstName" : "Shelli",
         "lastName" : "Baida",
         "title" : "Purchasing Clerk",
         "email" : "SBAIDA",
         "phone" : "515.127.4563",
         "mobile" : "515.127.4563",
         "address" : "2004 Bellevue Ct",
         "city" : "Seattle",
         "state" : "Washington",
         "country" : "US",
         "postal" : "98102",
         "twitter" : "Shelli",
         "facebook" : "Shelli",
         "google" : "Shelli",
         "linkedIn" : "Shelli",
         "hireDate" : "2010-01-01T00:00:00-08:00",
         "compRatio" : 6,
         "salary" : 5900.0,
         "bonus" : 725.0,
         "commission" : 0.0,
         "rating" : 5,
         "potential" : 5,
         "deptId" : 30,
         "mgrId" : 114,
         "deptName" : "Purchasing",
         "mgrFirstName" : "Deb",
         "mgrLastName" : "Raphaely",
         "teamAvgRating" : 4.0,
         "empMeetings" : 0,
         "empEvents" : 0,
         "notifyApproved" : 3,
         "notifyWaiting" : 4,
         "notifyRejected" : 1,
         "groupSize" : 1,
         "groupAvgRating" : 5.0,
         "groupAvgPotential" : 5.0,
         "groupCompRatioAbove" : 0,
         "groupCompRatioIn" : 1,
         "groupCompRatioBelow" : 1,
         "groupMeetings" : 1,
         "groupEvents" : 2,
         "groupTrainings" : 0,
         "groupTimeOff" : 1
      }, {
         "empId" : 119,
         "firstName" : "Karen",
         "lastName" : "Colmenares",
         "title" : "Purchasing Clerk",
         "email" : "KCOLMENA",
         "phone" : "515.127.4566",
         "mobile" : "515.127.4566",
         "address" : "2004 Bellevue Ct",
         "city" : "Seattle",
         "state" : "Washington",
         "country" : "US",
         "postal" : "98102",
         "twitter" : "Karen",
         "facebook" : "Karen",
         "google" : "Karen",
         "linkedIn" : "Karen",
         "hireDate" : "2009-03-01T00:00:00-08:00",
         "compRatio" : 114,
         "salary" : 6500.0,
         "bonus" : 325.0,
         "commission" : 0.0,
         "rating" : 4,
         "potential" : 2,
         "deptId" : 30,
         "mgrId" : 114,
         "deptName" : "Purchasing",
         "mgrFirstName" : "Deb",
         "mgrLastName" : "Raphaely",
         "teamAvgRating" : 4.0,
         "empMeetings" : 0,
         "empEvents" : 0,
         "notifyApproved" : 3,
         "notifyWaiting" : 4,
         "notifyRejected" : 1,
         "groupSize" : 1,
         "groupAvgRating" : 4.0,
         "groupAvgPotential" : 2.0,
         "groupCompRatioAbove" : 1,
         "groupCompRatioIn" : 0,
         "groupCompRatioBelow" : 0,
         "groupMeetings" : 2,
         "groupEvents" : 0,
         "groupTrainings" : 1,
         "groupTimeOff" : 1
      } ]
   }