{
      "empId" : 206,
      "firstName" : "William",
      "lastName" : "Gietz",
      "title" : "Public Accountant",
      "email" : "WGIETZ",
      "phone" : "515.123.8181",
      "mobile" : "515.123.8181",
      "address" : "2004 Bellevue Ct",
      "city" : "Seattle",
      "state" : "Washington",
      "country" : "US",
      "postal" : "98102",
      "twitter" : "William",
      "facebook" : "William",
      "google" : "William",
      "linkedIn" : "William",
      "hireDate" : "2006-07-14T00:00:00-07:00",
      "compRatio" : 40,
      "salary" : 8300.0,
      "bonus" : 2075.0,
      "commission" : 0.0,
      "rating" : 2,
      "potential" : 2,
      "deptId" : 110,
      "mgrId" : 205,
      "deptName" : "Accounting",
      "mgrFirstName" : "Shelley",
      "mgrLastName" : "Higgins",
      "teamAvgRating" : 2.0,
      "empMeetings" : 0,
      "empEvents" : 0,
      "notifyApproved" : 3,
      "notifyWaiting" : 4,
      "notifyRejected" : 1,
      "groupSize" : 1,
      "groupAvgRating" : 2.0,
      "groupAvgPotential" : 2.0,
      "groupCompRatioAbove" : 0,
      "groupCompRatioIn" : 1,
      "groupCompRatioBelow" : 1,
      "groupMeetings" : 1,
      "groupEvents" : 0,
      "groupTrainings" : 2,
      "groupTimeOff" : 0,
      "comps" : [ {
         "bonus" : 2075,
         "comission" : 0,
         "compId" : 50235,
         "compRatio" : 40,
         "compSalary" : 8300,
         "effective" : "2015-03-03T00:00:00-08:00"
      }, {
         "bonus" : 1992,
         "comission" : 0,
         "compId" : 50236,
         "compRatio" : 7,
         "compSalary" : 8217,
         "effective" : "2014-06-22T00:00:00-07:00"
      }, {
         "bonus" : 1952.16,
         "comission" : 0,
         "compId" : 50237,
         "compRatio" : 101,
         "compSalary" : 7888.32,
         "effective" : "2013-05-27T00:00:00-07:00"
      }, {
         "bonus" : 1874.0736,
         "comission" : 0,
         "compId" : 50238,
         "compRatio" : 88,
         "compSalary" : 7493.904,
         "effective" : "2012-05-14T00:00:00-07:00"
      }, {
         "bonus" : 1686.66624,
         "comission" : 0,
         "compId" : 50239,
         "compRatio" : 45,
         "compSalary" : 7269.08688,
         "effective" : "2011-06-08T00:00:00-07:00"
      }, {
         "bonus" : 1619.1995904,
         "comission" : 0,
         "compId" : 50240,
         "compRatio" : 98,
         "compSalary" : 7196.3960112,
         "effective" : "2010-06-20T00:00:00-07:00"
      }, {
         "bonus" : 1538.23961088,
         "comission" : 0,
         "compId" : 50241,
         "compRatio" : 91,
         "compSalary" : 6908.540170752,
         "effective" : "2009-05-22T00:00:00-07:00"
      }, {
         "bonus" : 1445.9452342272,
         "comission" : 0,
         "compId" : 50242,
         "compRatio" : 46,
         "compSalary" : 6632.19856392192,
         "effective" : "2008-02-04T00:00:00-08:00"
      }, {
         "bonus" : 1402.566877200384,
         "comission" : 0,
         "compId" : 50243,
         "compRatio" : 12,
         "compSalary" : 6433.2326070042624,
         "effective" : "2007-01-15T00:00:00-08:00"
      }, {
         "bonus" : 1262.3101894803456,
         "comission" : 0,
         "compId" : 50244,
         "compRatio" : 44,
         "compSalary" : 6175.903302724091904,
         "effective" : "2006-12-18T00:00:00-08:00"
      } ],
      "perfs" : [ {
         "effective" : "2006-07-23T00:00:00-07:00",
         "perfId" : 41976,
         "potential" : 4,
         "rating" : 3
      }, {
         "effective" : "2007-01-19T00:00:00-08:00",
         "perfId" : 41977,
         "potential" : 2,
         "rating" : 5
      }, {
         "effective" : "2008-09-06T00:00:00-07:00",
         "perfId" : 41978,
         "potential" : 2,
         "rating" : 5
      }, {
         "effective" : "2009-05-25T00:00:00-07:00",
         "perfId" : 41979,
         "potential" : 3,
         "rating" : 4
      }, {
         "effective" : "2010-02-24T00:00:00-08:00",
         "perfId" : 41980,
         "potential" : 5,
         "rating" : 5
      }, {
         "effective" : "2011-12-18T00:00:00-08:00",
         "perfId" : 41981,
         "potential" : 3,
         "rating" : 4
      }, {
         "effective" : "2012-02-21T00:00:00-08:00",
         "perfId" : 41982,
         "potential" : 4,
         "rating" : 5
      }, {
         "effective" : "2013-02-18T00:00:00-08:00",
         "perfId" : 41983,
         "potential" : 4,
         "rating" : 2
      }, {
         "effective" : "2014-02-14T00:00:00-08:00",
         "perfId" : 41984,
         "potential" : 4,
         "rating" : 3
      }, {
         "effective" : "2015-02-17T00:00:00-08:00",
         "perfId" : 41985,
         "potential" : 2,
         "rating" : 2
      } ],
      "skills" : [ {
         "empskillassignId" : 81128,
         "empskillassignRating" : 4,
         "skill" : {
            "skill" : "Javascript",
            "skillId" : 6
         }
      }, {
         "empskillassignId" : 81129,
         "empskillassignRating" : 3,
         "skill" : {
            "skill" : "Estimation",
            "skillId" : 23
         }
      }, {
         "empskillassignId" : 81130,
         "empskillassignRating" : 3,
         "skill" : {
            "skill" : "Risk Analysis",
            "skillId" : 12
         }
      }, {
         "empskillassignId" : 81131,
         "empskillassignRating" : 3,
         "skill" : {
            "skill" : "Corporate Tax",
            "skillDescription" : "Corporate Tax",
            "skillId" : 2
         }
      }, {
         "empskillassignId" : 81132,
         "empskillassignRating" : 4,
         "skill" : {
            "skill" : "Procurement",
            "skillId" : 21
         }
      }, {
         "empskillassignId" : 81133,
         "empskillassignRating" : 4,
         "skill" : {
            "skill" : "Financials",
            "skillId" : 15
         }
      }, {
         "empskillassignId" : 81134,
         "empskillassignRating" : 3,
         "skill" : {
            "skill" : "Java",
            "skillId" : 7
         }
      }, {
         "empskillassignId" : 81135,
         "empskillassignRating" : 1,
         "skill" : {
            "skill" : "CRM",
            "skillId" : 16
         }
      }, {
         "empskillassignId" : 81136,
         "empskillassignRating" : 2,
         "skill" : {
            "skill" : "Engineering",
            "skillId" : 19
         }
      }, {
         "empskillassignId" : 81137,
         "empskillassignRating" : 4,
         "skill" : {
            "skill" : "Management",
            "skillId" : 14
         }
      }, {
         "empskillassignId" : 81138,
         "empskillassignRating" : 1,
         "skill" : {
            "skill" : "Bookeeping",
            "skillDescription" : "Bookeeping",
            "skillId" : 1
         }
      }, {
         "empskillassignId" : 81139,
         "empskillassignRating" : 1,
         "skill" : {
            "skill" : "Budgeting",
            "skillId" : 25
         }
      }, {
         "empskillassignId" : 81140,
         "empskillassignRating" : 4,
         "skill" : {
            "skill" : "Outsourcing",
            "skillId" : 20
         }
      }, {
         "empskillassignId" : 81141,
         "empskillassignRating" : 4,
         "skill" : {
            "skill" : "Testing",
            "skillId" : 9
         }
      }, {
         "empskillassignId" : 81142,
         "empskillassignRating" : 1,
         "skill" : {
            "skill" : "Analytics",
            "skillId" : 8
         }
      }, {
         "empskillassignId" : 81143,
         "empskillassignRating" : 1,
         "skill" : {
            "skill" : "Statistics",
            "skillId" : 5
         }
      }, {
         "empskillassignId" : 81144,
         "empskillassignRating" : 2,
         "skill" : {
            "skill" : "Strategy",
            "skillId" : 22
         }
      }, {
         "empskillassignId" : 81145,
         "empskillassignRating" : 3,
         "skill" : {
            "skill" : "Project Planning",
            "skillId" : 11
         }
      } ],
      "events" : [ {
         "color" : "#309fdb",
         "description" : "BBB Ltd",
         "end" : "2006-10-19T00:00:00-07:00",
         "eventId" : 147889,
         "name" : "Customer Meeting",
         "start" : "2006-10-18T00:00:00-07:00",
         "type" : "1"
      }, {
         "color" : "#309fdb",
         "description" : "Bar Inc",
         "end" : "2006-02-27T00:00:00-08:00",
         "eventId" : 147890,
         "name" : "Customer Meeting",
         "start" : "2006-02-24T00:00:00-08:00",
         "type" : "1"
      }, {
         "color" : "#ed813e",
         "description" : "Business Meeting",
         "end" : "2006-07-22T00:00:00-07:00",
         "eventId" : 147891,
         "name" : "Event",
         "start" : "2006-07-18T00:00:00-07:00",
         "type" : "2"
      }, {
         "color" : "#ed813e",
         "description" : "Winner's Circle",
         "end" : "2007-11-12T00:00:00-08:00",
         "eventId" : 147892,
         "name" : "Event",
         "start" : "2007-11-10T00:00:00-08:00",
         "type" : "2"
      }, {
         "color" : "#309fdb",
         "description" : "Acme Ent",
         "end" : "2007-03-11T00:00:00-08:00",
         "eventId" : 147893,
         "name" : "Customer Meeting",
         "start" : "2007-03-06T00:00:00-08:00",
         "type" : "1"
      }, {
         "color" : "#81bb5f",
         "description" : "Vacation",
         "end" : "2007-04-06T00:00:00-07:00",
         "eventId" : 147894,
         "name" : "Time Off",
         "start" : "2007-04-02T00:00:00-07:00",
         "type" : "4"
      }, {
         "color" : "#309fdb",
         "description" : "Foo Ltd",
         "end" : "2008-04-05T00:00:00-07:00",
         "eventId" : 147895,
         "name" : "Customer Meeting",
         "start" : "2008-04-02T00:00:00-07:00",
         "type" : "1"
      }, {
         "color" : "#81bb5f",
         "description" : "Vacation",
         "end" : "2008-03-24T00:00:00-07:00",
         "eventId" : 147896,
         "name" : "Time Off",
         "start" : "2008-03-19T00:00:00-07:00",
         "type" : "4"
      }, {
         "color" : "#81bb5f",
         "description" : "Bereavement",
         "end" : "2009-05-31T00:00:00-07:00",
         "eventId" : 147897,
         "name" : "Time Off",
         "start" : "2009-05-27T00:00:00-07:00",
         "type" : "4"
      }, {
         "color" : "#ed813e",
         "description" : "Customer Advisory Board",
         "end" : "2009-10-31T00:00:00-07:00",
         "eventId" : 147898,
         "name" : "Event",
         "start" : "2009-10-26T00:00:00-07:00",
         "type" : "2"
      }, {
         "color" : "#81bb5f",
         "description" : "Vacation",
         "end" : "2010-06-27T00:00:00-07:00",
         "eventId" : 147899,
         "name" : "Time Off",
         "start" : "2010-06-22T00:00:00-07:00",
         "type" : "4"
      }, {
         "color" : "#ed813e",
         "description" : "Development Convention",
         "end" : "2010-01-11T00:00:00-08:00",
         "eventId" : 147900,
         "name" : "Event",
         "start" : "2010-01-10T00:00:00-08:00",
         "type" : "2"
      }, {
         "color" : "#fbce4a",
         "description" : "ava Development",
         "end" : "2010-12-04T00:00:00-08:00",
         "eventId" : 147901,
         "name" : "Training",
         "start" : "2010-12-01T00:00:00-08:00",
         "type" : "3"
      }, {
         "color" : "#fbce4a",
         "description" : "Mgr Essentials",
         "end" : "2011-04-07T00:00:00-07:00",
         "eventId" : 147902,
         "name" : "Training",
         "start" : "2011-04-06T00:00:00-07:00",
         "type" : "3"
      }, {
         "color" : "#309fdb",
         "description" : "BBB Ltd",
         "end" : "2011-01-29T00:00:00-08:00",
         "eventId" : 147903,
         "name" : "Customer Meeting",
         "start" : "2011-01-25T00:00:00-08:00",
         "type" : "1"
      }, {
         "color" : "#81bb5f",
         "description" : "Vacation",
         "end" : "2012-02-21T00:00:00-08:00",
         "eventId" : 147904,
         "name" : "Time Off",
         "start" : "2012-02-18T00:00:00-08:00",
         "type" : "4"
      }, {
         "color" : "#fbce4a",
         "description" : "iOS Development",
         "end" : "2012-12-07T00:00:00-08:00",
         "eventId" : 147905,
         "name" : "Training",
         "start" : "2012-12-05T00:00:00-08:00",
         "type" : "3"
      }, {
         "color" : "#81bb5f",
         "description" : "Bereavement",
         "end" : "2012-08-11T00:00:00-07:00",
         "eventId" : 147906,
         "name" : "Time Off",
         "start" : "2012-08-09T00:00:00-07:00",
         "type" : "4"
      }, {
         "color" : "#ed813e",
         "description" : "Development Convention",
         "end" : "2012-10-17T00:00:00-07:00",
         "eventId" : 147907,
         "name" : "Event",
         "start" : "2012-10-15T00:00:00-07:00",
         "type" : "2"
      }, {
         "color" : "#fbce4a",
         "description" : "iOS Development",
         "end" : "2013-01-26T00:00:00-08:00",
         "eventId" : 147908,
         "name" : "Training",
         "start" : "2013-01-25T00:00:00-08:00",
         "type" : "3"
      }, {
         "color" : "#ed813e",
         "description" : "Design Awards",
         "end" : "2013-10-29T00:00:00-07:00",
         "eventId" : 147909,
         "name" : "Event",
         "start" : "2013-10-27T00:00:00-07:00",
         "type" : "2"
      }, {
         "color" : "#fbce4a",
         "description" : "Mgr Essentials",
         "end" : "2013-05-29T00:00:00-07:00",
         "eventId" : 147910,
         "name" : "Training",
         "start" : "2013-05-26T00:00:00-07:00",
         "type" : "3"
      }, {
         "color" : "#81bb5f",
         "description" : "Sick",
         "end" : "2013-09-23T00:00:00-07:00",
         "eventId" : 147911,
         "name" : "Time Off",
         "start" : "2013-09-21T00:00:00-07:00",
         "type" : "4"
      }, {
         "color" : "#ed813e",
         "description" : "Design Awards",
         "end" : "2014-01-16T00:00:00-08:00",
         "eventId" : 147912,
         "name" : "Event",
         "start" : "2014-01-12T00:00:00-08:00",
         "type" : "2"
      }, {
         "color" : "#ed813e",
         "description" : "Feedback Session",
         "end" : "2014-10-28T00:00:00-07:00",
         "eventId" : 147913,
         "name" : "Event",
         "start" : "2014-10-24T00:00:00-07:00",
         "type" : "2"
      }, {
         "color" : "#fbce4a",
         "description" : "Mobility",
         "end" : "2014-09-21T00:00:00-07:00",
         "eventId" : 147914,
         "name" : "Training",
         "start" : "2014-09-19T00:00:00-07:00",
         "type" : "3"
      }, {
         "color" : "#ed813e",
         "description" : "Development Convention",
         "end" : "2014-05-20T00:00:00-07:00",
         "eventId" : 147915,
         "name" : "Event",
         "start" : "2014-05-15T00:00:00-07:00",
         "type" : "2"
      }, {
         "color" : "#309fdb",
         "description" : "ABC LLC",
         "end" : "2015-07-12T04:00:05-07:00",
         "eventId" : 147916,
         "name" : "Customer Meeting",
         "start" : "2015-07-09T04:00:05-07:00",
         "type" : "1"
      }, {
         "color" : "#fbce4a",
         "description" : "Mgr Essentials",
         "end" : "2015-04-15T04:00:05-07:00",
         "eventId" : 147917,
         "name" : "Training",
         "start" : "2015-04-14T04:00:05-07:00",
         "type" : "3"
      }, {
         "color" : "#fbce4a",
         "description" : "iOS Development",
         "end" : "2015-08-08T04:00:05-07:00",
         "eventId" : 147918,
         "name" : "Training",
         "start" : "2015-08-07T04:00:05-07:00",
         "type" : "3"
      } ],
      "colleaguePerfs" : [ {
         "effective" : "2015-02-17T00:00:00-08:00",
         "perfId" : 41985,
         "potential" : 2,
         "rating" : 2
      } ],
      "reports" : [ ]
   }