{
      "empId" : 153,
      "firstName" : "Christine",
      "lastName" : "Olsen",
      "title" : "Sales Representative",
      "email" : "COLSEN",
      "phone" : "011.44.1344.498718",
      "mobile" : "011.44.1344.498718",
      "address" : "Magdalen Centre The Oxford Science Park",
      "city" : "Oxford",
      "state" : "Oxford",
      "country" : "UK",
      "postal" : "OX9 9ZB",
      "twitter" : "Christine",
      "facebook" : "Christine",
      "google" : "Christine",
      "linkedIn" : "Christine",
      "hireDate" : "2009-03-01T00:00:00-08:00",
      "compRatio" : 49,
      "salary" : 8000.0,
      "bonus" : 2000.0,
      "commission" : 2000.0,
      "rating" : 3,
      "potential" : 2,
      "deptId" : 80,
      "mgrId" : 145,
      "deptName" : "Sales",
      "mgrFirstName" : "Joanne",
      "mgrLastName" : "Russell",
      "teamAvgRating" : 3.5,
      "empMeetings" : 0,
      "empEvents" : 1,
      "notifyApproved" : 3,
      "notifyWaiting" : 4,
      "notifyRejected" : 1,
      "groupSize" : 1,
      "groupAvgRating" : 3.0,
      "groupAvgPotential" : 2.0,
      "groupCompRatioAbove" : 0,
      "groupCompRatioIn" : 1,
      "groupCompRatioBelow" : 1,
      "groupMeetings" : 0,
      "groupEvents" : 2,
      "groupTrainings" : 1,
      "groupTimeOff" : 0,
      "comps" : [ {
         "bonus" : 2000,
         "comission" : 2000,
         "compId" : 49657,
         "compRatio" : 49,
         "compSalary" : 8000,
         "effective" : "2015-09-24T00:00:00-07:00"
      }, {
         "bonus" : 1940,
         "comission" : 1880,
         "compId" : 49658,
         "compRatio" : 29,
         "compSalary" : 7760,
         "effective" : "2014-04-25T00:00:00-07:00"
      }, {
         "bonus" : 1823.6,
         "comission" : 1748.4,
         "compId" : 49659,
         "compRatio" : 86,
         "compSalary" : 7527.2,
         "effective" : "2013-12-01T00:00:00-08:00"
      }, {
         "bonus" : 1677.712,
         "comission" : 1608.528,
         "compId" : 49660,
         "compRatio" : 7,
         "compSalary" : 7150.84,
         "effective" : "2012-10-25T00:00:00-07:00"
      }, {
         "bonus" : 1610.60352,
         "comission" : 1512.01632,
         "compId" : 49661,
         "compRatio" : 85,
         "compSalary" : 7079.3316,
         "effective" : "2011-07-01T00:00:00-07:00"
      }, {
         "bonus" : 1594.4974848,
         "comission" : 1391.0550144,
         "compId" : 49662,
         "compRatio" : 28,
         "compSalary" : 6725.36502,
         "effective" : "2010-10-26T00:00:00-07:00"
      }, {
         "bonus" : 1466.937686016,
         "comission" : 1279.770613248,
         "compId" : 49663,
         "compRatio" : 2,
         "compSalary" : 6658.1113698,
         "effective" : "2009-12-21T00:00:00-08:00"
      } ],
      "perfs" : [ {
         "effective" : "2011-12-27T00:00:00-08:00",
         "perfId" : 41400,
         "potential" : 5,
         "rating" : 2
      }, {
         "effective" : "2012-09-20T00:00:00-07:00",
         "perfId" : 41401,
         "potential" : 4,
         "rating" : 3
      }, {
         "effective" : "2013-07-09T00:00:00-07:00",
         "perfId" : 41402,
         "potential" : 4,
         "rating" : 2
      }, {
         "effective" : "2014-08-24T00:00:00-07:00",
         "perfId" : 41403,
         "potential" : 3,
         "rating" : 3
      }, {
         "effective" : "2015-04-22T00:00:00-07:00",
         "perfId" : 41404,
         "potential" : 2,
         "rating" : 3
      }, {
         "effective" : "2009-04-24T00:00:00-07:00",
         "perfId" : 41398,
         "potential" : 4,
         "rating" : 4
      }, {
         "effective" : "2010-01-01T00:00:00-08:00",
         "perfId" : 41399,
         "potential" : 4,
         "rating" : 4
      } ],
      "skills" : [ {
         "empskillassignId" : 80302,
         "empskillassignRating" : 3,
         "skill" : {
            "skill" : "Excel",
            "skillId" : 3
         }
      }, {
         "empskillassignId" : 80303,
         "empskillassignRating" : 5,
         "skill" : {
            "skill" : "Procurement",
            "skillId" : 21
         }
      }, {
         "empskillassignId" : 80304,
         "empskillassignRating" : 1,
         "skill" : {
            "skill" : "Human Resources",
            "skillId" : 18
         }
      }, {
         "empskillassignId" : 80305,
         "empskillassignRating" : 2,
         "skill" : {
            "skill" : "Staffing",
            "skillId" : 24
         }
      }, {
         "empskillassignId" : 80306,
         "empskillassignRating" : 4,
         "skill" : {
            "skill" : "Risk Analysis",
            "skillId" : 12
         }
      }, {
         "empskillassignId" : 80307,
         "empskillassignRating" : 1,
         "skill" : {
            "skill" : "Estimation",
            "skillId" : 23
         }
      }, {
         "empskillassignId" : 80308,
         "empskillassignRating" : 3,
         "skill" : {
            "skill" : "Javascript",
            "skillId" : 6
         }
      }, {
         "empskillassignId" : 80309,
         "empskillassignRating" : 4,
         "skill" : {
            "skill" : "CRM",
            "skillId" : 16
         }
      }, {
         "empskillassignId" : 80310,
         "empskillassignRating" : 2,
         "skill" : {
            "skill" : "Acquistions",
            "skillId" : 10
         }
      }, {
         "empskillassignId" : 80299,
         "empskillassignRating" : 3,
         "skill" : {
            "skill" : "Java",
            "skillId" : 7
         }
      }, {
         "empskillassignId" : 80300,
         "empskillassignRating" : 5,
         "skill" : {
            "skill" : "Strategy",
            "skillId" : 22
         }
      }, {
         "empskillassignId" : 80301,
         "empskillassignRating" : 2,
         "skill" : {
            "skill" : "Bookeeping",
            "skillDescription" : "Bookeeping",
            "skillId" : 1
         }
      } ],
      "events" : [ {
         "color" : "#309fdb",
         "description" : "AAA Inc",
         "end" : "2009-07-19T00:00:00-07:00",
         "eventId" : 146153,
         "name" : "Customer Meeting",
         "start" : "2009-07-16T00:00:00-07:00",
         "type" : "1"
      }, {
         "color" : "#ed813e",
         "description" : "Feedback Session",
         "end" : "2009-04-09T00:00:00-07:00",
         "eventId" : 146154,
         "name" : "Event",
         "start" : "2009-04-08T00:00:00-07:00",
         "type" : "2"
      }, {
         "color" : "#309fdb",
         "description" : "Foo Ltd",
         "end" : "2009-08-01T00:00:00-07:00",
         "eventId" : 146155,
         "name" : "Customer Meeting",
         "start" : "2009-07-27T00:00:00-07:00",
         "type" : "1"
      }, {
         "color" : "#ed813e",
         "description" : "Feedback Session",
         "end" : "2010-12-08T00:00:00-08:00",
         "eventId" : 146156,
         "name" : "Event",
         "start" : "2010-12-03T00:00:00-08:00",
         "type" : "2"
      }, {
         "color" : "#ed813e",
         "description" : "Development Convention",
         "end" : "2010-05-26T00:00:00-07:00",
         "eventId" : 146157,
         "name" : "Event",
         "start" : "2010-05-25T00:00:00-07:00",
         "type" : "2"
      }, {
         "color" : "#81bb5f",
         "description" : "Sick",
         "end" : "2010-07-05T00:00:00-07:00",
         "eventId" : 146158,
         "name" : "Time Off",
         "start" : "2010-07-03T00:00:00-07:00",
         "type" : "4"
      }, {
         "color" : "#fbce4a",
         "description" : "Mgr Essentials",
         "end" : "2011-12-22T00:00:00-08:00",
         "eventId" : 146159,
         "name" : "Training",
         "start" : "2011-12-18T00:00:00-08:00",
         "type" : "3"
      }, {
         "color" : "#309fdb",
         "description" : "DEF Inc",
         "end" : "2011-11-14T00:00:00-08:00",
         "eventId" : 146160,
         "name" : "Customer Meeting",
         "start" : "2011-11-11T00:00:00-08:00",
         "type" : "1"
      }, {
         "color" : "#fbce4a",
         "description" : "Ethics",
         "end" : "2012-11-06T00:00:00-08:00",
         "eventId" : 146161,
         "name" : "Training",
         "start" : "2012-11-02T00:00:00-07:00",
         "type" : "3"
      }, {
         "color" : "#fbce4a",
         "description" : "Sales",
         "end" : "2012-10-11T00:00:00-07:00",
         "eventId" : 146162,
         "name" : "Training",
         "start" : "2012-10-06T00:00:00-07:00",
         "type" : "3"
      }, {
         "color" : "#81bb5f",
         "description" : "Sick",
         "end" : "2012-01-15T00:00:00-08:00",
         "eventId" : 146163,
         "name" : "Time Off",
         "start" : "2012-01-13T00:00:00-08:00",
         "type" : "4"
      }, {
         "color" : "#309fdb",
         "description" : "Acme Ent",
         "end" : "2012-06-10T00:00:00-07:00",
         "eventId" : 146164,
         "name" : "Customer Meeting",
         "start" : "2012-06-06T00:00:00-07:00",
         "type" : "1"
      }, {
         "color" : "#309fdb",
         "description" : "XYZ Systems",
         "end" : "2013-10-09T00:00:00-07:00",
         "eventId" : 146165,
         "name" : "Customer Meeting",
         "start" : "2013-10-08T00:00:00-07:00",
         "type" : "1"
      }, {
         "color" : "#81bb5f",
         "description" : "Vacation",
         "end" : "2013-09-17T00:00:00-07:00",
         "eventId" : 146166,
         "name" : "Time Off",
         "start" : "2013-09-13T00:00:00-07:00",
         "type" : "4"
      }, {
         "color" : "#fbce4a",
         "description" : "Sexual Harrassment",
         "end" : "2013-03-11T00:00:00-07:00",
         "eventId" : 146167,
         "name" : "Training",
         "start" : "2013-03-10T00:00:00-08:00",
         "type" : "3"
      }, {
         "color" : "#ed813e",
         "description" : "StockHolder's Meeting",
         "end" : "2013-08-25T00:00:00-07:00",
         "eventId" : 146168,
         "name" : "Event",
         "start" : "2013-08-22T00:00:00-07:00",
         "type" : "2"
      }, {
         "color" : "#309fdb",
         "description" : "AAA Inc",
         "end" : "2014-01-13T00:00:00-08:00",
         "eventId" : 146169,
         "name" : "Customer Meeting",
         "start" : "2014-01-12T00:00:00-08:00",
         "type" : "1"
      }, {
         "color" : "#fbce4a",
         "description" : "Sexual Harrassment",
         "end" : "2014-05-17T00:00:00-07:00",
         "eventId" : 146170,
         "name" : "Training",
         "start" : "2014-05-13T00:00:00-07:00",
         "type" : "3"
      }, {
         "color" : "#fbce4a",
         "description" : "Sales",
         "end" : "2014-09-25T00:00:00-07:00",
         "eventId" : 146171,
         "name" : "Training",
         "start" : "2014-09-23T00:00:00-07:00",
         "type" : "3"
      }, {
         "color" : "#fbce4a",
         "description" : "Ethics",
         "end" : "2014-05-29T00:00:00-07:00",
         "eventId" : 146172,
         "name" : "Training",
         "start" : "2014-05-27T00:00:00-07:00",
         "type" : "3"
      }, {
         "color" : "#ed813e",
         "description" : "Development Convention",
         "end" : "2015-05-03T04:00:03-07:00",
         "eventId" : 146173,
         "name" : "Event",
         "start" : "2015-04-29T04:00:03-07:00",
         "type" : "2"
      }, {
         "color" : "#ed813e",
         "description" : "Trade Show",
         "end" : "2015-08-08T04:00:03-07:00",
         "eventId" : 146174,
         "name" : "Event",
         "start" : "2015-08-03T04:00:03-07:00",
         "type" : "2"
      }, {
         "color" : "#fbce4a",
         "description" : "Sales",
         "end" : "2015-05-08T04:00:03-07:00",
         "eventId" : 146175,
         "name" : "Training",
         "start" : "2015-05-03T04:00:03-07:00",
         "type" : "3"
      } ],
      "colleaguePerfs" : [ {
         "effective" : "2015-04-22T00:00:00-07:00",
         "perfId" : 41404,
         "potential" : 2,
         "rating" : 3
      }, {
         "effective" : "2015-05-10T00:00:00-07:00",
         "perfId" : 41588,
         "potential" : 3,
         "rating" : 4
      }, {
         "effective" : "2015-05-15T00:00:00-07:00",
         "perfId" : 41598,
         "potential" : 2,
         "rating" : 4
      }, {
         "effective" : "2015-01-05T00:00:00-08:00",
         "perfId" : 41754,
         "potential" : 5,
         "rating" : 4
      }, {
         "effective" : "2015-04-01T00:00:00-07:00",
         "perfId" : 41804,
         "potential" : 2,
         "rating" : 4
      }, {
         "effective" : "2015-05-07T00:00:00-07:00",
         "perfId" : 42016,
         "potential" : 4,
         "rating" : 2
      } ],
      "reports" : [ ]
   }