{
  "knockout": "libs/knockout/knockout-3.4.0",
  "mapping": "libs/knockout/knockout.mapping-latest",
  "jquery": "libs/jquery/jquery-3.1.1.min",
  "jqueryui-amd": "libs/jquery/jqueryui-amd-1.12.0.min",
  "promise": "libs/es6-promise/es6-promise.min",
  "hammerjs": "libs/hammer/hammer-2.0.8.min",
  "ojdnd": "libs/dnd-polyfill/dnd-polyfill-1.0.0.min",
  "ojs": "libs/oj/v3.0.0/min",
  "ojL10n": "libs/oj/v3.0.0/ojL10n",
  "ojtranslations": "libs/oj/v3.0.0/resources",
  "ojtranslations/nls/ojtranslations": "libs/oj/v3.0.0/resources/root/ojtranslations",
  "ojtranslations/nls/localeElements": "libs/oj/v3.0.0/resources/root/localeElements",
  "ojtranslations/nls/timezoneData": "libs/oj/v3.0.0/resources/root/timezoneData",
  "text": "libs/require/text",
  "signals": "libs/js-signals/signals.min",
  "oraclemapviewer": "libs/oraclemapsv2",
  "oracleelocation": "libs/oracleelocationv3"
}
